"../../../Engine/Content/EditorResources/S_Actor.ubulk" 0
"../../../Engine/Content/EditorResources/S_Actor.uasset" 1
"../../../Engine/Content/EditorResources/S_Actor.uexp" 2
"../../../Engine/Content/EditorResources/S_BoxReflectionCapture.uasset" 3
"../../../Engine/Content/EditorResources/S_BoxReflectionCapture.uexp" 4
"../../../Engine/Content/EngineResources/DefaultTextureCube.uasset" 5
"../../../Engine/Content/EngineResources/DefaultTextureCube.uexp" 6
"../../../Engine/Content/EditorResources/S_Trigger.ubulk" 7
"../../../Engine/Content/EditorResources/S_Trigger.uasset" 8
"../../../Engine/Content/EditorResources/S_Trigger.uexp" 9
"../../../Engine/Content/EditorResources/S_TriggerBox.uasset" 10
"../../../Engine/Content/EditorResources/S_TriggerBox.uexp" 11
"../../../Engine/Content/EditorResources/S_TriggerCapsule.uasset" 12
"../../../Engine/Content/EditorResources/S_TriggerCapsule.uexp" 13
"../../../Engine/Content/EditorResources/S_TriggerSphere.uasset" 14
"../../../Engine/Content/EditorResources/S_TriggerSphere.uexp" 15
"../../../Engine/Content/EngineMeshes/Sphere.ubulk" 16
"../../../Engine/Content/EngineMeshes/Sphere.uasset" 17
"../../../Engine/Content/EngineMeshes/Sphere.uexp" 18
"../../../Engine/Content/EngineResources/GradientTexture0.uasset" 19
"../../../Engine/Content/EngineResources/GradientTexture0.uexp" 20
"../../../Engine/Content/VREditor/LaserPointer/VR_LaserPower_01.ubulk" 21
"../../../Engine/Content/VREditor/LaserPointer/VR_LaserPower_01.uasset" 22
"../../../Engine/Content/VREditor/LaserPointer/VR_LaserPower_01.uexp" 23
"../../../Engine/Content/VREditor/TransformGizmo/TransformGizmoMaterial.uasset" 24
"../../../Engine/Content/VREditor/TransformGizmo/TransformGizmoMaterial.uexp" 25
"../../../Engine/Content/VREditor/TransformGizmo/TranslucentTransformGizmoMaterial.uasset" 26
"../../../Engine/Content/VREditor/TransformGizmo/TranslucentTransformGizmoMaterial.uexp" 27
"../../../Engine/Content/VREditor/TransformGizmo/BoundingBoxCorner.ubulk" 28
"../../../Engine/Content/VREditor/TransformGizmo/BoundingBoxCorner.uasset" 29
"../../../Engine/Content/VREditor/TransformGizmo/BoundingBoxCorner.uexp" 30
"../../../Engine/Content/VREditor/TransformGizmo/BoundingBoxEdge.ubulk" 31
"../../../Engine/Content/VREditor/TransformGizmo/BoundingBoxEdge.uasset" 32
"../../../Engine/Content/VREditor/TransformGizmo/BoundingBoxEdge.uexp" 33
"../../../Engine/Content/VREditor/TransformGizmo/Main.uasset" 34
"../../../Engine/Content/VREditor/TransformGizmo/Main.uexp" 35
"../../../Engine/Content/VREditor/TransformGizmo/Xray.uasset" 36
"../../../Engine/Content/VREditor/TransformGizmo/Xray.uexp" 37
"../../../Engine/Content/VREditor/TransformGizmo/SM_Sequencer_Node.ubulk" 38
"../../../Engine/Content/VREditor/TransformGizmo/SM_Sequencer_Node.uasset" 39
"../../../Engine/Content/VREditor/TransformGizmo/SM_Sequencer_Node.uexp" 40
"../../../Engine/Content/EditorResources/S_Solver.ubulk" 41
"../../../Engine/Content/EditorResources/S_Solver.uasset" 42
"../../../Engine/Content/EditorResources/S_Solver.uexp" 43
"../../../Engine/Content/EditorMaterials/Camera/CineMat.uasset" 44
"../../../Engine/Content/EditorMaterials/Camera/CineMat.uexp" 45
"../../../Engine/Content/EditorMaterials/Camera/MI_CineMat_Rig.uasset" 46
"../../../Engine/Content/EditorMaterials/Camera/MI_CineMat_Rig.uexp" 47
"../../../Engine/Content/EditorMeshes/Camera/SM_CraneRig_Base.ubulk" 48
"../../../Engine/Content/EditorMeshes/Camera/SM_CraneRig_Base.uasset" 49
"../../../Engine/Content/EditorMeshes/Camera/SM_CraneRig_Base.uexp" 50
"../../../Engine/Content/EditorMeshes/Camera/SM_CraneRig_Arm.ubulk" 51
"../../../Engine/Content/EditorMeshes/Camera/SM_CraneRig_Arm.uasset" 52
"../../../Engine/Content/EditorMeshes/Camera/SM_CraneRig_Arm.uexp" 53
"../../../Engine/Content/EditorMeshes/Camera/SM_CraneRig_Mount.ubulk" 54
"../../../Engine/Content/EditorMeshes/Camera/SM_CraneRig_Mount.uasset" 55
"../../../Engine/Content/EditorMeshes/Camera/SM_CraneRig_Mount.uexp" 56
"../../../Engine/Content/EditorMeshes/Camera/SM_CraneRig_Body.ubulk" 57
"../../../Engine/Content/EditorMeshes/Camera/SM_CraneRig_Body.uasset" 58
"../../../Engine/Content/EditorMeshes/Camera/SM_CraneRig_Body.uexp" 59
"../../../Engine/Content/EditorMeshes/Camera/SM_RailRig_Track.ubulk" 60
"../../../Engine/Content/EditorMeshes/Camera/SM_RailRig_Track.uasset" 61
"../../../Engine/Content/EditorMeshes/Camera/SM_RailRig_Track.uexp" 62
"../../../Engine/Content/EditorMeshes/Camera/SM_RailRig_Mount.ubulk" 63
"../../../Engine/Content/EditorMeshes/Camera/SM_RailRig_Mount.uasset" 64
"../../../Engine/Content/EditorMeshes/Camera/SM_RailRig_Mount.uexp" 65
"../../../Engine/Content/EngineMaterials/T_Default_Material_Grid_M.ubulk" 66
"../../../Engine/Content/EngineMaterials/T_Default_Material_Grid_M.uasset" 67
"../../../Engine/Content/EngineMaterials/T_Default_Material_Grid_M.uexp" 68
"../../../Engine/Content/EngineMaterials/T_Default_Material_Grid_N.ubulk" 69
"../../../Engine/Content/EngineMaterials/T_Default_Material_Grid_N.uasset" 70
"../../../Engine/Content/EngineMaterials/T_Default_Material_Grid_N.uexp" 71
"../../../Engine/Content/Functions/Engine_MaterialFunctions01/Opacity/CameraDepthFade.uasset" 72
"../../../Engine/Content/Functions/Engine_MaterialFunctions01/Opacity/CameraDepthFade.uexp" 73
"../../../Engine/Content/EngineMaterials/WorldGridMaterial.uasset" 74
"../../../Engine/Content/EngineMaterials/WorldGridMaterial.uexp" 75
"../../../Engine/Content/ArtTools/RenderToTexture/Meshes/S_1_Unit_Plane.ubulk" 76
"../../../Engine/Content/ArtTools/RenderToTexture/Meshes/S_1_Unit_Plane.uasset" 77
"../../../Engine/Content/ArtTools/RenderToTexture/Meshes/S_1_Unit_Plane.uexp" 78
"../../../Engine/Content/EditorMaterials/ParticleSystems/PSysThumbnail_NoImage.ubulk" 79
"../../../Engine/Content/EditorMaterials/ParticleSystems/PSysThumbnail_NoImage.uasset" 80
"../../../Engine/Content/EditorMaterials/ParticleSystems/PSysThumbnail_NoImage.uexp" 81
"../../../Engine/Content/EditorMaterials/ParticleSystems/PSysThumbnail_OOD.ubulk" 82
"../../../Engine/Content/EditorMaterials/ParticleSystems/PSysThumbnail_OOD.uasset" 83
"../../../Engine/Content/EditorMaterials/ParticleSystems/PSysThumbnail_OOD.uexp" 84
"../../../Engine/Content/EditorLandscapeResources/SplineEditorMeshMat.uasset" 85
"../../../Engine/Content/EditorLandscapeResources/SplineEditorMeshMat.uexp" 86
"../../../Engine/Content/EditorLandscapeResources/SplineEditorMesh.ubulk" 87
"../../../Engine/Content/EditorLandscapeResources/SplineEditorMesh.uasset" 88
"../../../Engine/Content/EditorLandscapeResources/SplineEditorMesh.uexp" 89
"../../../Engine/Plugins/Experimental/Water/Content/Icons/WaterBodyExclusionVolumeSprite.uasset" 90
"../../../Engine/Plugins/Experimental/Water/Content/Icons/WaterBodyExclusionVolumeSprite.uexp" 91
"../../../Engine/Plugins/Experimental/Water/Content/Icons/WaterBodyIslandSprite.uasset" 92
"../../../Engine/Plugins/Experimental/Water/Content/Icons/WaterBodyIslandSprite.uexp" 93
"../../../Engine/Plugins/Experimental/Water/Content/Icons/WaterZoneActorSprite.ubulk" 94
"../../../Engine/Plugins/Experimental/Water/Content/Icons/WaterZoneActorSprite.uasset" 95
"../../../Engine/Plugins/Experimental/Water/Content/Icons/WaterZoneActorSprite.uexp" 96
"../../../Engine/Content/EditorLandscapeResources/DefaultAlphaTexture.uasset" 97
"../../../Engine/Content/EditorLandscapeResources/DefaultAlphaTexture.uexp" 98
"../../../Engine/Plugins/Media/MediaPlate/Content/SM_MediaPlateScreen.ubulk" 99
"../../../Engine/Plugins/Media/MediaPlate/Content/SM_MediaPlateScreen.uasset" 100
"../../../Engine/Plugins/Media/MediaPlate/Content/SM_MediaPlateScreen.uexp" 101
"../../../Engine/Content/EditorMaterials/AssetViewer/EpicQuadPanorama_CC+EV1.uasset" 102
"../../../Engine/Content/EditorMaterials/AssetViewer/EpicQuadPanorama_CC+EV1.uexp" 103
"../../../Engine/Plugins/Experimental/Landmass/Content/Landscape/Meshes/S_SpritePlane.ubulk" 104
"../../../Engine/Plugins/Experimental/Landmass/Content/Landscape/Meshes/S_SpritePlane.uasset" 105
"../../../Engine/Plugins/Experimental/Landmass/Content/Landscape/Meshes/S_SpritePlane.uexp" 106
"../../../Engine/Content/EngineMaterials/DefaultBokeh.uasset" 107
"../../../Engine/Content/EngineMaterials/DefaultBokeh.uexp" 108
"../../../Engine/Content/EngineMaterials/MiniFont.uasset" 109
"../../../Engine/Content/EngineMaterials/MiniFont.uexp" 110
"../../../Engine/Content/EngineMaterials/DefaultWhiteGrid.ubulk" 111
"../../../Engine/Content/EngineMaterials/DefaultWhiteGrid.uasset" 112
"../../../Engine/Content/EngineMaterials/DefaultWhiteGrid.uexp" 113
"../../../Engine/Content/EngineMaterials/PreintegratedSkinBRDF.uasset" 114
"../../../Engine/Content/EngineMaterials/PreintegratedSkinBRDF.uexp" 115
"C:/Users/hanna/Documents/SCHOOL_FILES/Spring 2025/Bachelor/Unreal_Engine_Backups/May 08/Witch_Game/Content/Materials/M_green.uasset" 116
"C:/Users/hanna/Documents/SCHOOL_FILES/Spring 2025/Bachelor/Unreal_Engine_Backups/May 08/Witch_Game/Content/Materials/M_green.uexp" 117
"../../../Engine/Content/Functions/Engine_MaterialFunctions02/WorldPositionOffset/CameraOffset.uasset" 118
"../../../Engine/Content/Functions/Engine_MaterialFunctions02/WorldPositionOffset/CameraOffset.uexp" 119
"../../../Engine/Plugins/Animation/ControlRig/Content/M_Manip.uasset" 120
"../../../Engine/Plugins/Animation/ControlRig/Content/M_Manip.uexp" 121
"../../../Engine/Plugins/2D/Paper2D/Content/PlaceholderTextures/DummySpriteTexture.ubulk" 122
"../../../Engine/Plugins/2D/Paper2D/Content/PlaceholderTextures/DummySpriteTexture.uasset" 123
"../../../Engine/Plugins/2D/Paper2D/Content/PlaceholderTextures/DummySpriteTexture.uexp" 124
"../../../Engine/Plugins/2D/Paper2D/Content/DefaultSpriteMaterial.uasset" 125
"../../../Engine/Plugins/2D/Paper2D/Content/DefaultSpriteMaterial.uexp" 126
"../../../Engine/Plugins/2D/Paper2D/Content/OpaqueUnlitSpriteMaterial.uasset" 127
"../../../Engine/Plugins/2D/Paper2D/Content/OpaqueUnlitSpriteMaterial.uexp" 128
"../../../Engine/Plugins/2D/Paper2D/Content/MaskedUnlitSpriteMaterial.uasset" 129
"../../../Engine/Plugins/2D/Paper2D/Content/MaskedUnlitSpriteMaterial.uexp" 130
"../../../Engine/Plugins/2D/Paper2D/Content/DummySprite.uasset" 131
"../../../Engine/Plugins/2D/Paper2D/Content/DummySprite.uexp" 132
"../../../Engine/Plugins/2D/Paper2D/Content/DefaultPaperTerrainMaterial.uasset" 133
"../../../Engine/Plugins/2D/Paper2D/Content/DefaultPaperTerrainMaterial.uexp" 134
"C:/Users/hanna/Documents/SCHOOL_FILES/Spring 2025/Bachelor/Unreal_Engine_Backups/May 08/Witch_Game/Content/Widgets/WBP_Task.uasset" 135
"C:/Users/hanna/Documents/SCHOOL_FILES/Spring 2025/Bachelor/Unreal_Engine_Backups/May 08/Witch_Game/Content/Widgets/WBP_Task.uexp" 136
"C:/Users/hanna/Documents/SCHOOL_FILES/Spring 2025/Bachelor/Unreal_Engine_Backups/May 08/Witch_Game/Content/Save_Game/BPI_Saveable.uasset" 137
"C:/Users/hanna/Documents/SCHOOL_FILES/Spring 2025/Bachelor/Unreal_Engine_Backups/May 08/Witch_Game/Content/Save_Game/BPI_Saveable.uexp" 138
"../../../Engine/Content/EditorBlueprintResources/StandardMacros.uasset" 139
"../../../Engine/Content/EditorBlueprintResources/StandardMacros.uexp" 140
"C:/Users/hanna/Documents/SCHOOL_FILES/Spring 2025/Bachelor/Unreal_Engine_Backups/May 08/Witch_Game/Content/Save_Game/BP_SaveGame.uasset" 141
"C:/Users/hanna/Documents/SCHOOL_FILES/Spring 2025/Bachelor/Unreal_Engine_Backups/May 08/Witch_Game/Content/Save_Game/BP_SaveGame.uexp" 142
"C:/Users/hanna/Documents/SCHOOL_FILES/Spring 2025/Bachelor/Unreal_Engine_Backups/May 08/Witch_Game/Content/Save_Game/BPI_Persistance.uasset" 143
"C:/Users/hanna/Documents/SCHOOL_FILES/Spring 2025/Bachelor/Unreal_Engine_Backups/May 08/Witch_Game/Content/Save_Game/BPI_Persistance.uexp" 144
"C:/Users/hanna/Documents/SCHOOL_FILES/Spring 2025/Bachelor/Unreal_Engine_Backups/May 08/Witch_Game/Content/Save_Game/BP_GameInstance.uasset" 145
"C:/Users/hanna/Documents/SCHOOL_FILES/Spring 2025/Bachelor/Unreal_Engine_Backups/May 08/Witch_Game/Content/Save_Game/BP_GameInstance.uexp" 146
"C:/Users/hanna/Documents/SCHOOL_FILES/Spring 2025/Bachelor/Unreal_Engine_Backups/May 08/Witch_Game/Content/MainMenu/Svartbok/Svartbok_Texture_LowPoly_M_Svartbok_OcclusionRoughnessMetallic.ubulk" 147
"C:/Users/hanna/Documents/SCHOOL_FILES/Spring 2025/Bachelor/Unreal_Engine_Backups/May 08/Witch_Game/Content/MainMenu/Svartbok/Svartbok_Texture_LowPoly_M_Svartbok_OcclusionRoughnessMetallic.uasset" 148
"C:/Users/hanna/Documents/SCHOOL_FILES/Spring 2025/Bachelor/Unreal_Engine_Backups/May 08/Witch_Game/Content/MainMenu/Svartbok/Svartbok_Texture_LowPoly_M_Svartbok_OcclusionRoughnessMetallic.uexp" 149
"C:/Users/hanna/Documents/SCHOOL_FILES/Spring 2025/Bachelor/Unreal_Engine_Backups/May 08/Witch_Game/Content/MainMenu/Svartbok/Svartbok_Continue_Basecolor.ubulk" 150
"C:/Users/hanna/Documents/SCHOOL_FILES/Spring 2025/Bachelor/Unreal_Engine_Backups/May 08/Witch_Game/Content/MainMenu/Svartbok/Svartbok_Continue_Basecolor.uasset" 151
"C:/Users/hanna/Documents/SCHOOL_FILES/Spring 2025/Bachelor/Unreal_Engine_Backups/May 08/Witch_Game/Content/MainMenu/Svartbok/Svartbok_Continue_Basecolor.uexp" 152
"C:/Users/hanna/Documents/SCHOOL_FILES/Spring 2025/Bachelor/Unreal_Engine_Backups/May 08/Witch_Game/Content/MainMenu/Svartbok/Svartbok_Texture_LowPoly_M_Svartbok_Normal.ubulk" 153
"C:/Users/hanna/Documents/SCHOOL_FILES/Spring 2025/Bachelor/Unreal_Engine_Backups/May 08/Witch_Game/Content/MainMenu/Svartbok/Svartbok_Texture_LowPoly_M_Svartbok_Normal.uasset" 154
"C:/Users/hanna/Documents/SCHOOL_FILES/Spring 2025/Bachelor/Unreal_Engine_Backups/May 08/Witch_Game/Content/MainMenu/Svartbok/Svartbok_Texture_LowPoly_M_Svartbok_Normal.uexp" 155
"C:/Users/hanna/Documents/SCHOOL_FILES/Spring 2025/Bachelor/Unreal_Engine_Backups/May 08/Witch_Game/Content/MainMenu/Svartbok/M_Svartebok_Continue.uasset" 156
"C:/Users/hanna/Documents/SCHOOL_FILES/Spring 2025/Bachelor/Unreal_Engine_Backups/May 08/Witch_Game/Content/MainMenu/Svartbok/M_Svartebok_Continue.uexp" 157
"C:/Users/hanna/Documents/SCHOOL_FILES/Spring 2025/Bachelor/Unreal_Engine_Backups/May 08/Witch_Game/Content/Fonts/Honey_Blooms_Demo.uexp" 158
"C:/Users/hanna/Documents/SCHOOL_FILES/Spring 2025/Bachelor/Unreal_Engine_Backups/May 08/Witch_Game/Content/Fonts/Honey_Blooms_Demo.uasset" 159
"C:/Users/hanna/Documents/SCHOOL_FILES/Spring 2025/Bachelor/Unreal_Engine_Backups/May 08/Witch_Game/Content/Fonts/Honey_Blooms_Demo.ufont" 160
"C:/Users/hanna/Documents/SCHOOL_FILES/Spring 2025/Bachelor/Unreal_Engine_Backups/May 08/Witch_Game/Content/Fonts/Honey_Blooms_Demo_Font.uasset" 161
"C:/Users/hanna/Documents/SCHOOL_FILES/Spring 2025/Bachelor/Unreal_Engine_Backups/May 08/Witch_Game/Content/Fonts/Honey_Blooms_Demo_Font.uexp" 162
"C:/Users/hanna/Documents/SCHOOL_FILES/Spring 2025/Bachelor/Unreal_Engine_Backups/May 08/Witch_Game/Content/MainMenu/MainMenu_TextureRenderTarget2D.uasset" 163
"C:/Users/hanna/Documents/SCHOOL_FILES/Spring 2025/Bachelor/Unreal_Engine_Backups/May 08/Witch_Game/Content/MainMenu/MainMenu_TextureRenderTarget2D.uexp" 164
"C:/Users/hanna/Documents/SCHOOL_FILES/Spring 2025/Bachelor/Unreal_Engine_Backups/May 08/Witch_Game/Content/Movie_Files/MP_Intro_Video.uasset" 165
"C:/Users/hanna/Documents/SCHOOL_FILES/Spring 2025/Bachelor/Unreal_Engine_Backups/May 08/Witch_Game/Content/Movie_Files/MP_Intro_Video.uexp" 166
"../../../Engine/Plugins/Animation/ACLPlugin/Content/ACLAnimBoneCompressionSettings.uasset" 167
"../../../Engine/Plugins/Animation/ACLPlugin/Content/ACLAnimBoneCompressionSettings.uexp" 168
"../../../Engine/Content/Animation/DefaultVariableFrameStrippingSettings.uasset" 169
"../../../Engine/Content/Animation/DefaultVariableFrameStrippingSettings.uexp" 170
"C:/Users/hanna/Documents/SCHOOL_FILES/Spring 2025/Bachelor/Unreal_Engine_Backups/May 08/Witch_Game/Content/MainMenu/Svartbok/Svartbok_Skeleton.uasset" 171
"C:/Users/hanna/Documents/SCHOOL_FILES/Spring 2025/Bachelor/Unreal_Engine_Backups/May 08/Witch_Game/Content/MainMenu/Svartbok/Svartbok_Skeleton.uexp" 172
"../../../Engine/Plugins/Animation/ACLPlugin/Content/ACLAnimCurveCompressionSettings.uasset" 173
"../../../Engine/Plugins/Animation/ACLPlugin/Content/ACLAnimCurveCompressionSettings.uexp" 174
"C:/Users/hanna/Documents/SCHOOL_FILES/Spring 2025/Bachelor/Unreal_Engine_Backups/May 08/Witch_Game/Content/MainMenu/Svartbok/Svartbok_Open.uasset" 175
"C:/Users/hanna/Documents/SCHOOL_FILES/Spring 2025/Bachelor/Unreal_Engine_Backups/May 08/Witch_Game/Content/MainMenu/Svartbok/Svartbok_Open.uexp" 176
"C:/Users/hanna/Documents/SCHOOL_FILES/Spring 2025/Bachelor/Unreal_Engine_Backups/May 08/Witch_Game/Content/MainMenu/Svartbok/Svartbok_Texture_LowPoly_M_Svartbok_BaseColor.ubulk" 177
"C:/Users/hanna/Documents/SCHOOL_FILES/Spring 2025/Bachelor/Unreal_Engine_Backups/May 08/Witch_Game/Content/MainMenu/Svartbok/Svartbok_Texture_LowPoly_M_Svartbok_BaseColor.uasset" 178
"C:/Users/hanna/Documents/SCHOOL_FILES/Spring 2025/Bachelor/Unreal_Engine_Backups/May 08/Witch_Game/Content/MainMenu/Svartbok/Svartbok_Texture_LowPoly_M_Svartbok_BaseColor.uexp" 179
"C:/Users/hanna/Documents/SCHOOL_FILES/Spring 2025/Bachelor/Unreal_Engine_Backups/May 08/Witch_Game/Content/MainMenu/Svartbok/M_Svartebok.uasset" 180
"C:/Users/hanna/Documents/SCHOOL_FILES/Spring 2025/Bachelor/Unreal_Engine_Backups/May 08/Witch_Game/Content/MainMenu/Svartbok/M_Svartebok.uexp" 181
"C:/Users/hanna/Documents/SCHOOL_FILES/Spring 2025/Bachelor/Unreal_Engine_Backups/May 08/Witch_Game/Content/MainMenu/Svartbok/Svartbok_PhysicsAsset.uasset" 182
"C:/Users/hanna/Documents/SCHOOL_FILES/Spring 2025/Bachelor/Unreal_Engine_Backups/May 08/Witch_Game/Content/MainMenu/Svartbok/Svartbok_PhysicsAsset.uexp" 183
"C:/Users/hanna/Documents/SCHOOL_FILES/Spring 2025/Bachelor/Unreal_Engine_Backups/May 08/Witch_Game/Content/MainMenu/Svartbok/Svartbok.uasset" 184
"C:/Users/hanna/Documents/SCHOOL_FILES/Spring 2025/Bachelor/Unreal_Engine_Backups/May 08/Witch_Game/Content/MainMenu/Svartbok/Svartbok.uexp" 185
"C:/Users/hanna/Documents/SCHOOL_FILES/Spring 2025/Bachelor/Unreal_Engine_Backups/May 08/Witch_Game/Content/MainMenu/BP_MainMenu.uasset" 186
"C:/Users/hanna/Documents/SCHOOL_FILES/Spring 2025/Bachelor/Unreal_Engine_Backups/May 08/Witch_Game/Content/MainMenu/BP_MainMenu.uexp" 187
"C:/Users/hanna/Documents/SCHOOL_FILES/Spring 2025/Bachelor/Unreal_Engine_Backups/May 08/Witch_Game/Content/2D_Assets/TX_Arrows.uasset" 188
"C:/Users/hanna/Documents/SCHOOL_FILES/Spring 2025/Bachelor/Unreal_Engine_Backups/May 08/Witch_Game/Content/2D_Assets/TX_Arrows.uexp" 189
"../../../Engine/Content/VREditor/Sounds/UI/Gizmo_Handle_Clicked.ubulk" 190
"../../../Engine/Content/VREditor/Sounds/UI/Gizmo_Handle_Clicked.uasset" 191
"../../../Engine/Content/VREditor/Sounds/UI/Gizmo_Handle_Clicked.uexp" 192
"C:/Users/hanna/Documents/SCHOOL_FILES/Spring 2025/Bachelor/Unreal_Engine_Backups/May 08/Witch_Game/Content/Fonts/RoyalWedding-Regular.uexp" 193
"C:/Users/hanna/Documents/SCHOOL_FILES/Spring 2025/Bachelor/Unreal_Engine_Backups/May 08/Witch_Game/Content/Fonts/RoyalWedding-Regular.uasset" 194
"C:/Users/hanna/Documents/SCHOOL_FILES/Spring 2025/Bachelor/Unreal_Engine_Backups/May 08/Witch_Game/Content/Fonts/RoyalWedding-Regular.ufont" 195
"C:/Users/hanna/Documents/SCHOOL_FILES/Spring 2025/Bachelor/Unreal_Engine_Backups/May 08/Witch_Game/Content/Fonts/RoyalWedding-Regular_Font.uasset" 196
"C:/Users/hanna/Documents/SCHOOL_FILES/Spring 2025/Bachelor/Unreal_Engine_Backups/May 08/Witch_Game/Content/Fonts/RoyalWedding-Regular_Font.uexp" 197
"C:/Users/hanna/Documents/SCHOOL_FILES/Spring 2025/Bachelor/Unreal_Engine_Backups/May 08/Witch_Game/Content/Widgets/WBP_Settings.uasset" 198
"C:/Users/hanna/Documents/SCHOOL_FILES/Spring 2025/Bachelor/Unreal_Engine_Backups/May 08/Witch_Game/Content/Widgets/WBP_Settings.uexp" 199
"C:/Users/hanna/Documents/SCHOOL_FILES/Spring 2025/Bachelor/Unreal_Engine_Backups/May 08/Witch_Game/Content/Movies/Intro_Video.uasset" 200
"C:/Users/hanna/Documents/SCHOOL_FILES/Spring 2025/Bachelor/Unreal_Engine_Backups/May 08/Witch_Game/Content/Movies/Intro_Video.uexp" 201
"C:/Users/hanna/Documents/SCHOOL_FILES/Spring 2025/Bachelor/Unreal_Engine_Backups/May 08/Witch_Game/Content/Movie_Files/MP_Intro_Video_Video.uasset" 202
"C:/Users/hanna/Documents/SCHOOL_FILES/Spring 2025/Bachelor/Unreal_Engine_Backups/May 08/Witch_Game/Content/Movie_Files/MP_Intro_Video_Video.uexp" 203
"C:/Users/hanna/Documents/SCHOOL_FILES/Spring 2025/Bachelor/Unreal_Engine_Backups/May 08/Witch_Game/Content/Movie_Files/M_Intro_Video.uasset" 204
"C:/Users/hanna/Documents/SCHOOL_FILES/Spring 2025/Bachelor/Unreal_Engine_Backups/May 08/Witch_Game/Content/Movie_Files/M_Intro_Video.uexp" 205
"C:/Users/hanna/Documents/SCHOOL_FILES/Spring 2025/Bachelor/Unreal_Engine_Backups/May 08/Witch_Game/Content/Audio/SE_Tense_BackroundMusic.ubulk" 206
"C:/Users/hanna/Documents/SCHOOL_FILES/Spring 2025/Bachelor/Unreal_Engine_Backups/May 08/Witch_Game/Content/Audio/SE_Tense_BackroundMusic.uasset" 207
"C:/Users/hanna/Documents/SCHOOL_FILES/Spring 2025/Bachelor/Unreal_Engine_Backups/May 08/Witch_Game/Content/Audio/SE_Tense_BackroundMusic.uexp" 208
"C:/Users/hanna/Documents/SCHOOL_FILES/Spring 2025/Bachelor/Unreal_Engine_Backups/May 08/Witch_Game/Content/Audio/SE_DimensionX_Music_Loop.ubulk" 209
"C:/Users/hanna/Documents/SCHOOL_FILES/Spring 2025/Bachelor/Unreal_Engine_Backups/May 08/Witch_Game/Content/Audio/SE_DimensionX_Music_Loop.uasset" 210
"C:/Users/hanna/Documents/SCHOOL_FILES/Spring 2025/Bachelor/Unreal_Engine_Backups/May 08/Witch_Game/Content/Audio/SE_DimensionX_Music_Loop.uexp" 211
"../../../Engine/Content/EngineMaterials/DefaultMaterial.uasset" 212
"../../../Engine/Content/EngineMaterials/DefaultMaterial.uexp" 213
"../../../Engine/Content/BasicShapes/Sphere.ubulk" 214
"../../../Engine/Content/BasicShapes/Sphere.uasset" 215
"../../../Engine/Content/BasicShapes/Sphere.uexp" 216
"../../../Engine/Content/BasicShapes/Plane.ubulk" 217
"../../../Engine/Content/BasicShapes/Plane.uasset" 218
"../../../Engine/Content/BasicShapes/Plane.uexp" 219
"C:/Users/hanna/Documents/SCHOOL_FILES/Spring 2025/Bachelor/Unreal_Engine_Backups/May 08/Witch_Game/Content/Daughter/Body/Suzanna_with_Clothes_RIG_Skeleton.uasset" 220
"C:/Users/hanna/Documents/SCHOOL_FILES/Spring 2025/Bachelor/Unreal_Engine_Backups/May 08/Witch_Game/Content/Daughter/Body/Suzanna_with_Clothes_RIG_Skeleton.uexp" 221
"C:/Users/hanna/Documents/SCHOOL_FILES/Spring 2025/Bachelor/Unreal_Engine_Backups/May 08/Witch_Game/Content/Daughter/Animations/Anim_Suzanna_Sleeping.uasset" 222
"C:/Users/hanna/Documents/SCHOOL_FILES/Spring 2025/Bachelor/Unreal_Engine_Backups/May 08/Witch_Game/Content/Daughter/Animations/Anim_Suzanna_Sleeping.uexp" 223
"C:/Users/hanna/Documents/SCHOOL_FILES/Spring 2025/Bachelor/Unreal_Engine_Backups/May 08/Witch_Game/Content/Daughter/Animations/Anim_Suzanna_TableIdle.uasset" 224
"C:/Users/hanna/Documents/SCHOOL_FILES/Spring 2025/Bachelor/Unreal_Engine_Backups/May 08/Witch_Game/Content/Daughter/Animations/Anim_Suzanna_TableIdle.uexp" 225
"C:/Users/hanna/Documents/SCHOOL_FILES/Spring 2025/Bachelor/Unreal_Engine_Backups/May 08/Witch_Game/Content/Daughter/Animations/Anim_Suzanna_Coughing.uasset" 226
"C:/Users/hanna/Documents/SCHOOL_FILES/Spring 2025/Bachelor/Unreal_Engine_Backups/May 08/Witch_Game/Content/Daughter/Animations/Anim_Suzanna_Coughing.uexp" 227
"C:/Users/hanna/Documents/SCHOOL_FILES/Spring 2025/Bachelor/Unreal_Engine_Backups/May 08/Witch_Game/Content/Daughter/Animations/Anim_Suzanna_Wakeup_2.uasset" 228
"C:/Users/hanna/Documents/SCHOOL_FILES/Spring 2025/Bachelor/Unreal_Engine_Backups/May 08/Witch_Game/Content/Daughter/Animations/Anim_Suzanna_Wakeup_2.uexp" 229
"C:/Users/hanna/Documents/SCHOOL_FILES/Spring 2025/Bachelor/Unreal_Engine_Backups/May 08/Witch_Game/Content/Materials/M_Invisible.uasset" 230
"C:/Users/hanna/Documents/SCHOOL_FILES/Spring 2025/Bachelor/Unreal_Engine_Backups/May 08/Witch_Game/Content/Materials/M_Invisible.uexp" 231
"C:/Users/hanna/Documents/SCHOOL_FILES/Spring 2025/Bachelor/Unreal_Engine_Backups/May 08/Witch_Game/Content/Audio/SE_SuzannaSnore.ubulk" 232
"C:/Users/hanna/Documents/SCHOOL_FILES/Spring 2025/Bachelor/Unreal_Engine_Backups/May 08/Witch_Game/Content/Audio/SE_SuzannaSnore.uasset" 233
"C:/Users/hanna/Documents/SCHOOL_FILES/Spring 2025/Bachelor/Unreal_Engine_Backups/May 08/Witch_Game/Content/Audio/SE_SuzannaSnore.uexp" 234
"C:/Users/hanna/Documents/SCHOOL_FILES/Spring 2025/Bachelor/Unreal_Engine_Backups/May 08/Witch_Game/Content/2D_Assets/TX_Dialogue_BOTTOM_DImensionX.uasset" 235
"C:/Users/hanna/Documents/SCHOOL_FILES/Spring 2025/Bachelor/Unreal_Engine_Backups/May 08/Witch_Game/Content/2D_Assets/TX_Dialogue_BOTTOM_DImensionX.uexp" 236
"C:/Users/hanna/Documents/SCHOOL_FILES/Spring 2025/Bachelor/Unreal_Engine_Backups/May 08/Witch_Game/Content/2D_Assets/TX_Dialogue_TOP_Home.uasset" 237
"C:/Users/hanna/Documents/SCHOOL_FILES/Spring 2025/Bachelor/Unreal_Engine_Backups/May 08/Witch_Game/Content/2D_Assets/TX_Dialogue_TOP_Home.uexp" 238
"C:/Users/hanna/Documents/SCHOOL_FILES/Spring 2025/Bachelor/Unreal_Engine_Backups/May 08/Witch_Game/Content/2D_Assets/TX_Dialogue_BOTTOM_Home.uasset" 239
"C:/Users/hanna/Documents/SCHOOL_FILES/Spring 2025/Bachelor/Unreal_Engine_Backups/May 08/Witch_Game/Content/2D_Assets/TX_Dialogue_BOTTOM_Home.uexp" 240
"C:/Users/hanna/Documents/SCHOOL_FILES/Spring 2025/Bachelor/Unreal_Engine_Backups/May 08/Witch_Game/Content/2D_Assets/TX_Dialogue_Arrow.uasset" 241
"C:/Users/hanna/Documents/SCHOOL_FILES/Spring 2025/Bachelor/Unreal_Engine_Backups/May 08/Witch_Game/Content/2D_Assets/TX_Dialogue_Arrow.uexp" 242
"C:/Users/hanna/Documents/SCHOOL_FILES/Spring 2025/Bachelor/Unreal_Engine_Backups/May 08/Witch_Game/Content/Audio/SE_Entity_Speaking.ubulk" 243
"C:/Users/hanna/Documents/SCHOOL_FILES/Spring 2025/Bachelor/Unreal_Engine_Backups/May 08/Witch_Game/Content/Audio/SE_Entity_Speaking.uasset" 244
"C:/Users/hanna/Documents/SCHOOL_FILES/Spring 2025/Bachelor/Unreal_Engine_Backups/May 08/Witch_Game/Content/Audio/SE_Entity_Speaking.uexp" 245
"C:/Users/hanna/Documents/SCHOOL_FILES/Spring 2025/Bachelor/Unreal_Engine_Backups/May 08/Witch_Game/Content/Daughter/BPI_Dialogue.uasset" 246
"C:/Users/hanna/Documents/SCHOOL_FILES/Spring 2025/Bachelor/Unreal_Engine_Backups/May 08/Witch_Game/Content/Daughter/BPI_Dialogue.uexp" 247
"C:/Users/hanna/Documents/SCHOOL_FILES/Spring 2025/Bachelor/Unreal_Engine_Backups/May 08/Witch_Game/Content/Interactable_Objects/BPI_Interact_Interface.uasset" 248
"C:/Users/hanna/Documents/SCHOOL_FILES/Spring 2025/Bachelor/Unreal_Engine_Backups/May 08/Witch_Game/Content/Interactable_Objects/BPI_Interact_Interface.uexp" 249
"C:/Users/hanna/Documents/SCHOOL_FILES/Spring 2025/Bachelor/Unreal_Engine_Backups/May 08/Witch_Game/Content/2D_Assets/TX_Dialogue_TOP_DimensionX.uasset" 250
"C:/Users/hanna/Documents/SCHOOL_FILES/Spring 2025/Bachelor/Unreal_Engine_Backups/May 08/Witch_Game/Content/2D_Assets/TX_Dialogue_TOP_DimensionX.uexp" 251
"C:/Users/hanna/Documents/SCHOOL_FILES/Spring 2025/Bachelor/Unreal_Engine_Backups/May 08/Witch_Game/Content/Widgets/WBP_Dialogue.uasset" 252
"C:/Users/hanna/Documents/SCHOOL_FILES/Spring 2025/Bachelor/Unreal_Engine_Backups/May 08/Witch_Game/Content/Widgets/WBP_Dialogue.uexp" 253
"C:/Users/hanna/Documents/SCHOOL_FILES/Spring 2025/Bachelor/Unreal_Engine_Backups/May 08/Witch_Game/Content/3D_Assets/DimensionHome/Materials/Textures/SM_Books_M_Books_OcclusionRoughnessMetallic.ubulk" 254
"C:/Users/hanna/Documents/SCHOOL_FILES/Spring 2025/Bachelor/Unreal_Engine_Backups/May 08/Witch_Game/Content/3D_Assets/DimensionHome/Materials/Textures/SM_Books_M_Books_OcclusionRoughnessMetallic.uasset" 255
"C:/Users/hanna/Documents/SCHOOL_FILES/Spring 2025/Bachelor/Unreal_Engine_Backups/May 08/Witch_Game/Content/3D_Assets/DimensionHome/Materials/Textures/SM_Books_M_Books_OcclusionRoughnessMetallic.uexp" 256
"C:/Users/hanna/Documents/SCHOOL_FILES/Spring 2025/Bachelor/Unreal_Engine_Backups/May 08/Witch_Game/Content/3D_Assets/DimensionHome/Materials/Textures/SM_Books_M_Books_Normal.ubulk" 257
"C:/Users/hanna/Documents/SCHOOL_FILES/Spring 2025/Bachelor/Unreal_Engine_Backups/May 08/Witch_Game/Content/3D_Assets/DimensionHome/Materials/Textures/SM_Books_M_Books_Normal.uasset" 258
"C:/Users/hanna/Documents/SCHOOL_FILES/Spring 2025/Bachelor/Unreal_Engine_Backups/May 08/Witch_Game/Content/3D_Assets/DimensionHome/Materials/Textures/SM_Books_M_Books_Normal.uexp" 259
"C:/Users/hanna/Documents/SCHOOL_FILES/Spring 2025/Bachelor/Unreal_Engine_Backups/May 08/Witch_Game/Content/3D_Assets/DimensionHome/Materials/Textures/SM_Books_M_Books_BaseColor.ubulk" 260
"C:/Users/hanna/Documents/SCHOOL_FILES/Spring 2025/Bachelor/Unreal_Engine_Backups/May 08/Witch_Game/Content/3D_Assets/DimensionHome/Materials/Textures/SM_Books_M_Books_BaseColor.uasset" 261
"C:/Users/hanna/Documents/SCHOOL_FILES/Spring 2025/Bachelor/Unreal_Engine_Backups/May 08/Witch_Game/Content/3D_Assets/DimensionHome/Materials/Textures/SM_Books_M_Books_BaseColor.uexp" 262
"C:/Users/hanna/Documents/SCHOOL_FILES/Spring 2025/Bachelor/Unreal_Engine_Backups/May 08/Witch_Game/Content/3D_Assets/DimensionHome/Materials/M_Books.uasset" 263
"C:/Users/hanna/Documents/SCHOOL_FILES/Spring 2025/Bachelor/Unreal_Engine_Backups/May 08/Witch_Game/Content/3D_Assets/DimensionHome/Materials/M_Books.uexp" 264
"C:/Users/hanna/Documents/SCHOOL_FILES/Spring 2025/Bachelor/Unreal_Engine_Backups/May 08/Witch_Game/Content/3D_Assets/DimensionHome/SM_BookBig01.ubulk" 265
"C:/Users/hanna/Documents/SCHOOL_FILES/Spring 2025/Bachelor/Unreal_Engine_Backups/May 08/Witch_Game/Content/3D_Assets/DimensionHome/SM_BookBig01.uasset" 266
"C:/Users/hanna/Documents/SCHOOL_FILES/Spring 2025/Bachelor/Unreal_Engine_Backups/May 08/Witch_Game/Content/3D_Assets/DimensionHome/SM_BookBig01.uexp" 267
"C:/Users/hanna/Documents/SCHOOL_FILES/Spring 2025/Bachelor/Unreal_Engine_Backups/May 08/Witch_Game/Content/2D_Assets/TX_InternalDialogue_Backround.uasset" 268
"C:/Users/hanna/Documents/SCHOOL_FILES/Spring 2025/Bachelor/Unreal_Engine_Backups/May 08/Witch_Game/Content/2D_Assets/TX_InternalDialogue_Backround.uexp" 269
"C:/Users/hanna/Documents/SCHOOL_FILES/Spring 2025/Bachelor/Unreal_Engine_Backups/May 08/Witch_Game/Content/2D_Assets/Vignete.uasset" 270
"C:/Users/hanna/Documents/SCHOOL_FILES/Spring 2025/Bachelor/Unreal_Engine_Backups/May 08/Witch_Game/Content/2D_Assets/Vignete.uexp" 271
"C:/Users/hanna/Documents/SCHOOL_FILES/Spring 2025/Bachelor/Unreal_Engine_Backups/May 08/Witch_Game/Content/Widgets/WBP_Internal_Dialogue.uasset" 272
"C:/Users/hanna/Documents/SCHOOL_FILES/Spring 2025/Bachelor/Unreal_Engine_Backups/May 08/Witch_Game/Content/Widgets/WBP_Internal_Dialogue.uexp" 273
"C:/Users/hanna/Documents/SCHOOL_FILES/Spring 2025/Bachelor/Unreal_Engine_Backups/May 08/Witch_Game/Content/Audio/SE_BookThud.ubulk" 274
"C:/Users/hanna/Documents/SCHOOL_FILES/Spring 2025/Bachelor/Unreal_Engine_Backups/May 08/Witch_Game/Content/Audio/SE_BookThud.uasset" 275
"C:/Users/hanna/Documents/SCHOOL_FILES/Spring 2025/Bachelor/Unreal_Engine_Backups/May 08/Witch_Game/Content/Audio/SE_BookThud.uexp" 276
"C:/Users/hanna/Documents/SCHOOL_FILES/Spring 2025/Bachelor/Unreal_Engine_Backups/May 08/Witch_Game/Content/2D_Assets/TX_Arrow.uasset" 277
"C:/Users/hanna/Documents/SCHOOL_FILES/Spring 2025/Bachelor/Unreal_Engine_Backups/May 08/Witch_Game/Content/2D_Assets/TX_Arrow.uexp" 278
"C:/Users/hanna/Documents/SCHOOL_FILES/Spring 2025/Bachelor/Unreal_Engine_Backups/May 08/Witch_Game/Content/Widgets/WBP_Interact_Text.uasset" 279
"C:/Users/hanna/Documents/SCHOOL_FILES/Spring 2025/Bachelor/Unreal_Engine_Backups/May 08/Witch_Game/Content/Widgets/WBP_Interact_Text.uexp" 280
"C:/Users/hanna/Documents/SCHOOL_FILES/Spring 2025/Bachelor/Unreal_Engine_Backups/May 08/Witch_Game/Content/3D_Assets/DimensionHome/SM_BookOpen.ubulk" 281
"C:/Users/hanna/Documents/SCHOOL_FILES/Spring 2025/Bachelor/Unreal_Engine_Backups/May 08/Witch_Game/Content/3D_Assets/DimensionHome/SM_BookOpen.uasset" 282
"C:/Users/hanna/Documents/SCHOOL_FILES/Spring 2025/Bachelor/Unreal_Engine_Backups/May 08/Witch_Game/Content/3D_Assets/DimensionHome/SM_BookOpen.uexp" 283
"C:/Users/hanna/Documents/SCHOOL_FILES/Spring 2025/Bachelor/Unreal_Engine_Backups/May 08/Witch_Game/Content/3D_Assets/DimensionHome/SM_BookMedium01.ubulk" 284
"C:/Users/hanna/Documents/SCHOOL_FILES/Spring 2025/Bachelor/Unreal_Engine_Backups/May 08/Witch_Game/Content/3D_Assets/DimensionHome/SM_BookMedium01.uasset" 285
"C:/Users/hanna/Documents/SCHOOL_FILES/Spring 2025/Bachelor/Unreal_Engine_Backups/May 08/Witch_Game/Content/3D_Assets/DimensionHome/SM_BookMedium01.uexp" 286
"../../../Engine/Content/BasicShapes/Cone.ubulk" 287
"../../../Engine/Content/BasicShapes/Cone.uasset" 288
"../../../Engine/Content/BasicShapes/Cone.uexp" 289
"C:/Users/hanna/Documents/SCHOOL_FILES/Spring 2025/Bachelor/Unreal_Engine_Backups/May 08/Witch_Game/Content/Interactable_Objects/BP_MASTER_Interact_Object.uasset" 290
"C:/Users/hanna/Documents/SCHOOL_FILES/Spring 2025/Bachelor/Unreal_Engine_Backups/May 08/Witch_Game/Content/Interactable_Objects/BP_MASTER_Interact_Object.uexp" 291
"C:/Users/hanna/Documents/SCHOOL_FILES/Spring 2025/Bachelor/Unreal_Engine_Backups/May 08/Witch_Game/Content/Interactable_Objects/BP_Svartbok.uasset" 292
"C:/Users/hanna/Documents/SCHOOL_FILES/Spring 2025/Bachelor/Unreal_Engine_Backups/May 08/Witch_Game/Content/Interactable_Objects/BP_Svartbok.uexp" 293
"C:/Users/hanna/Documents/SCHOOL_FILES/Spring 2025/Bachelor/Unreal_Engine_Backups/May 08/Witch_Game/Content/Audio/SE_SuzannaYawn.ubulk" 294
"C:/Users/hanna/Documents/SCHOOL_FILES/Spring 2025/Bachelor/Unreal_Engine_Backups/May 08/Witch_Game/Content/Audio/SE_SuzannaYawn.uasset" 295
"C:/Users/hanna/Documents/SCHOOL_FILES/Spring 2025/Bachelor/Unreal_Engine_Backups/May 08/Witch_Game/Content/Audio/SE_SuzannaYawn.uexp" 296
"C:/Users/hanna/Documents/SCHOOL_FILES/Spring 2025/Bachelor/Unreal_Engine_Backups/May 08/Witch_Game/Content/Audio/SE_Suzanna_Coughing.ubulk" 297
"C:/Users/hanna/Documents/SCHOOL_FILES/Spring 2025/Bachelor/Unreal_Engine_Backups/May 08/Witch_Game/Content/Audio/SE_Suzanna_Coughing.uasset" 298
"C:/Users/hanna/Documents/SCHOOL_FILES/Spring 2025/Bachelor/Unreal_Engine_Backups/May 08/Witch_Game/Content/Audio/SE_Suzanna_Coughing.uexp" 299
"C:/Users/hanna/Documents/SCHOOL_FILES/Spring 2025/Bachelor/Unreal_Engine_Backups/May 08/Witch_Game/Content/Daughter/Materials/Suzanna_Base_M_Suzanna_Body_OcclusionRoughnessMetallic.ubulk" 300
"C:/Users/hanna/Documents/SCHOOL_FILES/Spring 2025/Bachelor/Unreal_Engine_Backups/May 08/Witch_Game/Content/Daughter/Materials/Suzanna_Base_M_Suzanna_Body_OcclusionRoughnessMetallic.uasset" 301
"C:/Users/hanna/Documents/SCHOOL_FILES/Spring 2025/Bachelor/Unreal_Engine_Backups/May 08/Witch_Game/Content/Daughter/Materials/Suzanna_Base_M_Suzanna_Body_OcclusionRoughnessMetallic.uexp" 302
"C:/Users/hanna/Documents/SCHOOL_FILES/Spring 2025/Bachelor/Unreal_Engine_Backups/May 08/Witch_Game/Content/Daughter/Materials/Suzanna_Base_M_Suzanna_Body_Normal.ubulk" 303
"C:/Users/hanna/Documents/SCHOOL_FILES/Spring 2025/Bachelor/Unreal_Engine_Backups/May 08/Witch_Game/Content/Daughter/Materials/Suzanna_Base_M_Suzanna_Body_Normal.uasset" 304
"C:/Users/hanna/Documents/SCHOOL_FILES/Spring 2025/Bachelor/Unreal_Engine_Backups/May 08/Witch_Game/Content/Daughter/Materials/Suzanna_Base_M_Suzanna_Body_Normal.uexp" 305
"C:/Users/hanna/Documents/SCHOOL_FILES/Spring 2025/Bachelor/Unreal_Engine_Backups/May 08/Witch_Game/Content/Daughter/Materials/Suzanna_Base_M_Suzanna_Body_BaseColor.ubulk" 306
"C:/Users/hanna/Documents/SCHOOL_FILES/Spring 2025/Bachelor/Unreal_Engine_Backups/May 08/Witch_Game/Content/Daughter/Materials/Suzanna_Base_M_Suzanna_Body_BaseColor.uasset" 307
"C:/Users/hanna/Documents/SCHOOL_FILES/Spring 2025/Bachelor/Unreal_Engine_Backups/May 08/Witch_Game/Content/Daughter/Materials/Suzanna_Base_M_Suzanna_Body_BaseColor.uexp" 308
"C:/Users/hanna/Documents/SCHOOL_FILES/Spring 2025/Bachelor/Unreal_Engine_Backups/May 08/Witch_Game/Content/Daughter/Materials/M_Suzanna_Body.uasset" 309
"C:/Users/hanna/Documents/SCHOOL_FILES/Spring 2025/Bachelor/Unreal_Engine_Backups/May 08/Witch_Game/Content/Daughter/Materials/M_Suzanna_Body.uexp" 310
"C:/Users/hanna/Documents/SCHOOL_FILES/Spring 2025/Bachelor/Unreal_Engine_Backups/May 08/Witch_Game/Content/Daughter/Body/Suzanna_with_Clothes_RIG_PhysicsAsset.uasset" 311
"C:/Users/hanna/Documents/SCHOOL_FILES/Spring 2025/Bachelor/Unreal_Engine_Backups/May 08/Witch_Game/Content/Daughter/Body/Suzanna_with_Clothes_RIG_PhysicsAsset.uexp" 312
"C:/Users/hanna/Documents/SCHOOL_FILES/Spring 2025/Bachelor/Unreal_Engine_Backups/May 08/Witch_Game/Content/Daughter/Materials/Suzanna_Hair_UMesh_PM3D_Sphere3D1_2_OcclusionRoughnessMetallic.ubulk" 313
"C:/Users/hanna/Documents/SCHOOL_FILES/Spring 2025/Bachelor/Unreal_Engine_Backups/May 08/Witch_Game/Content/Daughter/Materials/Suzanna_Hair_UMesh_PM3D_Sphere3D1_2_OcclusionRoughnessMetallic.uasset" 314
"C:/Users/hanna/Documents/SCHOOL_FILES/Spring 2025/Bachelor/Unreal_Engine_Backups/May 08/Witch_Game/Content/Daughter/Materials/Suzanna_Hair_UMesh_PM3D_Sphere3D1_2_OcclusionRoughnessMetallic.uexp" 315
"C:/Users/hanna/Documents/SCHOOL_FILES/Spring 2025/Bachelor/Unreal_Engine_Backups/May 08/Witch_Game/Content/Daughter/Materials/Suzanna_Hair_UMesh_PM3D_Sphere3D1_2_Normal.ubulk" 316
"C:/Users/hanna/Documents/SCHOOL_FILES/Spring 2025/Bachelor/Unreal_Engine_Backups/May 08/Witch_Game/Content/Daughter/Materials/Suzanna_Hair_UMesh_PM3D_Sphere3D1_2_Normal.uasset" 317
"C:/Users/hanna/Documents/SCHOOL_FILES/Spring 2025/Bachelor/Unreal_Engine_Backups/May 08/Witch_Game/Content/Daughter/Materials/Suzanna_Hair_UMesh_PM3D_Sphere3D1_2_Normal.uexp" 318
"C:/Users/hanna/Documents/SCHOOL_FILES/Spring 2025/Bachelor/Unreal_Engine_Backups/May 08/Witch_Game/Content/Daughter/Materials/Suzanna_Hair_UMesh_PM3D_Sphere3D1_2_BaseColor.ubulk" 319
"C:/Users/hanna/Documents/SCHOOL_FILES/Spring 2025/Bachelor/Unreal_Engine_Backups/May 08/Witch_Game/Content/Daughter/Materials/Suzanna_Hair_UMesh_PM3D_Sphere3D1_2_BaseColor.uasset" 320
"C:/Users/hanna/Documents/SCHOOL_FILES/Spring 2025/Bachelor/Unreal_Engine_Backups/May 08/Witch_Game/Content/Daughter/Materials/Suzanna_Hair_UMesh_PM3D_Sphere3D1_2_BaseColor.uexp" 321
"C:/Users/hanna/Documents/SCHOOL_FILES/Spring 2025/Bachelor/Unreal_Engine_Backups/May 08/Witch_Game/Content/Daughter/Materials/M_Suzanna_Hair.uasset" 322
"C:/Users/hanna/Documents/SCHOOL_FILES/Spring 2025/Bachelor/Unreal_Engine_Backups/May 08/Witch_Game/Content/Daughter/Materials/M_Suzanna_Hair.uexp" 323
"C:/Users/hanna/Documents/SCHOOL_FILES/Spring 2025/Bachelor/Unreal_Engine_Backups/May 08/Witch_Game/Content/Daughter/Body/Suzanna_with_Clothes_RIG.uasset" 324
"C:/Users/hanna/Documents/SCHOOL_FILES/Spring 2025/Bachelor/Unreal_Engine_Backups/May 08/Witch_Game/Content/Daughter/Body/Suzanna_with_Clothes_RIG.uexp" 325
"C:/Users/hanna/Documents/SCHOOL_FILES/Spring 2025/Bachelor/Unreal_Engine_Backups/May 08/Witch_Game/Content/Daughter/Animations/Anim_Suzanna_BedIdle.uasset" 326
"C:/Users/hanna/Documents/SCHOOL_FILES/Spring 2025/Bachelor/Unreal_Engine_Backups/May 08/Witch_Game/Content/Daughter/Animations/Anim_Suzanna_BedIdle.uexp" 327
"C:/Users/hanna/Documents/SCHOOL_FILES/Spring 2025/Bachelor/Unreal_Engine_Backups/May 08/Witch_Game/Content/Widgets/WBP_Fade.uasset" 328
"C:/Users/hanna/Documents/SCHOOL_FILES/Spring 2025/Bachelor/Unreal_Engine_Backups/May 08/Witch_Game/Content/Widgets/WBP_Fade.uexp" 329
"C:/Users/hanna/Documents/SCHOOL_FILES/Spring 2025/Bachelor/Unreal_Engine_Backups/May 08/Witch_Game/Content/2D_Assets/TX_Blood.ubulk" 330
"C:/Users/hanna/Documents/SCHOOL_FILES/Spring 2025/Bachelor/Unreal_Engine_Backups/May 08/Witch_Game/Content/2D_Assets/TX_Blood.uasset" 331
"C:/Users/hanna/Documents/SCHOOL_FILES/Spring 2025/Bachelor/Unreal_Engine_Backups/May 08/Witch_Game/Content/2D_Assets/TX_Blood.uexp" 332
"C:/Users/hanna/Documents/SCHOOL_FILES/Spring 2025/Bachelor/Unreal_Engine_Backups/May 08/Witch_Game/Content/2D_Assets/M_Blood.uasset" 333
"C:/Users/hanna/Documents/SCHOOL_FILES/Spring 2025/Bachelor/Unreal_Engine_Backups/May 08/Witch_Game/Content/2D_Assets/M_Blood.uexp" 334
"C:/Users/hanna/Documents/SCHOOL_FILES/Spring 2025/Bachelor/Unreal_Engine_Backups/May 08/Witch_Game/Content/Daughter/Materials/Suzanna_Clothes_Texture_M_Suzanna_Clothes_Normal.ubulk" 335
"C:/Users/hanna/Documents/SCHOOL_FILES/Spring 2025/Bachelor/Unreal_Engine_Backups/May 08/Witch_Game/Content/Daughter/Materials/Suzanna_Clothes_Texture_M_Suzanna_Clothes_Normal.uasset" 336
"C:/Users/hanna/Documents/SCHOOL_FILES/Spring 2025/Bachelor/Unreal_Engine_Backups/May 08/Witch_Game/Content/Daughter/Materials/Suzanna_Clothes_Texture_M_Suzanna_Clothes_Normal.uexp" 337
"C:/Users/hanna/Documents/SCHOOL_FILES/Spring 2025/Bachelor/Unreal_Engine_Backups/May 08/Witch_Game/Content/Daughter/Materials/Suzanna_Clothes_Texture_M_Suzanna_Clothes_BaseColor.ubulk" 338
"C:/Users/hanna/Documents/SCHOOL_FILES/Spring 2025/Bachelor/Unreal_Engine_Backups/May 08/Witch_Game/Content/Daughter/Materials/Suzanna_Clothes_Texture_M_Suzanna_Clothes_BaseColor.uasset" 339
"C:/Users/hanna/Documents/SCHOOL_FILES/Spring 2025/Bachelor/Unreal_Engine_Backups/May 08/Witch_Game/Content/Daughter/Materials/Suzanna_Clothes_Texture_M_Suzanna_Clothes_BaseColor.uexp" 340
"C:/Users/hanna/Documents/SCHOOL_FILES/Spring 2025/Bachelor/Unreal_Engine_Backups/May 08/Witch_Game/Content/Daughter/Materials/Suzanna_Clothes_Texture_M_Suzanna_Clothes_OcclusionRoughnessMetallic.ubulk" 341
"C:/Users/hanna/Documents/SCHOOL_FILES/Spring 2025/Bachelor/Unreal_Engine_Backups/May 08/Witch_Game/Content/Daughter/Materials/Suzanna_Clothes_Texture_M_Suzanna_Clothes_OcclusionRoughnessMetallic.uasset" 342
"C:/Users/hanna/Documents/SCHOOL_FILES/Spring 2025/Bachelor/Unreal_Engine_Backups/May 08/Witch_Game/Content/Daughter/Materials/Suzanna_Clothes_Texture_M_Suzanna_Clothes_OcclusionRoughnessMetallic.uexp" 343
"C:/Users/hanna/Documents/SCHOOL_FILES/Spring 2025/Bachelor/Unreal_Engine_Backups/May 08/Witch_Game/Content/Daughter/Materials/M_Suzanna_Dress.uasset" 344
"C:/Users/hanna/Documents/SCHOOL_FILES/Spring 2025/Bachelor/Unreal_Engine_Backups/May 08/Witch_Game/Content/Daughter/Materials/M_Suzanna_Dress.uexp" 345
"C:/Users/hanna/Documents/SCHOOL_FILES/Spring 2025/Bachelor/Unreal_Engine_Backups/May 08/Witch_Game/Content/Daughter/BP_Suzanna.uasset" 346
"C:/Users/hanna/Documents/SCHOOL_FILES/Spring 2025/Bachelor/Unreal_Engine_Backups/May 08/Witch_Game/Content/Daughter/BP_Suzanna.uexp" 347
"C:/Users/hanna/Documents/SCHOOL_FILES/Spring 2025/Bachelor/Unreal_Engine_Backups/May 08/Witch_Game/Content/Audio/SE_DimensionX_BackroundMusic.ubulk" 348
"C:/Users/hanna/Documents/SCHOOL_FILES/Spring 2025/Bachelor/Unreal_Engine_Backups/May 08/Witch_Game/Content/Audio/SE_DimensionX_BackroundMusic.uasset" 349
"C:/Users/hanna/Documents/SCHOOL_FILES/Spring 2025/Bachelor/Unreal_Engine_Backups/May 08/Witch_Game/Content/Audio/SE_DimensionX_BackroundMusic.uexp" 350
"C:/Users/hanna/Documents/SCHOOL_FILES/Spring 2025/Bachelor/Unreal_Engine_Backups/May 08/Witch_Game/Content/ThirdPerson/Input/Actions/IA_Sprint.uasset" 351
"C:/Users/hanna/Documents/SCHOOL_FILES/Spring 2025/Bachelor/Unreal_Engine_Backups/May 08/Witch_Game/Content/ThirdPerson/Input/Actions/IA_Sprint.uexp" 352
"C:/Users/hanna/Documents/SCHOOL_FILES/Spring 2025/Bachelor/Unreal_Engine_Backups/May 08/Witch_Game/Content/Player/Anne_Hair/Player_Hair_Skeleton.uasset" 353
"C:/Users/hanna/Documents/SCHOOL_FILES/Spring 2025/Bachelor/Unreal_Engine_Backups/May 08/Witch_Game/Content/Player/Anne_Hair/Player_Hair_Skeleton.uexp" 354
"C:/Users/hanna/Documents/SCHOOL_FILES/Spring 2025/Bachelor/Unreal_Engine_Backups/May 08/Witch_Game/Content/Player/Anne_Hair/Player_Hair_PhysicsAsset.uasset" 355
"C:/Users/hanna/Documents/SCHOOL_FILES/Spring 2025/Bachelor/Unreal_Engine_Backups/May 08/Witch_Game/Content/Player/Anne_Hair/Player_Hair_PhysicsAsset.uexp" 356
"C:/Users/hanna/Documents/SCHOOL_FILES/Spring 2025/Bachelor/Unreal_Engine_Backups/May 08/Witch_Game/Content/Player/Anne_Hair/Player_Hair_LowPoly_UMesh_Extract5_Normal.ubulk" 357
"C:/Users/hanna/Documents/SCHOOL_FILES/Spring 2025/Bachelor/Unreal_Engine_Backups/May 08/Witch_Game/Content/Player/Anne_Hair/Player_Hair_LowPoly_UMesh_Extract5_Normal.uasset" 358
"C:/Users/hanna/Documents/SCHOOL_FILES/Spring 2025/Bachelor/Unreal_Engine_Backups/May 08/Witch_Game/Content/Player/Anne_Hair/Player_Hair_LowPoly_UMesh_Extract5_Normal.uexp" 359
"C:/Users/hanna/Documents/SCHOOL_FILES/Spring 2025/Bachelor/Unreal_Engine_Backups/May 08/Witch_Game/Content/Player/Anne_Hair/Player_Hair_LowPoly_UMesh_Extract5_OcclusionRoughnessMetallic.ubulk" 360
"C:/Users/hanna/Documents/SCHOOL_FILES/Spring 2025/Bachelor/Unreal_Engine_Backups/May 08/Witch_Game/Content/Player/Anne_Hair/Player_Hair_LowPoly_UMesh_Extract5_OcclusionRoughnessMetallic.uasset" 361
"C:/Users/hanna/Documents/SCHOOL_FILES/Spring 2025/Bachelor/Unreal_Engine_Backups/May 08/Witch_Game/Content/Player/Anne_Hair/Player_Hair_LowPoly_UMesh_Extract5_OcclusionRoughnessMetallic.uexp" 362
"C:/Users/hanna/Documents/SCHOOL_FILES/Spring 2025/Bachelor/Unreal_Engine_Backups/May 08/Witch_Game/Content/Player/Anne_Hair/Player_Hair_LowPoly_UMesh_Extract5_BaseColor.ubulk" 363
"C:/Users/hanna/Documents/SCHOOL_FILES/Spring 2025/Bachelor/Unreal_Engine_Backups/May 08/Witch_Game/Content/Player/Anne_Hair/Player_Hair_LowPoly_UMesh_Extract5_BaseColor.uasset" 364
"C:/Users/hanna/Documents/SCHOOL_FILES/Spring 2025/Bachelor/Unreal_Engine_Backups/May 08/Witch_Game/Content/Player/Anne_Hair/Player_Hair_LowPoly_UMesh_Extract5_BaseColor.uexp" 365
"C:/Users/hanna/Documents/SCHOOL_FILES/Spring 2025/Bachelor/Unreal_Engine_Backups/May 08/Witch_Game/Content/Player/Anne_Hair/M_Player_Hair.uasset" 366
"C:/Users/hanna/Documents/SCHOOL_FILES/Spring 2025/Bachelor/Unreal_Engine_Backups/May 08/Witch_Game/Content/Player/Anne_Hair/M_Player_Hair.uexp" 367
"C:/Users/hanna/Documents/SCHOOL_FILES/Spring 2025/Bachelor/Unreal_Engine_Backups/May 08/Witch_Game/Content/Player/Anne_Hair/Player_Hair.uasset" 368
"C:/Users/hanna/Documents/SCHOOL_FILES/Spring 2025/Bachelor/Unreal_Engine_Backups/May 08/Witch_Game/Content/Player/Anne_Hair/Player_Hair.uexp" 369
"C:/Users/hanna/Documents/SCHOOL_FILES/Spring 2025/Bachelor/Unreal_Engine_Backups/May 08/Witch_Game/Content/Daughter/BP_Daughter.uasset" 370
"C:/Users/hanna/Documents/SCHOOL_FILES/Spring 2025/Bachelor/Unreal_Engine_Backups/May 08/Witch_Game/Content/Daughter/BP_Daughter.uexp" 371
"C:/Users/hanna/Documents/SCHOOL_FILES/Spring 2025/Bachelor/Unreal_Engine_Backups/May 08/Witch_Game/Content/2D_Assets/TX_Cancel_Button_Hovered.uasset" 372
"C:/Users/hanna/Documents/SCHOOL_FILES/Spring 2025/Bachelor/Unreal_Engine_Backups/May 08/Witch_Game/Content/2D_Assets/TX_Cancel_Button_Hovered.uexp" 373
"C:/Users/hanna/Documents/SCHOOL_FILES/Spring 2025/Bachelor/Unreal_Engine_Backups/May 08/Witch_Game/Content/2D_Assets/TX_Save_Button_Hovered.uasset" 374
"C:/Users/hanna/Documents/SCHOOL_FILES/Spring 2025/Bachelor/Unreal_Engine_Backups/May 08/Witch_Game/Content/2D_Assets/TX_Save_Button_Hovered.uexp" 375
"C:/Users/hanna/Documents/SCHOOL_FILES/Spring 2025/Bachelor/Unreal_Engine_Backups/May 08/Witch_Game/Content/2D_Assets/TX_Resume_Button_Pressed.uasset" 376
"C:/Users/hanna/Documents/SCHOOL_FILES/Spring 2025/Bachelor/Unreal_Engine_Backups/May 08/Witch_Game/Content/2D_Assets/TX_Resume_Button_Pressed.uexp" 377
"C:/Users/hanna/Documents/SCHOOL_FILES/Spring 2025/Bachelor/Unreal_Engine_Backups/May 08/Witch_Game/Content/2D_Assets/TX_PauseScreen_Back.uasset" 378
"C:/Users/hanna/Documents/SCHOOL_FILES/Spring 2025/Bachelor/Unreal_Engine_Backups/May 08/Witch_Game/Content/2D_Assets/TX_PauseScreen_Back.uexp" 379
"C:/Users/hanna/Documents/SCHOOL_FILES/Spring 2025/Bachelor/Unreal_Engine_Backups/May 08/Witch_Game/Content/2D_Assets/TX_Save_Button_Pressed.uasset" 380
"C:/Users/hanna/Documents/SCHOOL_FILES/Spring 2025/Bachelor/Unreal_Engine_Backups/May 08/Witch_Game/Content/2D_Assets/TX_Save_Button_Pressed.uexp" 381
"C:/Users/hanna/Documents/SCHOOL_FILES/Spring 2025/Bachelor/Unreal_Engine_Backups/May 08/Witch_Game/Content/2D_Assets/TX_ExitScreen_Front.uasset" 382
"C:/Users/hanna/Documents/SCHOOL_FILES/Spring 2025/Bachelor/Unreal_Engine_Backups/May 08/Witch_Game/Content/2D_Assets/TX_ExitScreen_Front.uexp" 383
"C:/Users/hanna/Documents/SCHOOL_FILES/Spring 2025/Bachelor/Unreal_Engine_Backups/May 08/Witch_Game/Content/2D_Assets/TX_Quit_Button_Pressed.uasset" 384
"C:/Users/hanna/Documents/SCHOOL_FILES/Spring 2025/Bachelor/Unreal_Engine_Backups/May 08/Witch_Game/Content/2D_Assets/TX_Quit_Button_Pressed.uexp" 385
"C:/Users/hanna/Documents/SCHOOL_FILES/Spring 2025/Bachelor/Unreal_Engine_Backups/May 08/Witch_Game/Content/2D_Assets/TX_Quit_Button_Hovered.uasset" 386
"C:/Users/hanna/Documents/SCHOOL_FILES/Spring 2025/Bachelor/Unreal_Engine_Backups/May 08/Witch_Game/Content/2D_Assets/TX_Quit_Button_Hovered.uexp" 387
"C:/Users/hanna/Documents/SCHOOL_FILES/Spring 2025/Bachelor/Unreal_Engine_Backups/May 08/Witch_Game/Content/2D_Assets/TX_PauseScreen_Front.uasset" 388
"C:/Users/hanna/Documents/SCHOOL_FILES/Spring 2025/Bachelor/Unreal_Engine_Backups/May 08/Witch_Game/Content/2D_Assets/TX_PauseScreen_Front.uexp" 389
"C:/Users/hanna/Documents/SCHOOL_FILES/Spring 2025/Bachelor/Unreal_Engine_Backups/May 08/Witch_Game/Content/2D_Assets/TX_Save_Button_Normal.uasset" 390
"C:/Users/hanna/Documents/SCHOOL_FILES/Spring 2025/Bachelor/Unreal_Engine_Backups/May 08/Witch_Game/Content/2D_Assets/TX_Save_Button_Normal.uexp" 391
"C:/Users/hanna/Documents/SCHOOL_FILES/Spring 2025/Bachelor/Unreal_Engine_Backups/May 08/Witch_Game/Content/2D_Assets/TX_Quit_Button_Normal.uasset" 392
"C:/Users/hanna/Documents/SCHOOL_FILES/Spring 2025/Bachelor/Unreal_Engine_Backups/May 08/Witch_Game/Content/2D_Assets/TX_Quit_Button_Normal.uexp" 393
"C:/Users/hanna/Documents/SCHOOL_FILES/Spring 2025/Bachelor/Unreal_Engine_Backups/May 08/Witch_Game/Content/2D_Assets/TX_Cancel_Button_Normal.uasset" 394
"C:/Users/hanna/Documents/SCHOOL_FILES/Spring 2025/Bachelor/Unreal_Engine_Backups/May 08/Witch_Game/Content/2D_Assets/TX_Cancel_Button_Normal.uexp" 395
"C:/Users/hanna/Documents/SCHOOL_FILES/Spring 2025/Bachelor/Unreal_Engine_Backups/May 08/Witch_Game/Content/2D_Assets/TX_Cancel_Button_Clicked.uasset" 396
"C:/Users/hanna/Documents/SCHOOL_FILES/Spring 2025/Bachelor/Unreal_Engine_Backups/May 08/Witch_Game/Content/2D_Assets/TX_Cancel_Button_Clicked.uexp" 397
"C:/Users/hanna/Documents/SCHOOL_FILES/Spring 2025/Bachelor/Unreal_Engine_Backups/May 08/Witch_Game/Content/2D_Assets/TX_Resume_Button_Hovered.uasset" 398
"C:/Users/hanna/Documents/SCHOOL_FILES/Spring 2025/Bachelor/Unreal_Engine_Backups/May 08/Witch_Game/Content/2D_Assets/TX_Resume_Button_Hovered.uexp" 399
"C:/Users/hanna/Documents/SCHOOL_FILES/Spring 2025/Bachelor/Unreal_Engine_Backups/May 08/Witch_Game/Content/2D_Assets/TX_Resume_Button_Normal.uasset" 400
"C:/Users/hanna/Documents/SCHOOL_FILES/Spring 2025/Bachelor/Unreal_Engine_Backups/May 08/Witch_Game/Content/2D_Assets/TX_Resume_Button_Normal.uexp" 401
"C:/Users/hanna/Documents/SCHOOL_FILES/Spring 2025/Bachelor/Unreal_Engine_Backups/May 08/Witch_Game/Content/2D_Assets/TX_ExitScreen_Back.uasset" 402
"C:/Users/hanna/Documents/SCHOOL_FILES/Spring 2025/Bachelor/Unreal_Engine_Backups/May 08/Witch_Game/Content/2D_Assets/TX_ExitScreen_Back.uexp" 403
"C:/Users/hanna/Documents/SCHOOL_FILES/Spring 2025/Bachelor/Unreal_Engine_Backups/May 08/Witch_Game/Content/Widgets/WBP_PauseMenu.uasset" 404
"C:/Users/hanna/Documents/SCHOOL_FILES/Spring 2025/Bachelor/Unreal_Engine_Backups/May 08/Witch_Game/Content/Widgets/WBP_PauseMenu.uexp" 405
"C:/Users/hanna/Documents/SCHOOL_FILES/Spring 2025/Bachelor/Unreal_Engine_Backups/May 08/Witch_Game/Content/Audio/SE_ArriveInDimension.ubulk" 406
"C:/Users/hanna/Documents/SCHOOL_FILES/Spring 2025/Bachelor/Unreal_Engine_Backups/May 08/Witch_Game/Content/Audio/SE_ArriveInDimension.uasset" 407
"C:/Users/hanna/Documents/SCHOOL_FILES/Spring 2025/Bachelor/Unreal_Engine_Backups/May 08/Witch_Game/Content/Audio/SE_ArriveInDimension.uexp" 408
"C:/Users/hanna/Documents/SCHOOL_FILES/Spring 2025/Bachelor/Unreal_Engine_Backups/May 08/Witch_Game/Content/Interfaces/BPI_HomeDimension.uasset" 409
"C:/Users/hanna/Documents/SCHOOL_FILES/Spring 2025/Bachelor/Unreal_Engine_Backups/May 08/Witch_Game/Content/Interfaces/BPI_HomeDimension.uexp" 410
"C:/Users/hanna/Documents/SCHOOL_FILES/Spring 2025/Bachelor/Unreal_Engine_Backups/May 08/Witch_Game/Content/ThirdPerson/Input/Actions/IA_Jump.uasset" 411
"C:/Users/hanna/Documents/SCHOOL_FILES/Spring 2025/Bachelor/Unreal_Engine_Backups/May 08/Witch_Game/Content/ThirdPerson/Input/Actions/IA_Jump.uexp" 412
"C:/Users/hanna/Documents/SCHOOL_FILES/Spring 2025/Bachelor/Unreal_Engine_Backups/May 08/Witch_Game/Content/ThirdPerson/Input/Actions/IA_Look.uasset" 413
"C:/Users/hanna/Documents/SCHOOL_FILES/Spring 2025/Bachelor/Unreal_Engine_Backups/May 08/Witch_Game/Content/ThirdPerson/Input/Actions/IA_Look.uexp" 414
"C:/Users/hanna/Documents/SCHOOL_FILES/Spring 2025/Bachelor/Unreal_Engine_Backups/May 08/Witch_Game/Content/ThirdPerson/Input/Actions/IA_Move.uasset" 415
"C:/Users/hanna/Documents/SCHOOL_FILES/Spring 2025/Bachelor/Unreal_Engine_Backups/May 08/Witch_Game/Content/ThirdPerson/Input/Actions/IA_Move.uexp" 416
"C:/Users/hanna/Documents/SCHOOL_FILES/Spring 2025/Bachelor/Unreal_Engine_Backups/May 08/Witch_Game/Content/ThirdPerson/Input/IMC_Default.uasset" 417
"C:/Users/hanna/Documents/SCHOOL_FILES/Spring 2025/Bachelor/Unreal_Engine_Backups/May 08/Witch_Game/Content/ThirdPerson/Input/IMC_Default.uexp" 418
"C:/Users/hanna/Documents/SCHOOL_FILES/Spring 2025/Bachelor/Unreal_Engine_Backups/May 08/Witch_Game/Content/Audio/SE_Home_BackroundMusic.ubulk" 419
"C:/Users/hanna/Documents/SCHOOL_FILES/Spring 2025/Bachelor/Unreal_Engine_Backups/May 08/Witch_Game/Content/Audio/SE_Home_BackroundMusic.uasset" 420
"C:/Users/hanna/Documents/SCHOOL_FILES/Spring 2025/Bachelor/Unreal_Engine_Backups/May 08/Witch_Game/Content/Audio/SE_Home_BackroundMusic.uexp" 421
"C:/Users/hanna/Documents/SCHOOL_FILES/Spring 2025/Bachelor/Unreal_Engine_Backups/May 08/Witch_Game/Content/Player/Anne_Body/Player_Skeleton.uasset" 422
"C:/Users/hanna/Documents/SCHOOL_FILES/Spring 2025/Bachelor/Unreal_Engine_Backups/May 08/Witch_Game/Content/Player/Anne_Body/Player_Skeleton.uexp" 423
"C:/Users/hanna/Documents/SCHOOL_FILES/Spring 2025/Bachelor/Unreal_Engine_Backups/May 08/Witch_Game/Content/Player/Animations/Anim_Anne_Walk.uasset" 424
"C:/Users/hanna/Documents/SCHOOL_FILES/Spring 2025/Bachelor/Unreal_Engine_Backups/May 08/Witch_Game/Content/Player/Animations/Anim_Anne_Walk.uexp" 425
"C:/Users/hanna/Documents/SCHOOL_FILES/Spring 2025/Bachelor/Unreal_Engine_Backups/May 08/Witch_Game/Content/Player/Animations/Anim_Anne_Run.uasset" 426
"C:/Users/hanna/Documents/SCHOOL_FILES/Spring 2025/Bachelor/Unreal_Engine_Backups/May 08/Witch_Game/Content/Player/Animations/Anim_Anne_Run.uexp" 427
"C:/Users/hanna/Documents/SCHOOL_FILES/Spring 2025/Bachelor/Unreal_Engine_Backups/May 08/Witch_Game/Content/Player/Animations/Anim_Anne_Idle_2.uasset" 428
"C:/Users/hanna/Documents/SCHOOL_FILES/Spring 2025/Bachelor/Unreal_Engine_Backups/May 08/Witch_Game/Content/Player/Animations/Anim_Anne_Idle_2.uexp" 429
"C:/Users/hanna/Documents/SCHOOL_FILES/Spring 2025/Bachelor/Unreal_Engine_Backups/May 08/Witch_Game/Content/Player/Animations/BS_Anne_IdleWalk.uasset" 430
"C:/Users/hanna/Documents/SCHOOL_FILES/Spring 2025/Bachelor/Unreal_Engine_Backups/May 08/Witch_Game/Content/Player/Animations/BS_Anne_IdleWalk.uexp" 431
"C:/Users/hanna/Documents/SCHOOL_FILES/Spring 2025/Bachelor/Unreal_Engine_Backups/May 08/Witch_Game/Content/Player/Animations/ABP_Anne.uasset" 432
"C:/Users/hanna/Documents/SCHOOL_FILES/Spring 2025/Bachelor/Unreal_Engine_Backups/May 08/Witch_Game/Content/Player/Animations/ABP_Anne.uexp" 433
"../../../Engine/Content/Engine_MI_Shaders/Textures/Bokeh.uasset" 434
"../../../Engine/Content/Engine_MI_Shaders/Textures/Bokeh.uexp" 435
"C:/Users/hanna/Documents/SCHOOL_FILES/Spring 2025/Bachelor/Unreal_Engine_Backups/May 08/Witch_Game/Content/2D_Assets/TX_Crosshair_Small.uasset" 436
"C:/Users/hanna/Documents/SCHOOL_FILES/Spring 2025/Bachelor/Unreal_Engine_Backups/May 08/Witch_Game/Content/2D_Assets/TX_Crosshair_Small.uexp" 437
"C:/Users/hanna/Documents/SCHOOL_FILES/Spring 2025/Bachelor/Unreal_Engine_Backups/May 08/Witch_Game/Content/2D_Assets/TX_TaskBox_TOP_Home.uasset" 438
"C:/Users/hanna/Documents/SCHOOL_FILES/Spring 2025/Bachelor/Unreal_Engine_Backups/May 08/Witch_Game/Content/2D_Assets/TX_TaskBox_TOP_Home.uexp" 439
"C:/Users/hanna/Documents/SCHOOL_FILES/Spring 2025/Bachelor/Unreal_Engine_Backups/May 08/Witch_Game/Content/2D_Assets/TX_TaskBox_BOTTOM_Home.uasset" 440
"C:/Users/hanna/Documents/SCHOOL_FILES/Spring 2025/Bachelor/Unreal_Engine_Backups/May 08/Witch_Game/Content/2D_Assets/TX_TaskBox_BOTTOM_Home.uexp" 441
"C:/Users/hanna/Documents/SCHOOL_FILES/Spring 2025/Bachelor/Unreal_Engine_Backups/May 08/Witch_Game/Content/2D_Assets/TX_TaskBox_BOTTOM_DimensionX.uasset" 442
"C:/Users/hanna/Documents/SCHOOL_FILES/Spring 2025/Bachelor/Unreal_Engine_Backups/May 08/Witch_Game/Content/2D_Assets/TX_TaskBox_BOTTOM_DimensionX.uexp" 443
"C:/Users/hanna/Documents/SCHOOL_FILES/Spring 2025/Bachelor/Unreal_Engine_Backups/May 08/Witch_Game/Content/2D_Assets/TX_Crosshair_Big.uasset" 444
"C:/Users/hanna/Documents/SCHOOL_FILES/Spring 2025/Bachelor/Unreal_Engine_Backups/May 08/Witch_Game/Content/2D_Assets/TX_Crosshair_Big.uexp" 445
"C:/Users/hanna/Documents/SCHOOL_FILES/Spring 2025/Bachelor/Unreal_Engine_Backups/May 08/Witch_Game/Content/2D_Assets/TX_TaskBox_DimensionX_Top.uasset" 446
"C:/Users/hanna/Documents/SCHOOL_FILES/Spring 2025/Bachelor/Unreal_Engine_Backups/May 08/Witch_Game/Content/2D_Assets/TX_TaskBox_DimensionX_Top.uexp" 447
"C:/Users/hanna/Documents/SCHOOL_FILES/Spring 2025/Bachelor/Unreal_Engine_Backups/May 08/Witch_Game/Content/2D_Assets/TX_Line.uasset" 448
"C:/Users/hanna/Documents/SCHOOL_FILES/Spring 2025/Bachelor/Unreal_Engine_Backups/May 08/Witch_Game/Content/2D_Assets/TX_Line.uexp" 449
"C:/Users/hanna/Documents/SCHOOL_FILES/Spring 2025/Bachelor/Unreal_Engine_Backups/May 08/Witch_Game/Content/Widgets/WBP_HUD.uasset" 450
"C:/Users/hanna/Documents/SCHOOL_FILES/Spring 2025/Bachelor/Unreal_Engine_Backups/May 08/Witch_Game/Content/Widgets/WBP_HUD.uexp" 451
"C:/Users/hanna/Documents/SCHOOL_FILES/Spring 2025/Bachelor/Unreal_Engine_Backups/May 08/Witch_Game/Content/Widgets/WBP_Tutorial.uasset" 452
"C:/Users/hanna/Documents/SCHOOL_FILES/Spring 2025/Bachelor/Unreal_Engine_Backups/May 08/Witch_Game/Content/Widgets/WBP_Tutorial.uexp" 453
"../../../Engine/Plugins/Developer/AnimationSharing/Content/AnimSharingBase.uasset" 454
"../../../Engine/Plugins/Developer/AnimationSharing/Content/AnimSharingBase.uexp" 455
"../../../Engine/Plugins/Developer/AnimationSharing/Content/AnimSharingGreen.uasset" 456
"../../../Engine/Plugins/Developer/AnimationSharing/Content/AnimSharingGreen.uexp" 457
"C:/Users/hanna/Documents/SCHOOL_FILES/Spring 2025/Bachelor/Unreal_Engine_Backups/May 08/Witch_Game/Content/Player/Anne_Body/Materials/Player_Body_COMBINED_LowPoly_M_Player_Body_BaseColor.ubulk" 458
"C:/Users/hanna/Documents/SCHOOL_FILES/Spring 2025/Bachelor/Unreal_Engine_Backups/May 08/Witch_Game/Content/Player/Anne_Body/Materials/Player_Body_COMBINED_LowPoly_M_Player_Body_BaseColor.uasset" 459
"C:/Users/hanna/Documents/SCHOOL_FILES/Spring 2025/Bachelor/Unreal_Engine_Backups/May 08/Witch_Game/Content/Player/Anne_Body/Materials/Player_Body_COMBINED_LowPoly_M_Player_Body_BaseColor.uexp" 460
"C:/Users/hanna/Documents/SCHOOL_FILES/Spring 2025/Bachelor/Unreal_Engine_Backups/May 08/Witch_Game/Content/Player/Anne_Body/Materials/Player_Body_COMBINED_LowPoly_M_Player_Body_OcclusionRoughnessMetallic.ubulk" 461
"C:/Users/hanna/Documents/SCHOOL_FILES/Spring 2025/Bachelor/Unreal_Engine_Backups/May 08/Witch_Game/Content/Player/Anne_Body/Materials/Player_Body_COMBINED_LowPoly_M_Player_Body_OcclusionRoughnessMetallic.uasset" 462
"C:/Users/hanna/Documents/SCHOOL_FILES/Spring 2025/Bachelor/Unreal_Engine_Backups/May 08/Witch_Game/Content/Player/Anne_Body/Materials/Player_Body_COMBINED_LowPoly_M_Player_Body_OcclusionRoughnessMetallic.uexp" 463
"C:/Users/hanna/Documents/SCHOOL_FILES/Spring 2025/Bachelor/Unreal_Engine_Backups/May 08/Witch_Game/Content/Player/Anne_Body/Materials/Player_Body_COMBINED_LowPoly_M_Player_Body_Normal.ubulk" 464
"C:/Users/hanna/Documents/SCHOOL_FILES/Spring 2025/Bachelor/Unreal_Engine_Backups/May 08/Witch_Game/Content/Player/Anne_Body/Materials/Player_Body_COMBINED_LowPoly_M_Player_Body_Normal.uasset" 465
"C:/Users/hanna/Documents/SCHOOL_FILES/Spring 2025/Bachelor/Unreal_Engine_Backups/May 08/Witch_Game/Content/Player/Anne_Body/Materials/Player_Body_COMBINED_LowPoly_M_Player_Body_Normal.uexp" 466
"C:/Users/hanna/Documents/SCHOOL_FILES/Spring 2025/Bachelor/Unreal_Engine_Backups/May 08/Witch_Game/Content/Player/Anne_Body/Materials/M_Player_Body.uasset" 467
"C:/Users/hanna/Documents/SCHOOL_FILES/Spring 2025/Bachelor/Unreal_Engine_Backups/May 08/Witch_Game/Content/Player/Anne_Body/Materials/M_Player_Body.uexp" 468
"C:/Users/hanna/Documents/SCHOOL_FILES/Spring 2025/Bachelor/Unreal_Engine_Backups/May 08/Witch_Game/Content/Player/Anne_Body/Player_PhysicsAsset.uasset" 469
"C:/Users/hanna/Documents/SCHOOL_FILES/Spring 2025/Bachelor/Unreal_Engine_Backups/May 08/Witch_Game/Content/Player/Anne_Body/Player_PhysicsAsset.uexp" 470
"C:/Users/hanna/Documents/SCHOOL_FILES/Spring 2025/Bachelor/Unreal_Engine_Backups/May 08/Witch_Game/Content/Player/Anne_Body/Materials/Anne_Clothes_Texture_3_M_Dress_Normal.ubulk" 471
"C:/Users/hanna/Documents/SCHOOL_FILES/Spring 2025/Bachelor/Unreal_Engine_Backups/May 08/Witch_Game/Content/Player/Anne_Body/Materials/Anne_Clothes_Texture_3_M_Dress_Normal.uasset" 472
"C:/Users/hanna/Documents/SCHOOL_FILES/Spring 2025/Bachelor/Unreal_Engine_Backups/May 08/Witch_Game/Content/Player/Anne_Body/Materials/Anne_Clothes_Texture_3_M_Dress_Normal.uexp" 473
"C:/Users/hanna/Documents/SCHOOL_FILES/Spring 2025/Bachelor/Unreal_Engine_Backups/May 08/Witch_Game/Content/Player/Anne_Body/Materials/Anne_Clothes_Texture_3_M_Dress_BaseColor.ubulk" 474
"C:/Users/hanna/Documents/SCHOOL_FILES/Spring 2025/Bachelor/Unreal_Engine_Backups/May 08/Witch_Game/Content/Player/Anne_Body/Materials/Anne_Clothes_Texture_3_M_Dress_BaseColor.uasset" 475
"C:/Users/hanna/Documents/SCHOOL_FILES/Spring 2025/Bachelor/Unreal_Engine_Backups/May 08/Witch_Game/Content/Player/Anne_Body/Materials/Anne_Clothes_Texture_3_M_Dress_BaseColor.uexp" 476
"C:/Users/hanna/Documents/SCHOOL_FILES/Spring 2025/Bachelor/Unreal_Engine_Backups/May 08/Witch_Game/Content/Player/Anne_Body/Materials/Anne_Clothes_Texture_3_M_Dress_OcclusionRoughnessMetallic.ubulk" 477
"C:/Users/hanna/Documents/SCHOOL_FILES/Spring 2025/Bachelor/Unreal_Engine_Backups/May 08/Witch_Game/Content/Player/Anne_Body/Materials/Anne_Clothes_Texture_3_M_Dress_OcclusionRoughnessMetallic.uasset" 478
"C:/Users/hanna/Documents/SCHOOL_FILES/Spring 2025/Bachelor/Unreal_Engine_Backups/May 08/Witch_Game/Content/Player/Anne_Body/Materials/Anne_Clothes_Texture_3_M_Dress_OcclusionRoughnessMetallic.uexp" 479
"C:/Users/hanna/Documents/SCHOOL_FILES/Spring 2025/Bachelor/Unreal_Engine_Backups/May 08/Witch_Game/Content/Player/Anne_Body/Materials/M_Anne_Skirt_ClothRENDER.uasset" 480
"C:/Users/hanna/Documents/SCHOOL_FILES/Spring 2025/Bachelor/Unreal_Engine_Backups/May 08/Witch_Game/Content/Player/Anne_Body/Materials/M_Anne_Skirt_ClothRENDER.uexp" 481
"C:/Users/hanna/Documents/SCHOOL_FILES/Spring 2025/Bachelor/Unreal_Engine_Backups/May 08/Witch_Game/Content/Player/Anne_Body/Materials/M_Player_Clothes.uasset" 482
"C:/Users/hanna/Documents/SCHOOL_FILES/Spring 2025/Bachelor/Unreal_Engine_Backups/May 08/Witch_Game/Content/Player/Anne_Body/Materials/M_Player_Clothes.uexp" 483
"C:/Users/hanna/Documents/SCHOOL_FILES/Spring 2025/Bachelor/Unreal_Engine_Backups/May 08/Witch_Game/Content/Player/Anne_Body/Player.uasset" 484
"C:/Users/hanna/Documents/SCHOOL_FILES/Spring 2025/Bachelor/Unreal_Engine_Backups/May 08/Witch_Game/Content/Player/Anne_Body/Player.uexp" 485
"C:/Users/hanna/Documents/SCHOOL_FILES/Spring 2025/Bachelor/Unreal_Engine_Backups/May 08/Witch_Game/Content/Sequencer/Anne_WakesUp.uasset" 486
"C:/Users/hanna/Documents/SCHOOL_FILES/Spring 2025/Bachelor/Unreal_Engine_Backups/May 08/Witch_Game/Content/Sequencer/Anne_WakesUp.uexp" 487
"C:/Users/hanna/Documents/SCHOOL_FILES/Spring 2025/Bachelor/Unreal_Engine_Backups/May 08/Witch_Game/Content/Player/BP_ThirdPersonCharacter.uasset" 488
"C:/Users/hanna/Documents/SCHOOL_FILES/Spring 2025/Bachelor/Unreal_Engine_Backups/May 08/Witch_Game/Content/Player/BP_ThirdPersonCharacter.uexp" 489
"C:/Users/hanna/Documents/SCHOOL_FILES/Spring 2025/Bachelor/Unreal_Engine_Backups/May 08/Witch_Game/Content/Widgets/WBP_Intro_Cinematic.uasset" 490
"C:/Users/hanna/Documents/SCHOOL_FILES/Spring 2025/Bachelor/Unreal_Engine_Backups/May 08/Witch_Game/Content/Widgets/WBP_Intro_Cinematic.uexp" 491
"C:/Users/hanna/Documents/SCHOOL_FILES/Spring 2025/Bachelor/Unreal_Engine_Backups/May 08/Witch_Game/Content/MainMenu/M_MainMenu.uasset" 492
"C:/Users/hanna/Documents/SCHOOL_FILES/Spring 2025/Bachelor/Unreal_Engine_Backups/May 08/Witch_Game/Content/MainMenu/M_MainMenu.uexp" 493
"C:/Users/hanna/Documents/SCHOOL_FILES/Spring 2025/Bachelor/Unreal_Engine_Backups/May 08/Witch_Game/Content/MainMenu/WBP_MainMenu.uasset" 494
"C:/Users/hanna/Documents/SCHOOL_FILES/Spring 2025/Bachelor/Unreal_Engine_Backups/May 08/Witch_Game/Content/MainMenu/WBP_MainMenu.uexp" 495
"C:/Users/hanna/Documents/SCHOOL_FILES/Spring 2025/Bachelor/Unreal_Engine_Backups/May 08/Witch_Game/Content/Movie_Files/MP_MainMenu_Backround.uasset" 496
"C:/Users/hanna/Documents/SCHOOL_FILES/Spring 2025/Bachelor/Unreal_Engine_Backups/May 08/Witch_Game/Content/Movie_Files/MP_MainMenu_Backround.uexp" 497
"C:/Users/hanna/Documents/SCHOOL_FILES/Spring 2025/Bachelor/Unreal_Engine_Backups/May 08/Witch_Game/Content/Movie_Files/MP_MainMenu_Backround_Video.uasset" 498
"C:/Users/hanna/Documents/SCHOOL_FILES/Spring 2025/Bachelor/Unreal_Engine_Backups/May 08/Witch_Game/Content/Movie_Files/MP_MainMenu_Backround_Video.uexp" 499
"C:/Users/hanna/Documents/SCHOOL_FILES/Spring 2025/Bachelor/Unreal_Engine_Backups/May 08/Witch_Game/Content/Movie_Files/M_MainMenu_Backround.uasset" 500
"C:/Users/hanna/Documents/SCHOOL_FILES/Spring 2025/Bachelor/Unreal_Engine_Backups/May 08/Witch_Game/Content/Movie_Files/M_MainMenu_Backround.uexp" 501
"C:/Users/hanna/Documents/SCHOOL_FILES/Spring 2025/Bachelor/Unreal_Engine_Backups/May 08/Witch_Game/Content/Movies/MainMenu_Backround.uasset" 502
"C:/Users/hanna/Documents/SCHOOL_FILES/Spring 2025/Bachelor/Unreal_Engine_Backups/May 08/Witch_Game/Content/Movies/MainMenu_Backround.uexp" 503
"C:/Users/hanna/Documents/SCHOOL_FILES/Spring 2025/Bachelor/Unreal_Engine_Backups/May 08/Witch_Game/Content/Materials/M_Moon.uasset" 504
"C:/Users/hanna/Documents/SCHOOL_FILES/Spring 2025/Bachelor/Unreal_Engine_Backups/May 08/Witch_Game/Content/Materials/M_Moon.uexp" 505
"C:/Users/hanna/Documents/SCHOOL_FILES/Spring 2025/Bachelor/Unreal_Engine_Backups/May 08/Witch_Game/Content/3D_Assets/DimensionHome_Placeholders/Table_M_Table_Normal.ubulk" 506
"C:/Users/hanna/Documents/SCHOOL_FILES/Spring 2025/Bachelor/Unreal_Engine_Backups/May 08/Witch_Game/Content/3D_Assets/DimensionHome_Placeholders/Table_M_Table_Normal.uasset" 507
"C:/Users/hanna/Documents/SCHOOL_FILES/Spring 2025/Bachelor/Unreal_Engine_Backups/May 08/Witch_Game/Content/3D_Assets/DimensionHome_Placeholders/Table_M_Table_Normal.uexp" 508
"C:/Users/hanna/Documents/SCHOOL_FILES/Spring 2025/Bachelor/Unreal_Engine_Backups/May 08/Witch_Game/Content/3D_Assets/DimensionHome_Placeholders/Table_M_Table_OcclusionRoughnessMetallic.ubulk" 509
"C:/Users/hanna/Documents/SCHOOL_FILES/Spring 2025/Bachelor/Unreal_Engine_Backups/May 08/Witch_Game/Content/3D_Assets/DimensionHome_Placeholders/Table_M_Table_OcclusionRoughnessMetallic.uasset" 510
"C:/Users/hanna/Documents/SCHOOL_FILES/Spring 2025/Bachelor/Unreal_Engine_Backups/May 08/Witch_Game/Content/3D_Assets/DimensionHome_Placeholders/Table_M_Table_OcclusionRoughnessMetallic.uexp" 511
"C:/Users/hanna/Documents/SCHOOL_FILES/Spring 2025/Bachelor/Unreal_Engine_Backups/May 08/Witch_Game/Content/3D_Assets/DimensionHome_Placeholders/Table_M_Table_BaseColor.ubulk" 512
"C:/Users/hanna/Documents/SCHOOL_FILES/Spring 2025/Bachelor/Unreal_Engine_Backups/May 08/Witch_Game/Content/3D_Assets/DimensionHome_Placeholders/Table_M_Table_BaseColor.uasset" 513
"C:/Users/hanna/Documents/SCHOOL_FILES/Spring 2025/Bachelor/Unreal_Engine_Backups/May 08/Witch_Game/Content/3D_Assets/DimensionHome_Placeholders/Table_M_Table_BaseColor.uexp" 514
"C:/Users/hanna/Documents/SCHOOL_FILES/Spring 2025/Bachelor/Unreal_Engine_Backups/May 08/Witch_Game/Content/3D_Assets/DimensionHome_Placeholders/M_Table.uasset" 515
"C:/Users/hanna/Documents/SCHOOL_FILES/Spring 2025/Bachelor/Unreal_Engine_Backups/May 08/Witch_Game/Content/3D_Assets/DimensionHome_Placeholders/M_Table.uexp" 516
"C:/Users/hanna/Documents/SCHOOL_FILES/Spring 2025/Bachelor/Unreal_Engine_Backups/May 08/Witch_Game/Content/3D_Assets/DimensionHome_Placeholders/Combined_Table.ubulk" 517
"C:/Users/hanna/Documents/SCHOOL_FILES/Spring 2025/Bachelor/Unreal_Engine_Backups/May 08/Witch_Game/Content/3D_Assets/DimensionHome_Placeholders/Combined_Table.uasset" 518
"C:/Users/hanna/Documents/SCHOOL_FILES/Spring 2025/Bachelor/Unreal_Engine_Backups/May 08/Witch_Game/Content/3D_Assets/DimensionHome_Placeholders/Combined_Table.uexp" 519
"C:/Users/hanna/Documents/SCHOOL_FILES/Spring 2025/Bachelor/Unreal_Engine_Backups/May 08/Witch_Game/Content/2D_Assets/TX_Absalon_Portrait.uasset" 520
"C:/Users/hanna/Documents/SCHOOL_FILES/Spring 2025/Bachelor/Unreal_Engine_Backups/May 08/Witch_Game/Content/2D_Assets/TX_Absalon_Portrait.uexp" 521
"C:/Users/hanna/Documents/SCHOOL_FILES/Spring 2025/Bachelor/Unreal_Engine_Backups/May 08/Witch_Game/Content/Materials/M_TEST.uasset" 522
"C:/Users/hanna/Documents/SCHOOL_FILES/Spring 2025/Bachelor/Unreal_Engine_Backups/May 08/Witch_Game/Content/Materials/M_TEST.uexp" 523
"../../../Engine/Content/EngineMeshes/Cube.ubulk" 524
"../../../Engine/Content/EngineMeshes/Cube.uasset" 525
"../../../Engine/Content/EngineMeshes/Cube.uexp" 526
"C:/Users/hanna/Documents/SCHOOL_FILES/Spring 2025/Bachelor/Unreal_Engine_Backups/May 08/Witch_Game/Content/Interactable_Objects/BP_Interact_Picture.uasset" 527
"C:/Users/hanna/Documents/SCHOOL_FILES/Spring 2025/Bachelor/Unreal_Engine_Backups/May 08/Witch_Game/Content/Interactable_Objects/BP_Interact_Picture.uexp" 528
"C:/Users/hanna/Documents/SCHOOL_FILES/Spring 2025/Bachelor/Unreal_Engine_Backups/May 08/Witch_Game/Content/3D_Assets/DimensionHome/Materials/Textures/SM_RandomAssets02_M_RandomAssets02_Normal.ubulk" 529
"C:/Users/hanna/Documents/SCHOOL_FILES/Spring 2025/Bachelor/Unreal_Engine_Backups/May 08/Witch_Game/Content/3D_Assets/DimensionHome/Materials/Textures/SM_RandomAssets02_M_RandomAssets02_Normal.uasset" 530
"C:/Users/hanna/Documents/SCHOOL_FILES/Spring 2025/Bachelor/Unreal_Engine_Backups/May 08/Witch_Game/Content/3D_Assets/DimensionHome/Materials/Textures/SM_RandomAssets02_M_RandomAssets02_Normal.uexp" 531
"C:/Users/hanna/Documents/SCHOOL_FILES/Spring 2025/Bachelor/Unreal_Engine_Backups/May 08/Witch_Game/Content/3D_Assets/DimensionHome/Materials/Textures/SM_RandomAssets02_M_RandomAssets02_BaseColor.ubulk" 532
"C:/Users/hanna/Documents/SCHOOL_FILES/Spring 2025/Bachelor/Unreal_Engine_Backups/May 08/Witch_Game/Content/3D_Assets/DimensionHome/Materials/Textures/SM_RandomAssets02_M_RandomAssets02_BaseColor.uasset" 533
"C:/Users/hanna/Documents/SCHOOL_FILES/Spring 2025/Bachelor/Unreal_Engine_Backups/May 08/Witch_Game/Content/3D_Assets/DimensionHome/Materials/Textures/SM_RandomAssets02_M_RandomAssets02_BaseColor.uexp" 534
"C:/Users/hanna/Documents/SCHOOL_FILES/Spring 2025/Bachelor/Unreal_Engine_Backups/May 08/Witch_Game/Content/3D_Assets/DimensionHome/Materials/Textures/SM_RandomAssets02_M_RandomAssets02_OcclusionRoughnessMetallic.ubulk" 535
"C:/Users/hanna/Documents/SCHOOL_FILES/Spring 2025/Bachelor/Unreal_Engine_Backups/May 08/Witch_Game/Content/3D_Assets/DimensionHome/Materials/Textures/SM_RandomAssets02_M_RandomAssets02_OcclusionRoughnessMetallic.uasset" 536
"C:/Users/hanna/Documents/SCHOOL_FILES/Spring 2025/Bachelor/Unreal_Engine_Backups/May 08/Witch_Game/Content/3D_Assets/DimensionHome/Materials/Textures/SM_RandomAssets02_M_RandomAssets02_OcclusionRoughnessMetallic.uexp" 537
"C:/Users/hanna/Documents/SCHOOL_FILES/Spring 2025/Bachelor/Unreal_Engine_Backups/May 08/Witch_Game/Content/3D_Assets/DimensionHome/Materials/M_RandomAssets02.uasset" 538
"C:/Users/hanna/Documents/SCHOOL_FILES/Spring 2025/Bachelor/Unreal_Engine_Backups/May 08/Witch_Game/Content/3D_Assets/DimensionHome/Materials/M_RandomAssets02.uexp" 539
"C:/Users/hanna/Documents/SCHOOL_FILES/Spring 2025/Bachelor/Unreal_Engine_Backups/May 08/Witch_Game/Content/3D_Assets/DimensionHome/SM_WeddingRings.ubulk" 540
"C:/Users/hanna/Documents/SCHOOL_FILES/Spring 2025/Bachelor/Unreal_Engine_Backups/May 08/Witch_Game/Content/3D_Assets/DimensionHome/SM_WeddingRings.uasset" 541
"C:/Users/hanna/Documents/SCHOOL_FILES/Spring 2025/Bachelor/Unreal_Engine_Backups/May 08/Witch_Game/Content/3D_Assets/DimensionHome/SM_WeddingRings.uexp" 542
"C:/Users/hanna/Documents/SCHOOL_FILES/Spring 2025/Bachelor/Unreal_Engine_Backups/May 08/Witch_Game/Content/Interactable_Objects/BP_Interact_Rings.uasset" 543
"C:/Users/hanna/Documents/SCHOOL_FILES/Spring 2025/Bachelor/Unreal_Engine_Backups/May 08/Witch_Game/Content/Interactable_Objects/BP_Interact_Rings.uexp" 544
"../../../Engine/Content/BasicShapes/Cube.ubulk" 545
"../../../Engine/Content/BasicShapes/Cube.uasset" 546
"../../../Engine/Content/BasicShapes/Cube.uexp" 547
"C:/Users/hanna/Documents/SCHOOL_FILES/Spring 2025/Bachelor/Unreal_Engine_Backups/May 08/Witch_Game/Content/3D_Assets/DimensionHome/Materials/M_Mirror_Mercurary.uasset" 548
"C:/Users/hanna/Documents/SCHOOL_FILES/Spring 2025/Bachelor/Unreal_Engine_Backups/May 08/Witch_Game/Content/3D_Assets/DimensionHome/Materials/M_Mirror_Mercurary.uexp" 549
"C:/Users/hanna/Documents/SCHOOL_FILES/Spring 2025/Bachelor/Unreal_Engine_Backups/May 08/Witch_Game/Content/3D_Assets/DimensionHome/Materials/Textures/SM_Mirror_M_MirrorWood_BaseColor.ubulk" 550
"C:/Users/hanna/Documents/SCHOOL_FILES/Spring 2025/Bachelor/Unreal_Engine_Backups/May 08/Witch_Game/Content/3D_Assets/DimensionHome/Materials/Textures/SM_Mirror_M_MirrorWood_BaseColor.uasset" 551
"C:/Users/hanna/Documents/SCHOOL_FILES/Spring 2025/Bachelor/Unreal_Engine_Backups/May 08/Witch_Game/Content/3D_Assets/DimensionHome/Materials/Textures/SM_Mirror_M_MirrorWood_BaseColor.uexp" 552
"C:/Users/hanna/Documents/SCHOOL_FILES/Spring 2025/Bachelor/Unreal_Engine_Backups/May 08/Witch_Game/Content/3D_Assets/DimensionHome/Materials/Textures/SM_Mirror_M_MirrorWood_OcclusionRoughnessMetallic.ubulk" 553
"C:/Users/hanna/Documents/SCHOOL_FILES/Spring 2025/Bachelor/Unreal_Engine_Backups/May 08/Witch_Game/Content/3D_Assets/DimensionHome/Materials/Textures/SM_Mirror_M_MirrorWood_OcclusionRoughnessMetallic.uasset" 554
"C:/Users/hanna/Documents/SCHOOL_FILES/Spring 2025/Bachelor/Unreal_Engine_Backups/May 08/Witch_Game/Content/3D_Assets/DimensionHome/Materials/Textures/SM_Mirror_M_MirrorWood_OcclusionRoughnessMetallic.uexp" 555
"C:/Users/hanna/Documents/SCHOOL_FILES/Spring 2025/Bachelor/Unreal_Engine_Backups/May 08/Witch_Game/Content/3D_Assets/DimensionHome/Materials/Textures/SM_Mirror_M_MirrorWood_Normal.ubulk" 556
"C:/Users/hanna/Documents/SCHOOL_FILES/Spring 2025/Bachelor/Unreal_Engine_Backups/May 08/Witch_Game/Content/3D_Assets/DimensionHome/Materials/Textures/SM_Mirror_M_MirrorWood_Normal.uasset" 557
"C:/Users/hanna/Documents/SCHOOL_FILES/Spring 2025/Bachelor/Unreal_Engine_Backups/May 08/Witch_Game/Content/3D_Assets/DimensionHome/Materials/Textures/SM_Mirror_M_MirrorWood_Normal.uexp" 558
"C:/Users/hanna/Documents/SCHOOL_FILES/Spring 2025/Bachelor/Unreal_Engine_Backups/May 08/Witch_Game/Content/3D_Assets/DimensionHome/Materials/M_MirrorFrame.uasset" 559
"C:/Users/hanna/Documents/SCHOOL_FILES/Spring 2025/Bachelor/Unreal_Engine_Backups/May 08/Witch_Game/Content/3D_Assets/DimensionHome/Materials/M_MirrorFrame.uexp" 560
"C:/Users/hanna/Documents/SCHOOL_FILES/Spring 2025/Bachelor/Unreal_Engine_Backups/May 08/Witch_Game/Content/3D_Assets/DimensionHome/SM_Mirror.ubulk" 561
"C:/Users/hanna/Documents/SCHOOL_FILES/Spring 2025/Bachelor/Unreal_Engine_Backups/May 08/Witch_Game/Content/3D_Assets/DimensionHome/SM_Mirror.uasset" 562
"C:/Users/hanna/Documents/SCHOOL_FILES/Spring 2025/Bachelor/Unreal_Engine_Backups/May 08/Witch_Game/Content/3D_Assets/DimensionHome/SM_Mirror.uexp" 563
"../../../Engine/Content/Engine_MI_Shaders/T_Emissive.uasset" 564
"../../../Engine/Content/Engine_MI_Shaders/T_Emissive.uexp" 565
"../../../Engine/Content/Engine_MI_Shaders/T_Reflection.uasset" 566
"../../../Engine/Content/Engine_MI_Shaders/T_Reflection.uexp" 567
"../../../Engine/Content/Engine_MI_Shaders/M_Shader_SimpleTranslucent.uasset" 568
"../../../Engine/Content/Engine_MI_Shaders/M_Shader_SimpleTranslucent.uexp" 569
"../../../Engine/Content/Engine_MI_Shaders/Instances/M_Shader_SimpleTranslucent_Invis.uasset" 570
"../../../Engine/Content/Engine_MI_Shaders/Instances/M_Shader_SimpleTranslucent_Invis.uexp" 571
"C:/Users/hanna/Documents/SCHOOL_FILES/Spring 2025/Bachelor/Unreal_Engine_Backups/May 08/Witch_Game/Content/Interactable_Objects/BP_Interact_Mirror.uasset" 572
"C:/Users/hanna/Documents/SCHOOL_FILES/Spring 2025/Bachelor/Unreal_Engine_Backups/May 08/Witch_Game/Content/Interactable_Objects/BP_Interact_Mirror.uexp" 573
"C:/Users/hanna/Documents/SCHOOL_FILES/Spring 2025/Bachelor/Unreal_Engine_Backups/May 08/Witch_Game/Content/Fonts/Breathing_Personal_Use_Only.uexp" 574
"C:/Users/hanna/Documents/SCHOOL_FILES/Spring 2025/Bachelor/Unreal_Engine_Backups/May 08/Witch_Game/Content/Fonts/Breathing_Personal_Use_Only.uasset" 575
"C:/Users/hanna/Documents/SCHOOL_FILES/Spring 2025/Bachelor/Unreal_Engine_Backups/May 08/Witch_Game/Content/Fonts/Breathing_Personal_Use_Only.ufont" 576
"C:/Users/hanna/Documents/SCHOOL_FILES/Spring 2025/Bachelor/Unreal_Engine_Backups/May 08/Witch_Game/Content/Fonts/Breathing_Personal_Use_Only_Font.uasset" 577
"C:/Users/hanna/Documents/SCHOOL_FILES/Spring 2025/Bachelor/Unreal_Engine_Backups/May 08/Witch_Game/Content/Fonts/Breathing_Personal_Use_Only_Font.uexp" 578
"C:/Users/hanna/Documents/SCHOOL_FILES/Spring 2025/Bachelor/Unreal_Engine_Backups/May 08/Witch_Game/Content/Audio/violin-improv-73437.ubulk" 579
"C:/Users/hanna/Documents/SCHOOL_FILES/Spring 2025/Bachelor/Unreal_Engine_Backups/May 08/Witch_Game/Content/Audio/violin-improv-73437.uasset" 580
"C:/Users/hanna/Documents/SCHOOL_FILES/Spring 2025/Bachelor/Unreal_Engine_Backups/May 08/Witch_Game/Content/Audio/violin-improv-73437.uexp" 581
"C:/Users/hanna/Documents/SCHOOL_FILES/Spring 2025/Bachelor/Unreal_Engine_Backups/May 08/Witch_Game/Content/Audio/SE_Suzanna_Speaking.ubulk" 582
"C:/Users/hanna/Documents/SCHOOL_FILES/Spring 2025/Bachelor/Unreal_Engine_Backups/May 08/Witch_Game/Content/Audio/SE_Suzanna_Speaking.uasset" 583
"C:/Users/hanna/Documents/SCHOOL_FILES/Spring 2025/Bachelor/Unreal_Engine_Backups/May 08/Witch_Game/Content/Audio/SE_Suzanna_Speaking.uexp" 584
"C:/Users/hanna/Documents/SCHOOL_FILES/Spring 2025/Bachelor/Unreal_Engine_Backups/May 08/Witch_Game/Content/Audio/SE_SuzannaSick.ubulk" 585
"C:/Users/hanna/Documents/SCHOOL_FILES/Spring 2025/Bachelor/Unreal_Engine_Backups/May 08/Witch_Game/Content/Audio/SE_SuzannaSick.uasset" 586
"C:/Users/hanna/Documents/SCHOOL_FILES/Spring 2025/Bachelor/Unreal_Engine_Backups/May 08/Witch_Game/Content/Audio/SE_SuzannaSick.uexp" 587
"C:/Users/hanna/Documents/SCHOOL_FILES/Spring 2025/Bachelor/Unreal_Engine_Backups/May 08/Witch_Game/Content/Audio/SE_KeyUnlock.ubulk" 588
"C:/Users/hanna/Documents/SCHOOL_FILES/Spring 2025/Bachelor/Unreal_Engine_Backups/May 08/Witch_Game/Content/Audio/SE_KeyUnlock.uasset" 589
"C:/Users/hanna/Documents/SCHOOL_FILES/Spring 2025/Bachelor/Unreal_Engine_Backups/May 08/Witch_Game/Content/Audio/SE_KeyUnlock.uexp" 590
"C:/Users/hanna/Documents/SCHOOL_FILES/Spring 2025/Bachelor/Unreal_Engine_Backups/May 08/Witch_Game/Content/Audio/SE_Fireplace.ubulk" 591
"C:/Users/hanna/Documents/SCHOOL_FILES/Spring 2025/Bachelor/Unreal_Engine_Backups/May 08/Witch_Game/Content/Audio/SE_Fireplace.uasset" 592
"C:/Users/hanna/Documents/SCHOOL_FILES/Spring 2025/Bachelor/Unreal_Engine_Backups/May 08/Witch_Game/Content/Audio/SE_Fireplace.uexp" 593
"../../../Engine/Content/EngineSounds/Master.uasset" 594
"../../../Engine/Content/EngineSounds/Master.uexp" 595
"../../../Engine/Content/EngineSounds/Normal_Attack.uasset" 596
"../../../Engine/Content/EngineSounds/Normal_Attack.uexp" 597
"../../../Engine/Content/EngineSounds/Duck_Normal_Attack_MixMod.uasset" 598
"../../../Engine/Content/EngineSounds/Duck_Normal_Attack_MixMod.uexp" 599
"../../../Engine/Content/EngineSounds/Special_Attack_PSM.uasset" 600
"../../../Engine/Content/EngineSounds/Special_Attack_PSM.uexp" 601
"../../../Engine/Content/EngineSounds/SFX.uasset" 602
"../../../Engine/Content/EngineSounds/SFX.uexp" 603
"C:/Users/hanna/Documents/SCHOOL_FILES/Spring 2025/Bachelor/Unreal_Engine_Backups/May 08/Witch_Game/Content/Audio/SE_Fireplace_Cue.uasset" 604
"C:/Users/hanna/Documents/SCHOOL_FILES/Spring 2025/Bachelor/Unreal_Engine_Backups/May 08/Witch_Game/Content/Audio/SE_Fireplace_Cue.uexp" 605
"C:/Users/hanna/Documents/SCHOOL_FILES/Spring 2025/Bachelor/Unreal_Engine_Backups/May 08/Witch_Game/Content/Audio/SA_Fireplace.uasset" 606
"C:/Users/hanna/Documents/SCHOOL_FILES/Spring 2025/Bachelor/Unreal_Engine_Backups/May 08/Witch_Game/Content/Audio/SA_Fireplace.uexp" 607
"C:/Users/hanna/Documents/SCHOOL_FILES/Spring 2025/Bachelor/Unreal_Engine_Backups/May 08/Witch_Game/Content/3D_Assets/DimensionHome/Materials/Walls.uasset" 608
"C:/Users/hanna/Documents/SCHOOL_FILES/Spring 2025/Bachelor/Unreal_Engine_Backups/May 08/Witch_Game/Content/3D_Assets/DimensionHome/Materials/Walls.uexp" 609
"C:/Users/hanna/Documents/SCHOOL_FILES/Spring 2025/Bachelor/Unreal_Engine_Backups/May 08/Witch_Game/Content/3D_Assets/DimensionHome/Materials/Furniture.uasset" 610
"C:/Users/hanna/Documents/SCHOOL_FILES/Spring 2025/Bachelor/Unreal_Engine_Backups/May 08/Witch_Game/Content/3D_Assets/DimensionHome/Materials/Furniture.uexp" 611
"C:/Users/hanna/Documents/SCHOOL_FILES/Spring 2025/Bachelor/Unreal_Engine_Backups/May 08/Witch_Game/Content/3D_Assets/DimensionHome/Materials/Floor.uasset" 612
"C:/Users/hanna/Documents/SCHOOL_FILES/Spring 2025/Bachelor/Unreal_Engine_Backups/May 08/Witch_Game/Content/3D_Assets/DimensionHome/Materials/Floor.uexp" 613
"C:/Users/hanna/Documents/SCHOOL_FILES/Spring 2025/Bachelor/Unreal_Engine_Backups/May 08/Witch_Game/Content/2D_Assets/TX_Resume_Button_Clicked.uasset" 614
"C:/Users/hanna/Documents/SCHOOL_FILES/Spring 2025/Bachelor/Unreal_Engine_Backups/May 08/Witch_Game/Content/2D_Assets/TX_Resume_Button_Clicked.uexp" 615
"C:/Users/hanna/Documents/SCHOOL_FILES/Spring 2025/Bachelor/Unreal_Engine_Backups/May 08/Witch_Game/Content/2D_Assets/TX_RatAttack_Logo.uasset" 616
"C:/Users/hanna/Documents/SCHOOL_FILES/Spring 2025/Bachelor/Unreal_Engine_Backups/May 08/Witch_Game/Content/2D_Assets/TX_RatAttack_Logo.uexp" 617
"C:/Users/hanna/Documents/SCHOOL_FILES/Spring 2025/Bachelor/Unreal_Engine_Backups/May 08/Witch_Game/Content/2D_Assets/TX_LoadingScreen.uasset" 618
"C:/Users/hanna/Documents/SCHOOL_FILES/Spring 2025/Bachelor/Unreal_Engine_Backups/May 08/Witch_Game/Content/2D_Assets/TX_LoadingScreen.uexp" 619
"C:/Users/hanna/Documents/SCHOOL_FILES/Spring 2025/Bachelor/Unreal_Engine_Backups/May 08/Witch_Game/Content/2D_Assets/Trails_Trials_Logo.uasset" 620
"C:/Users/hanna/Documents/SCHOOL_FILES/Spring 2025/Bachelor/Unreal_Engine_Backups/May 08/Witch_Game/Content/2D_Assets/Trails_Trials_Logo.uexp" 621
"C:/Users/hanna/Documents/SCHOOL_FILES/Spring 2025/Bachelor/Unreal_Engine_Backups/May 08/Witch_Game/Content/2D_Assets/Svartbok_Texture_LowPoly_M_Svartbok4_OcclusionRoughnessMetallic.ubulk" 622
"C:/Users/hanna/Documents/SCHOOL_FILES/Spring 2025/Bachelor/Unreal_Engine_Backups/May 08/Witch_Game/Content/2D_Assets/Svartbok_Texture_LowPoly_M_Svartbok4_OcclusionRoughnessMetallic.uasset" 623
"C:/Users/hanna/Documents/SCHOOL_FILES/Spring 2025/Bachelor/Unreal_Engine_Backups/May 08/Witch_Game/Content/2D_Assets/Svartbok_Texture_LowPoly_M_Svartbok4_OcclusionRoughnessMetallic.uexp" 624
"C:/Users/hanna/Documents/SCHOOL_FILES/Spring 2025/Bachelor/Unreal_Engine_Backups/May 08/Witch_Game/Content/2D_Assets/Svartbok_Texture_LowPoly_M_Svartbok4_Normal.ubulk" 625
"C:/Users/hanna/Documents/SCHOOL_FILES/Spring 2025/Bachelor/Unreal_Engine_Backups/May 08/Witch_Game/Content/2D_Assets/Svartbok_Texture_LowPoly_M_Svartbok4_Normal.uasset" 626
"C:/Users/hanna/Documents/SCHOOL_FILES/Spring 2025/Bachelor/Unreal_Engine_Backups/May 08/Witch_Game/Content/2D_Assets/Svartbok_Texture_LowPoly_M_Svartbok4_Normal.uexp" 627
"C:/Users/hanna/Documents/SCHOOL_FILES/Spring 2025/Bachelor/Unreal_Engine_Backups/May 08/Witch_Game/Content/2D_Assets/Svartbok_Texture_LowPoly_M_Svartbok4_BaseColor.ubulk" 628
"C:/Users/hanna/Documents/SCHOOL_FILES/Spring 2025/Bachelor/Unreal_Engine_Backups/May 08/Witch_Game/Content/2D_Assets/Svartbok_Texture_LowPoly_M_Svartbok4_BaseColor.uasset" 629
"C:/Users/hanna/Documents/SCHOOL_FILES/Spring 2025/Bachelor/Unreal_Engine_Backups/May 08/Witch_Game/Content/2D_Assets/Svartbok_Texture_LowPoly_M_Svartbok4_BaseColor.uexp" 630
"C:/Users/hanna/Documents/SCHOOL_FILES/Spring 2025/Bachelor/Unreal_Engine_Backups/May 08/Witch_Game/Content/2D_Assets/TX_LMB_Icon.uasset" 631
"C:/Users/hanna/Documents/SCHOOL_FILES/Spring 2025/Bachelor/Unreal_Engine_Backups/May 08/Witch_Game/Content/2D_Assets/TX_LMB_Icon.uexp" 632
"C:/Users/hanna/Documents/SCHOOL_FILES/Spring 2025/Bachelor/Unreal_Engine_Backups/May 08/Witch_Game/Content/2D_Assets/M_LMB_Icon.uasset" 633
"C:/Users/hanna/Documents/SCHOOL_FILES/Spring 2025/Bachelor/Unreal_Engine_Backups/May 08/Witch_Game/Content/2D_Assets/M_LMB_Icon.uexp" 634
"C:/Users/hanna/Documents/SCHOOL_FILES/Spring 2025/Bachelor/Unreal_Engine_Backups/May 08/Witch_Game/Content/2D_Assets/Line.uasset" 635
"C:/Users/hanna/Documents/SCHOOL_FILES/Spring 2025/Bachelor/Unreal_Engine_Backups/May 08/Witch_Game/Content/2D_Assets/Line.uexp" 636
"../../../Engine/Plugins/Runtime/MeshModelingToolset/Content/Materials/M_DynamicMeshComponentVtxColor.uasset" 637
"../../../Engine/Plugins/Runtime/MeshModelingToolset/Content/Materials/M_DynamicMeshComponentVtxColor.uexp" 638
"../../../Engine/Plugins/Runtime/HairStrands/Content/Materials/HairMeshesDefaultMaterial.uasset" 639
"../../../Engine/Plugins/Runtime/HairStrands/Content/Materials/HairMeshesDefaultMaterial.uexp" 640
"../../../Engine/Plugins/Runtime/HairStrands/Content/Materials/HairDefaultMaterial.uasset" 641
"../../../Engine/Plugins/Runtime/HairStrands/Content/Materials/HairDefaultMaterial.uexp" 642
"../../../Engine/Plugins/Runtime/HairStrands/Content/Materials/HairGroupColors.uasset" 643
"../../../Engine/Plugins/Runtime/HairStrands/Content/Materials/HairGroupColors.uexp" 644
"../../../Engine/Content/Functions/Engine_MaterialFunctions02/Utility/MakeFloat2.uasset" 645
"../../../Engine/Content/Functions/Engine_MaterialFunctions02/Utility/MakeFloat2.uexp" 646
"../../../Engine/Content/Functions/Engine_MaterialFunctions02/Utility/MakeFloat3.uasset" 647
"../../../Engine/Content/Functions/Engine_MaterialFunctions02/Utility/MakeFloat3.uexp" 648
"../../../Engine/Content/EngineMaterials/HairColorMap.uasset" 649
"../../../Engine/Content/EngineMaterials/HairColorMap.uexp" 650
"../../../Engine/Content/EngineMaterials/HairDebugColor.uasset" 651
"../../../Engine/Content/EngineMaterials/HairDebugColor.uexp" 652
"../../../Engine/Plugins/Runtime/HairStrands/Content/Materials/HairDebugMaterial.uasset" 653
"../../../Engine/Plugins/Runtime/HairStrands/Content/Materials/HairDebugMaterial.uexp" 654
"../../../Engine/Plugins/Runtime/HairStrands/Content/Materials/HairCardsDefaultMaterial.uasset" 655
"../../../Engine/Plugins/Runtime/HairStrands/Content/Materials/HairCardsDefaultMaterial.uexp" 656
"../../../Engine/Plugins/Interchange/Runtime/Content/Pipelines/DefaultTexturePipeline.uasset" 657
"../../../Engine/Plugins/Interchange/Runtime/Content/Pipelines/DefaultTexturePipeline.uexp" 658
"../../../Engine/Plugins/Interchange/Runtime/Content/Pipelines/DefaultSceneLevelPipeline.uasset" 659
"../../../Engine/Plugins/Interchange/Runtime/Content/Pipelines/DefaultSceneLevelPipeline.uexp" 660
"../../../Engine/Plugins/Interchange/Runtime/Content/Pipelines/DefaultSceneAssetsPipeline.uasset" 661
"../../../Engine/Plugins/Interchange/Runtime/Content/Pipelines/DefaultSceneAssetsPipeline.uexp" 662
"../../../Engine/Plugins/Interchange/Runtime/Content/Pipelines/DefaultMaterialXPipeline.uasset" 663
"../../../Engine/Plugins/Interchange/Runtime/Content/Pipelines/DefaultMaterialXPipeline.uexp" 664
"../../../Engine/Plugins/Interchange/Runtime/Content/Pipelines/DefaultMaterialPipeline.uasset" 665
"../../../Engine/Plugins/Interchange/Runtime/Content/Pipelines/DefaultMaterialPipeline.uexp" 666
"../../../Engine/Plugins/Interchange/Runtime/Content/Pipelines/DefaultGLTFSceneAssetsPipeline.uasset" 667
"../../../Engine/Plugins/Interchange/Runtime/Content/Pipelines/DefaultGLTFSceneAssetsPipeline.uexp" 668
"../../../Engine/Plugins/Interchange/Runtime/Content/Pipelines/DefaultGLTFPipeline.uasset" 669
"../../../Engine/Plugins/Interchange/Runtime/Content/Pipelines/DefaultGLTFPipeline.uexp" 670
"../../../Engine/Plugins/Interchange/Runtime/Content/Pipelines/DefaultGLTFAssetsPipeline.uasset" 671
"../../../Engine/Plugins/Interchange/Runtime/Content/Pipelines/DefaultGLTFAssetsPipeline.uexp" 672
"../../../Engine/Plugins/Interchange/Runtime/Content/Pipelines/DefaultAssetsPipeline.uasset" 673
"../../../Engine/Plugins/Interchange/Runtime/Content/Pipelines/DefaultAssetsPipeline.uexp" 674
"../../../Engine/Plugins/Interchange/Runtime/Content/Functions/MX_UsdPreviewSurface.uasset" 675
"../../../Engine/Plugins/Interchange/Runtime/Content/Functions/MX_UsdPreviewSurface.uexp" 676
"../../../Engine/Plugins/Interchange/Runtime/Content/Functions/MX_UniformEDF.uasset" 677
"../../../Engine/Plugins/Interchange/Runtime/Content/Functions/MX_UniformEDF.uexp" 678
"../../../Engine/Plugins/Interchange/Runtime/Content/Functions/MX_TranslucentBSDF.uasset" 679
"../../../Engine/Plugins/Interchange/Runtime/Content/Functions/MX_TranslucentBSDF.uexp" 680
"../../../Engine/Plugins/Interchange/Runtime/Content/Functions/MX_ThinFilmBSDF.uasset" 681
"../../../Engine/Plugins/Interchange/Runtime/Content/Functions/MX_ThinFilmBSDF.uexp" 682
"../../../Engine/Plugins/Interchange/Runtime/Content/Functions/MX_SurfaceUnlit.uasset" 683
"../../../Engine/Plugins/Interchange/Runtime/Content/Functions/MX_SurfaceUnlit.uexp" 684
"../../../Engine/Plugins/Interchange/Runtime/Content/Functions/MX_Surface.uasset" 685
"../../../Engine/Plugins/Interchange/Runtime/Content/Functions/MX_Surface.uexp" 686
"../../../Engine/Plugins/Interchange/Runtime/Content/Functions/MX_SubsurfaceBSDF.uasset" 687
"../../../Engine/Plugins/Interchange/Runtime/Content/Functions/MX_SubsurfaceBSDF.uexp" 688
"../../../Engine/Plugins/Interchange/Runtime/Content/Functions/MX_SheenBSDF.uasset" 689
"../../../Engine/Plugins/Interchange/Runtime/Content/Functions/MX_SheenBSDF.uexp" 690
"../../../Engine/Plugins/Interchange/Runtime/Content/Functions/MX_OrenNayarBSDF.uasset" 691
"../../../Engine/Plugins/Interchange/Runtime/Content/Functions/MX_OrenNayarBSDF.uexp" 692
"../../../Engine/Content/Functions/Engine_MaterialFunctions02/Utility/CameraDirectionVector.uasset" 693
"../../../Engine/Content/Functions/Engine_MaterialFunctions02/Utility/CameraDirectionVector.uexp" 694
"../../../Engine/Content/Functions/Engine_MaterialFunctions01/Volumetrics/BeersLaw.uasset" 695
"../../../Engine/Content/Functions/Engine_MaterialFunctions01/Volumetrics/BeersLaw.uexp" 696
"../../../Engine/Content/EngineMaterials/Good64x64TilingNoiseHighFreq.uasset" 697
"../../../Engine/Content/EngineMaterials/Good64x64TilingNoiseHighFreq.uexp" 698
"../../../Engine/Content/Functions/Engine_MaterialFunctions02/Texturing/ScreenAlignedPixelToPixelUVs.uasset" 699
"../../../Engine/Content/Functions/Engine_MaterialFunctions02/Texturing/ScreenAlignedPixelToPixelUVs.uexp" 700
"../../../Engine/Plugins/Interchange/Runtime/Content/gltf/MaterialFunctions/MF_Temporal_Blur.uasset" 701
"../../../Engine/Plugins/Interchange/Runtime/Content/gltf/MaterialFunctions/MF_Temporal_Blur.uexp" 702
"../../../Engine/Plugins/Interchange/Runtime/Content/gltf/MaterialFunctions/MF_Fresnel_DS.uasset" 703
"../../../Engine/Plugins/Interchange/Runtime/Content/gltf/MaterialFunctions/MF_Fresnel_DS.uexp" 704
"../../../Engine/Content/Functions/Engine_MaterialFunctions02/Utility/BreakOutFloat3Components.uasset" 705
"../../../Engine/Content/Functions/Engine_MaterialFunctions02/Utility/BreakOutFloat3Components.uexp" 706
"../../../Engine/Plugins/Interchange/Runtime/Content/Functions/MX_Transmission.uasset" 707
"../../../Engine/Plugins/Interchange/Runtime/Content/Functions/MX_Transmission.uexp" 708
"../../../Engine/Plugins/Interchange/Runtime/Content/Functions/MF_OrenNayerView.uasset" 709
"../../../Engine/Plugins/Interchange/Runtime/Content/Functions/MF_OrenNayerView.uexp" 710
"../../../Engine/Plugins/Interchange/Runtime/Content/Functions/MF_SchlickApprox.uasset" 711
"../../../Engine/Plugins/Interchange/Runtime/Content/Functions/MF_SchlickApprox.uexp" 712
"../../../Engine/Plugins/Interchange/Runtime/Content/Utilities/New_LUT.uasset" 713
"../../../Engine/Plugins/Interchange/Runtime/Content/Utilities/New_LUT.uexp" 714
"../../../Engine/Content/Functions/Engine_MaterialFunctions03/Math/RemapValueRange.uasset" 715
"../../../Engine/Content/Functions/Engine_MaterialFunctions03/Math/RemapValueRange.uexp" 716
"../../../Engine/Plugins/Interchange/Runtime/Content/Functions/MF_Iridescence.uasset" 717
"../../../Engine/Plugins/Interchange/Runtime/Content/Functions/MF_Iridescence.uexp" 718
"../../../Engine/Plugins/Interchange/Runtime/Content/Functions/MX_StandardSurface.uasset" 719
"../../../Engine/Plugins/Interchange/Runtime/Content/Functions/MX_StandardSurface.uexp" 720
"../../../Engine/Plugins/Interchange/Runtime/Content/Functions/MX_TransmissionSurface.uasset" 721
"../../../Engine/Plugins/Interchange/Runtime/Content/Functions/MX_TransmissionSurface.uexp" 722
"../../../Engine/Plugins/Interchange/Runtime/Content/Functions/MX_OpenPBR_Translucent.uasset" 723
"../../../Engine/Plugins/Interchange/Runtime/Content/Functions/MX_OpenPBR_Translucent.uexp" 724
"../../../Engine/Plugins/Interchange/Runtime/Content/Functions/MX_OpenPBR_Opaque.uasset" 725
"../../../Engine/Plugins/Interchange/Runtime/Content/Functions/MX_OpenPBR_Opaque.uexp" 726
"../../../Engine/Plugins/Interchange/Runtime/Content/Functions/MX_MeasuredEDF.uasset" 727
"../../../Engine/Plugins/Interchange/Runtime/Content/Functions/MX_MeasuredEDF.uexp" 728
"../../../Engine/Plugins/Interchange/Runtime/Content/Functions/MX_GeneralizedSchlickBSDF.uasset" 729
"../../../Engine/Plugins/Interchange/Runtime/Content/Functions/MX_GeneralizedSchlickBSDF.uexp" 730
"../../../Engine/Plugins/Interchange/Runtime/Content/Functions/MX_DielectricBSDF.uasset" 731
"../../../Engine/Plugins/Interchange/Runtime/Content/Functions/MX_DielectricBSDF.uexp" 732
"../../../Engine/Plugins/Interchange/Runtime/Content/Functions/MX_ConicalEDF.uasset" 733
"../../../Engine/Plugins/Interchange/Runtime/Content/Functions/MX_ConicalEDF.uexp" 734
"../../../Engine/Plugins/Interchange/Runtime/Content/Functions/MX_ConductorBSDF.uasset" 735
"../../../Engine/Plugins/Interchange/Runtime/Content/Functions/MX_ConductorBSDF.uexp" 736
"../../../Engine/Plugins/Interchange/Runtime/Content/Functions/MX_BurleyDiffuseBSDF.uasset" 737
"../../../Engine/Plugins/Interchange/Runtime/Content/Functions/MX_BurleyDiffuseBSDF.uexp" 738
"../../../Engine/Plugins/Interchange/Runtime/Content/Functions/MX_AnisotropicVDF.uasset" 739
"../../../Engine/Plugins/Interchange/Runtime/Content/Functions/MX_AnisotropicVDF.uexp" 740
"../../../Engine/Plugins/Interchange/Runtime/Content/Functions/MX_AbsorptionVDF.uasset" 741
"../../../Engine/Plugins/Interchange/Runtime/Content/Functions/MX_AbsorptionVDF.uexp" 742
"../../../Engine/Content/Functions/Engine_MaterialFunctions01/ImageAdjustment/sRGBToLinear.uasset" 743
"../../../Engine/Content/Functions/Engine_MaterialFunctions01/ImageAdjustment/sRGBToLinear.uexp" 744
"../../../Engine/Plugins/Importers/USDImporter/Content/Materials/DisplayColor.uasset" 745
"../../../Engine/Plugins/Importers/USDImporter/Content/Materials/DisplayColor.uexp" 746
"../../../Engine/Plugins/Experimental/Water/Content/Waves/GerstnerWaves_Ocean.uasset" 747
"../../../Engine/Plugins/Experimental/Water/Content/Waves/GerstnerWaves_Ocean.uexp" 748
"../../../Engine/Plugins/Experimental/Water/Content/Waves/GerstnerWaves_Lake.uasset" 749
"../../../Engine/Plugins/Experimental/Water/Content/Waves/GerstnerWaves_Lake.uexp" 750
"../../../Engine/Plugins/Experimental/Water/Content/Icons/WaterSprite.uasset" 751
"../../../Engine/Plugins/Experimental/Water/Content/Icons/WaterSprite.uexp" 752
"../../../Engine/Plugins/Experimental/Water/Content/Icons/WaterLandscapeBrushSprite.ubulk" 753
"../../../Engine/Plugins/Experimental/Water/Content/Icons/WaterLandscapeBrushSprite.uasset" 754
"../../../Engine/Plugins/Experimental/Water/Content/Icons/WaterLandscapeBrushSprite.uexp" 755
"../../../Engine/Plugins/Experimental/Water/Content/Icons/WaterErrorSprite.ubulk" 756
"../../../Engine/Plugins/Experimental/Water/Content/Icons/WaterErrorSprite.uasset" 757
"../../../Engine/Plugins/Experimental/Water/Content/Icons/WaterErrorSprite.uexp" 758
"../../../Engine/Plugins/Experimental/Water/Content/Curves/FloatCurve_WaterBodyIsland.uasset" 759
"../../../Engine/Plugins/Experimental/Water/Content/Curves/FloatCurve_WaterBodyIsland.uexp" 760
"../../../Engine/Content/EngineResources/WhiteSquareTexture.uasset" 761
"../../../Engine/Content/EngineResources/WhiteSquareTexture.uexp" 762
"../../../Engine/Content/Functions/Engine_MaterialFunctions01/Texturing/FlattenNormal.uasset" 763
"../../../Engine/Content/Functions/Engine_MaterialFunctions01/Texturing/FlattenNormal.uexp" 764
"../../../Engine/Content/EngineMaterials/FlatNormal.uasset" 765
"../../../Engine/Content/EngineMaterials/FlatNormal.uexp" 766
"../../../Engine/Plugins/Enterprise/DatasmithContent/Content/Materials/SketchUpReference.uasset" 767
"../../../Engine/Plugins/Enterprise/DatasmithContent/Content/Materials/SketchUpReference.uexp" 768
"../../../Engine/Content/Functions/Engine_MaterialFunctions03/Procedurals/NormalFromHeightmap.uasset" 769
"../../../Engine/Content/Functions/Engine_MaterialFunctions03/Procedurals/NormalFromHeightmap.uexp" 770
"../../../Engine/Content/Functions/Engine_MaterialFunctions02/Texturing/CustomRotator.uasset" 771
"../../../Engine/Content/Functions/Engine_MaterialFunctions02/Texturing/CustomRotator.uexp" 772
"../../../Engine/Plugins/Enterprise/DatasmithContent/Content/Materials/TileMirrorAxis.uasset" 773
"../../../Engine/Plugins/Enterprise/DatasmithContent/Content/Materials/TileMirrorAxis.uexp" 774
"../../../Engine/Plugins/Enterprise/DatasmithContent/Content/Materials/UVEdit.uasset" 775
"../../../Engine/Plugins/Enterprise/DatasmithContent/Content/Materials/UVEdit.uexp" 776
"../../../Engine/Content/ArtTools/RenderToTexture/Textures/127grey.uasset" 777
"../../../Engine/Content/ArtTools/RenderToTexture/Textures/127grey.uexp" 778
"../../../Engine/Plugins/Enterprise/DatasmithContent/Content/Materials/RevitReference.uasset" 779
"../../../Engine/Plugins/Enterprise/DatasmithContent/Content/Materials/RevitReference.uexp" 780
"../../../Engine/Plugins/Enterprise/DatasmithContent/Content/Materials/CE_BaseReference.uasset" 781
"../../../Engine/Plugins/Enterprise/DatasmithContent/Content/Materials/CE_BaseReference.uexp" 782
"../../../Engine/Plugins/Enterprise/DatasmithContent/Content/Materials/CE_OpaqueReference.uasset" 783
"../../../Engine/Plugins/Enterprise/DatasmithContent/Content/Materials/CE_OpaqueReference.uexp" 784
"../../../Engine/Plugins/Enterprise/DatasmithContent/Content/Materials/CE_OpacitySimpleReference.uasset" 785
"../../../Engine/Plugins/Enterprise/DatasmithContent/Content/Materials/CE_OpacitySimpleReference.uexp" 786
"../../../Engine/Plugins/Enterprise/DatasmithContent/Content/Materials/CE_OpacityReference.uasset" 787
"../../../Engine/Plugins/Enterprise/DatasmithContent/Content/Materials/CE_OpacityReference.uexp" 788
"../../../Engine/Content/EngineMaterials/DefaultDiffuse.ubulk" 789
"../../../Engine/Content/EngineMaterials/DefaultDiffuse.uasset" 790
"../../../Engine/Content/EngineMaterials/DefaultDiffuse.uexp" 791
"../../../Engine/Content/EditorLandscapeResources/WhiteSquareTexture.uasset" 792
"../../../Engine/Content/EditorLandscapeResources/WhiteSquareTexture.uexp" 793
"../../../Engine/Plugins/Enterprise/DatasmithContent/Content/Materials/C4DReferenceUV.uasset" 794
"../../../Engine/Plugins/Enterprise/DatasmithContent/Content/Materials/C4DReferenceUV.uexp" 795
"../../../Engine/Content/Functions/Engine_MaterialFunctions02/HueShift.uasset" 796
"../../../Engine/Content/Functions/Engine_MaterialFunctions02/HueShift.uexp" 797
"../../../Engine/Content/EngineMaterials/T_Default_Normal.ubulk" 798
"../../../Engine/Content/EngineMaterials/T_Default_Normal.uasset" 799
"../../../Engine/Content/EngineMaterials/T_Default_Normal.uexp" 800
"../../../Engine/Content/EngineResources/Black.uasset" 801
"../../../Engine/Content/EngineResources/Black.uexp" 802
"../../../Engine/Plugins/Enterprise/DatasmithContent/Content/Materials/C4DReference.uasset" 803
"../../../Engine/Plugins/Enterprise/DatasmithContent/Content/Materials/C4DReference.uexp" 804
"../../../Engine/Plugins/Editor/SpeedTreeImporter/Content/SpeedTree9/game_wind_noise.ubulk" 805
"../../../Engine/Plugins/Editor/SpeedTreeImporter/Content/SpeedTree9/game_wind_noise.uasset" 806
"../../../Engine/Plugins/Editor/SpeedTreeImporter/Content/SpeedTree9/game_wind_noise.uexp" 807
"../../../Engine/Plugins/Editor/SpeedTreeImporter/Content/SpeedTree9/UnpackDirection.uasset" 808
"../../../Engine/Plugins/Editor/SpeedTreeImporter/Content/SpeedTree9/UnpackDirection.uexp" 809
"../../../Engine/Content/Functions/Engine_MaterialFunctions02/ObjectLocalBounds.uasset" 810
"../../../Engine/Content/Functions/Engine_MaterialFunctions02/ObjectLocalBounds.uexp" 811
"../../../Engine/Content/Functions/Engine_MaterialFunctions02/UVs/BoundingBoxBased_0-1_UVW.uasset" 812
"../../../Engine/Content/Functions/Engine_MaterialFunctions02/UVs/BoundingBoxBased_0-1_UVW.uexp" 813
"../../../Engine/Content/Functions/Engine_MaterialFunctions02/Utility/VectorLength.uasset" 814
"../../../Engine/Content/Functions/Engine_MaterialFunctions02/Utility/VectorLength.uexp" 815
"../../../Engine/Plugins/Editor/SpeedTreeImporter/Content/SpeedTree9/UnpackInteger3.uasset" 816
"../../../Engine/Plugins/Editor/SpeedTreeImporter/Content/SpeedTree9/UnpackInteger3.uexp" 817
"../../../Engine/Plugins/Editor/SpeedTreeImporter/Content/SpeedTree9/SpeedTreeCameraFacing.uasset" 818
"../../../Engine/Plugins/Editor/SpeedTreeImporter/Content/SpeedTree9/SpeedTreeCameraFacing.uexp" 819
"../../../Engine/Content/Functions/Engine_MaterialFunctions02/WorldPositionOffset/ObjectScale.uasset" 820
"../../../Engine/Content/Functions/Engine_MaterialFunctions02/WorldPositionOffset/ObjectScale.uexp" 821
"../../../Engine/Content/Functions/Engine_MaterialFunctions02/SafeNormalize.uasset" 822
"../../../Engine/Content/Functions/Engine_MaterialFunctions02/SafeNormalize.uexp" 823
"../../../Engine/Plugins/Editor/SpeedTreeImporter/Content/SpeedTree9/SpeedTreeWindMotion.uasset" 824
"../../../Engine/Plugins/Editor/SpeedTreeImporter/Content/SpeedTree9/SpeedTreeWindMotion.uexp" 825
"../../../Engine/Plugins/Editor/SpeedTreeImporter/Content/SpeedTree9/SpeedTreeBranchMotion.uasset" 826
"../../../Engine/Plugins/Editor/SpeedTreeImporter/Content/SpeedTree9/SpeedTreeBranchMotion.uexp" 827
"../../../Engine/Plugins/Editor/SpeedTreeImporter/Content/SpeedTree9/SpeedTreeWind.uasset" 828
"../../../Engine/Plugins/Editor/SpeedTreeImporter/Content/SpeedTree9/SpeedTreeWind.uexp" 829
"../../../Engine/Plugins/Editor/SpeedTreeImporter/Content/SpeedTree9/EmptyNormal.uasset" 830
"../../../Engine/Plugins/Editor/SpeedTreeImporter/Content/SpeedTree9/EmptyNormal.uexp" 831
"../../../Engine/Plugins/Editor/SpeedTreeImporter/Content/SpeedTree9/Empty.uasset" 832
"../../../Engine/Plugins/Editor/SpeedTreeImporter/Content/SpeedTree9/Empty.uexp" 833
"../../../Engine/Plugins/Editor/SpeedTreeImporter/Content/SpeedTree9/SpeedTreeMaster.uasset" 834
"../../../Engine/Plugins/Editor/SpeedTreeImporter/Content/SpeedTree9/SpeedTreeMaster.uexp" 835
"../../../Engine/Plugins/Editor/SpeedTreeImporter/Content/SpeedTree9/SpeedTreeBillboard.uasset" 836
"../../../Engine/Plugins/Editor/SpeedTreeImporter/Content/SpeedTree9/SpeedTreeBillboard.uexp" 837
"../../../Engine/Plugins/Editor/SpeedTreeImporter/Content/SpeedTree9/SpeedTreeBillboardMaster.uasset" 838
"../../../Engine/Plugins/Editor/SpeedTreeImporter/Content/SpeedTree9/SpeedTreeBillboardMaster.uexp" 839
"../../../Engine/Plugins/Animation/DeformerGraph/Content/Deformers/DG_LinearBlendSkin_Morph_Cloth_RecomputeNormals.uasset" 840
"../../../Engine/Plugins/Animation/DeformerGraph/Content/Deformers/DG_LinearBlendSkin_Morph_Cloth_RecomputeNormals.uexp" 841
"../../../Engine/Plugins/Animation/DeformerGraph/Content/Deformers/DG_LinearBlendSkin_Morph_Cloth.uasset" 842
"../../../Engine/Plugins/Animation/DeformerGraph/Content/Deformers/DG_LinearBlendSkin_Morph_Cloth.uexp" 843
"../../../Engine/Plugins/Animation/ControlRig/Content/Controls/DefaultGizmoLibraryNormalized.uasset" 844
"../../../Engine/Plugins/Animation/ControlRig/Content/Controls/DefaultGizmoLibraryNormalized.uexp" 845
"../../../Engine/Plugins/Animation/ControlRig/Content/Controls/ControlRig_Wedge_solid.ubulk" 846
"../../../Engine/Plugins/Animation/ControlRig/Content/Controls/ControlRig_Wedge_solid.uasset" 847
"../../../Engine/Plugins/Animation/ControlRig/Content/Controls/ControlRig_Wedge_solid.uexp" 848
"../../../Engine/Plugins/Animation/ControlRig/Content/Controls/ControlRig_Wedge_3mm.ubulk" 849
"../../../Engine/Plugins/Animation/ControlRig/Content/Controls/ControlRig_Wedge_3mm.uasset" 850
"../../../Engine/Plugins/Animation/ControlRig/Content/Controls/ControlRig_Wedge_3mm.uexp" 851
"../../../Engine/Plugins/Animation/ControlRig/Content/Controls/ControlRig_Wedge_1mm.ubulk" 852
"../../../Engine/Plugins/Animation/ControlRig/Content/Controls/ControlRig_Wedge_1mm.uasset" 853
"../../../Engine/Plugins/Animation/ControlRig/Content/Controls/ControlRig_Wedge_1mm.uexp" 854
"../../../Engine/Plugins/Animation/ControlRig/Content/Controls/ControlRig_Triangle_solid.ubulk" 855
"../../../Engine/Plugins/Animation/ControlRig/Content/Controls/ControlRig_Triangle_solid.uasset" 856
"../../../Engine/Plugins/Animation/ControlRig/Content/Controls/ControlRig_Triangle_solid.uexp" 857
"../../../Engine/Plugins/Animation/ControlRig/Content/Controls/ControlRig_Triangle_3mm.ubulk" 858
"../../../Engine/Plugins/Animation/ControlRig/Content/Controls/ControlRig_Triangle_3mm.uasset" 859
"../../../Engine/Plugins/Animation/ControlRig/Content/Controls/ControlRig_Triangle_3mm.uexp" 860
"../../../Engine/Plugins/Animation/ControlRig/Content/Controls/ControlRig_Triangle_1mm.ubulk" 861
"../../../Engine/Plugins/Animation/ControlRig/Content/Controls/ControlRig_Triangle_1mm.uasset" 862
"../../../Engine/Plugins/Animation/ControlRig/Content/Controls/ControlRig_Triangle_1mm.uexp" 863
"../../../Engine/Plugins/Animation/ControlRig/Content/Controls/ControlRig_Star4_solid.ubulk" 864
"../../../Engine/Plugins/Animation/ControlRig/Content/Controls/ControlRig_Star4_solid.uasset" 865
"../../../Engine/Plugins/Animation/ControlRig/Content/Controls/ControlRig_Star4_solid.uexp" 866
"../../../Engine/Plugins/Animation/ControlRig/Content/Controls/ControlRig_Star4_3mm.ubulk" 867
"../../../Engine/Plugins/Animation/ControlRig/Content/Controls/ControlRig_Star4_3mm.uasset" 868
"../../../Engine/Plugins/Animation/ControlRig/Content/Controls/ControlRig_Star4_3mm.uexp" 869
"../../../Engine/Plugins/Animation/ControlRig/Content/Controls/ControlRig_Star4_1mm.ubulk" 870
"../../../Engine/Plugins/Animation/ControlRig/Content/Controls/ControlRig_Star4_1mm.uasset" 871
"../../../Engine/Plugins/Animation/ControlRig/Content/Controls/ControlRig_Star4_1mm.uexp" 872
"../../../Engine/Plugins/Animation/ControlRig/Content/Controls/ControlRig_Square_solid.ubulk" 873
"../../../Engine/Plugins/Animation/ControlRig/Content/Controls/ControlRig_Square_solid.uasset" 874
"../../../Engine/Plugins/Animation/ControlRig/Content/Controls/ControlRig_Square_solid.uexp" 875
"../../../Engine/Plugins/Animation/ControlRig/Content/Controls/ControlRig_Square_3mm.ubulk" 876
"../../../Engine/Plugins/Animation/ControlRig/Content/Controls/ControlRig_Square_3mm.uasset" 877
"../../../Engine/Plugins/Animation/ControlRig/Content/Controls/ControlRig_Square_3mm.uexp" 878
"../../../Engine/Plugins/Animation/ControlRig/Content/Controls/ControlRig_Square_1mm.ubulk" 879
"../../../Engine/Plugins/Animation/ControlRig/Content/Controls/ControlRig_Square_1mm.uasset" 880
"../../../Engine/Plugins/Animation/ControlRig/Content/Controls/ControlRig_Square_1mm.uexp" 881
"../../../Engine/Plugins/Animation/ControlRig/Content/Controls/ControlRig_Sphere_solid.ubulk" 882
"../../../Engine/Plugins/Animation/ControlRig/Content/Controls/ControlRig_Sphere_solid.uasset" 883
"../../../Engine/Plugins/Animation/ControlRig/Content/Controls/ControlRig_Sphere_solid.uexp" 884
"../../../Engine/Plugins/Animation/ControlRig/Content/Controls/ControlRig_Sphere_3mm.ubulk" 885
"../../../Engine/Plugins/Animation/ControlRig/Content/Controls/ControlRig_Sphere_3mm.uasset" 886
"../../../Engine/Plugins/Animation/ControlRig/Content/Controls/ControlRig_Sphere_3mm.uexp" 887
"../../../Engine/Plugins/Animation/ControlRig/Content/Controls/ControlRig_Sphere_1mm.ubulk" 888
"../../../Engine/Plugins/Animation/ControlRig/Content/Controls/ControlRig_Sphere_1mm.uasset" 889
"../../../Engine/Plugins/Animation/ControlRig/Content/Controls/ControlRig_Sphere_1mm.uexp" 890
"../../../Engine/Plugins/Animation/ControlRig/Content/Controls/ControlRig_RoundedTriangle_solid.ubulk" 891
"../../../Engine/Plugins/Animation/ControlRig/Content/Controls/ControlRig_RoundedTriangle_solid.uasset" 892
"../../../Engine/Plugins/Animation/ControlRig/Content/Controls/ControlRig_RoundedTriangle_solid.uexp" 893
"../../../Engine/Plugins/Animation/ControlRig/Content/Controls/ControlRig_RoundedTriangle_3mm.ubulk" 894
"../../../Engine/Plugins/Animation/ControlRig/Content/Controls/ControlRig_RoundedTriangle_3mm.uasset" 895
"../../../Engine/Plugins/Animation/ControlRig/Content/Controls/ControlRig_RoundedTriangle_3mm.uexp" 896
"../../../Engine/Plugins/Animation/ControlRig/Content/Controls/ControlRig_RoundedTriangle_1mm.ubulk" 897
"../../../Engine/Plugins/Animation/ControlRig/Content/Controls/ControlRig_RoundedTriangle_1mm.uasset" 898
"../../../Engine/Plugins/Animation/ControlRig/Content/Controls/ControlRig_RoundedTriangle_1mm.uexp" 899
"../../../Engine/Plugins/Animation/ControlRig/Content/Controls/ControlRig_RoundedSquare_solid.ubulk" 900
"../../../Engine/Plugins/Animation/ControlRig/Content/Controls/ControlRig_RoundedSquare_solid.uasset" 901
"../../../Engine/Plugins/Animation/ControlRig/Content/Controls/ControlRig_RoundedSquare_solid.uexp" 902
"../../../Engine/Plugins/Animation/ControlRig/Content/Controls/ControlRig_RoundedSquare_3mm.ubulk" 903
"../../../Engine/Plugins/Animation/ControlRig/Content/Controls/ControlRig_RoundedSquare_3mm.uasset" 904
"../../../Engine/Plugins/Animation/ControlRig/Content/Controls/ControlRig_RoundedSquare_3mm.uexp" 905
"../../../Engine/Plugins/Animation/ControlRig/Content/Controls/ControlRig_RoundedSquare_1mm.ubulk" 906
"../../../Engine/Plugins/Animation/ControlRig/Content/Controls/ControlRig_RoundedSquare_1mm.uasset" 907
"../../../Engine/Plugins/Animation/ControlRig/Content/Controls/ControlRig_RoundedSquare_1mm.uexp" 908
"../../../Engine/Plugins/Animation/ControlRig/Content/Controls/ControlRig_QuarterCircle_solid.ubulk" 909
"../../../Engine/Plugins/Animation/ControlRig/Content/Controls/ControlRig_QuarterCircle_solid.uasset" 910
"../../../Engine/Plugins/Animation/ControlRig/Content/Controls/ControlRig_QuarterCircle_solid.uexp" 911
"../../../Engine/Plugins/Animation/ControlRig/Content/Controls/ControlRig_QuarterCircle_3mm.ubulk" 912
"../../../Engine/Plugins/Animation/ControlRig/Content/Controls/ControlRig_QuarterCircle_3mm.uasset" 913
"../../../Engine/Plugins/Animation/ControlRig/Content/Controls/ControlRig_QuarterCircle_3mm.uexp" 914
"../../../Engine/Plugins/Animation/ControlRig/Content/Controls/ControlRig_QuarterCircle_1mm.ubulk" 915
"../../../Engine/Plugins/Animation/ControlRig/Content/Controls/ControlRig_QuarterCircle_1mm.uasset" 916
"../../../Engine/Plugins/Animation/ControlRig/Content/Controls/ControlRig_QuarterCircle_1mm.uexp" 917
"../../../Engine/Plugins/Animation/ControlRig/Content/Controls/ControlRig_Pyramid_solid.ubulk" 918
"../../../Engine/Plugins/Animation/ControlRig/Content/Controls/ControlRig_Pyramid_solid.uasset" 919
"../../../Engine/Plugins/Animation/ControlRig/Content/Controls/ControlRig_Pyramid_solid.uexp" 920
"../../../Engine/Plugins/Animation/ControlRig/Content/Controls/ControlRig_Pyramid_3mm.ubulk" 921
"../../../Engine/Plugins/Animation/ControlRig/Content/Controls/ControlRig_Pyramid_3mm.uasset" 922
"../../../Engine/Plugins/Animation/ControlRig/Content/Controls/ControlRig_Pyramid_3mm.uexp" 923
"../../../Engine/Plugins/Animation/ControlRig/Content/Controls/ControlRig_Pyramid_1mm.ubulk" 924
"../../../Engine/Plugins/Animation/ControlRig/Content/Controls/ControlRig_Pyramid_1mm.uasset" 925
"../../../Engine/Plugins/Animation/ControlRig/Content/Controls/ControlRig_Pyramid_1mm.uexp" 926
"../../../Engine/Plugins/Animation/ControlRig/Content/Controls/ControlRig_Octagon_solid.ubulk" 927
"../../../Engine/Plugins/Animation/ControlRig/Content/Controls/ControlRig_Octagon_solid.uasset" 928
"../../../Engine/Plugins/Animation/ControlRig/Content/Controls/ControlRig_Octagon_solid.uexp" 929
"../../../Engine/Plugins/Animation/ControlRig/Content/Controls/ControlRig_Octagon_3mm.ubulk" 930
"../../../Engine/Plugins/Animation/ControlRig/Content/Controls/ControlRig_Octagon_3mm.uasset" 931
"../../../Engine/Plugins/Animation/ControlRig/Content/Controls/ControlRig_Octagon_3mm.uexp" 932
"../../../Engine/Plugins/Animation/ControlRig/Content/Controls/ControlRig_Octagon_1mm.ubulk" 933
"../../../Engine/Plugins/Animation/ControlRig/Content/Controls/ControlRig_Octagon_1mm.uasset" 934
"../../../Engine/Plugins/Animation/ControlRig/Content/Controls/ControlRig_Octagon_1mm.uexp" 935
"../../../Engine/Plugins/Animation/ControlRig/Content/Controls/ControlRig_Hexagon_solid.ubulk" 936
"../../../Engine/Plugins/Animation/ControlRig/Content/Controls/ControlRig_Hexagon_solid.uasset" 937
"../../../Engine/Plugins/Animation/ControlRig/Content/Controls/ControlRig_Hexagon_solid.uexp" 938
"../../../Engine/Plugins/Animation/ControlRig/Content/Controls/ControlRig_Hexagon_3mm.ubulk" 939
"../../../Engine/Plugins/Animation/ControlRig/Content/Controls/ControlRig_Hexagon_3mm.uasset" 940
"../../../Engine/Plugins/Animation/ControlRig/Content/Controls/ControlRig_Hexagon_3mm.uexp" 941
"../../../Engine/Plugins/Animation/ControlRig/Content/Controls/ControlRig_Hexagon_1mm.ubulk" 942
"../../../Engine/Plugins/Animation/ControlRig/Content/Controls/ControlRig_Hexagon_1mm.uasset" 943
"../../../Engine/Plugins/Animation/ControlRig/Content/Controls/ControlRig_Hexagon_1mm.uexp" 944
"../../../Engine/Plugins/Animation/ControlRig/Content/Controls/ControlRig_HalfCircle_solid.ubulk" 945
"../../../Engine/Plugins/Animation/ControlRig/Content/Controls/ControlRig_HalfCircle_solid.uasset" 946
"../../../Engine/Plugins/Animation/ControlRig/Content/Controls/ControlRig_HalfCircle_solid.uexp" 947
"../../../Engine/Plugins/Animation/ControlRig/Content/Controls/ControlRig_HalfCircle_3mm.ubulk" 948
"../../../Engine/Plugins/Animation/ControlRig/Content/Controls/ControlRig_HalfCircle_3mm.uasset" 949
"../../../Engine/Plugins/Animation/ControlRig/Content/Controls/ControlRig_HalfCircle_3mm.uexp" 950
"../../../Engine/Plugins/Animation/ControlRig/Content/Controls/ControlRig_HalfCircle_1mm.ubulk" 951
"../../../Engine/Plugins/Animation/ControlRig/Content/Controls/ControlRig_HalfCircle_1mm.uasset" 952
"../../../Engine/Plugins/Animation/ControlRig/Content/Controls/ControlRig_HalfCircle_1mm.uexp" 953
"../../../Engine/Plugins/Animation/ControlRig/Content/Controls/ControlRig_Diamond_solid.ubulk" 954
"../../../Engine/Plugins/Animation/ControlRig/Content/Controls/ControlRig_Diamond_solid.uasset" 955
"../../../Engine/Plugins/Animation/ControlRig/Content/Controls/ControlRig_Diamond_solid.uexp" 956
"../../../Engine/Plugins/Animation/ControlRig/Content/Controls/ControlRig_Diamond_3mm.ubulk" 957
"../../../Engine/Plugins/Animation/ControlRig/Content/Controls/ControlRig_Diamond_3mm.uasset" 958
"../../../Engine/Plugins/Animation/ControlRig/Content/Controls/ControlRig_Diamond_3mm.uexp" 959
"../../../Engine/Plugins/Animation/ControlRig/Content/Controls/ControlRig_Diamond_1mm.ubulk" 960
"../../../Engine/Plugins/Animation/ControlRig/Content/Controls/ControlRig_Diamond_1mm.uasset" 961
"../../../Engine/Plugins/Animation/ControlRig/Content/Controls/ControlRig_Diamond_1mm.uexp" 962
"../../../Engine/Plugins/Animation/ControlRig/Content/Controls/ControlRig_Circle_solid.ubulk" 963
"../../../Engine/Plugins/Animation/ControlRig/Content/Controls/ControlRig_Circle_solid.uasset" 964
"../../../Engine/Plugins/Animation/ControlRig/Content/Controls/ControlRig_Circle_solid.uexp" 965
"../../../Engine/Plugins/Animation/ControlRig/Content/Controls/ControlRig_Circle_3mm.ubulk" 966
"../../../Engine/Plugins/Animation/ControlRig/Content/Controls/ControlRig_Circle_3mm.uasset" 967
"../../../Engine/Plugins/Animation/ControlRig/Content/Controls/ControlRig_Circle_3mm.uexp" 968
"../../../Engine/Plugins/Animation/ControlRig/Content/Controls/ControlRig_Circle_1mm.ubulk" 969
"../../../Engine/Plugins/Animation/ControlRig/Content/Controls/ControlRig_Circle_1mm.uasset" 970
"../../../Engine/Plugins/Animation/ControlRig/Content/Controls/ControlRig_Circle_1mm.uexp" 971
"../../../Engine/Plugins/Animation/ControlRig/Content/Controls/ControlRig_Box_solid.ubulk" 972
"../../../Engine/Plugins/Animation/ControlRig/Content/Controls/ControlRig_Box_solid.uasset" 973
"../../../Engine/Plugins/Animation/ControlRig/Content/Controls/ControlRig_Box_solid.uexp" 974
"../../../Engine/Plugins/Animation/ControlRig/Content/Controls/ControlRig_Box_3mm.ubulk" 975
"../../../Engine/Plugins/Animation/ControlRig/Content/Controls/ControlRig_Box_3mm.uasset" 976
"../../../Engine/Plugins/Animation/ControlRig/Content/Controls/ControlRig_Box_3mm.uexp" 977
"../../../Engine/Plugins/Animation/ControlRig/Content/Controls/ControlRig_Box_1mm.ubulk" 978
"../../../Engine/Plugins/Animation/ControlRig/Content/Controls/ControlRig_Box_1mm.uasset" 979
"../../../Engine/Plugins/Animation/ControlRig/Content/Controls/ControlRig_Box_1mm.uexp" 980
"../../../Engine/Plugins/Animation/ControlRig/Content/Controls/ControlRig_Arrow_solid.ubulk" 981
"../../../Engine/Plugins/Animation/ControlRig/Content/Controls/ControlRig_Arrow_solid.uasset" 982
"../../../Engine/Plugins/Animation/ControlRig/Content/Controls/ControlRig_Arrow_solid.uexp" 983
"../../../Engine/Plugins/Animation/ControlRig/Content/Controls/ControlRig_Arrow_3mm.ubulk" 984
"../../../Engine/Plugins/Animation/ControlRig/Content/Controls/ControlRig_Arrow_3mm.uasset" 985
"../../../Engine/Plugins/Animation/ControlRig/Content/Controls/ControlRig_Arrow_3mm.uexp" 986
"../../../Engine/Plugins/Animation/ControlRig/Content/Controls/ControlRig_Arrow_1mm.ubulk" 987
"../../../Engine/Plugins/Animation/ControlRig/Content/Controls/ControlRig_Arrow_1mm.uasset" 988
"../../../Engine/Plugins/Animation/ControlRig/Content/Controls/ControlRig_Arrow_1mm.uexp" 989
"../../../Engine/Plugins/Animation/ControlRig/Content/Controls/ControlRig_Arrow4_solid.ubulk" 990
"../../../Engine/Plugins/Animation/ControlRig/Content/Controls/ControlRig_Arrow4_solid.uasset" 991
"../../../Engine/Plugins/Animation/ControlRig/Content/Controls/ControlRig_Arrow4_solid.uexp" 992
"../../../Engine/Plugins/Animation/ControlRig/Content/Controls/ControlRig_Arrow4_3mm.ubulk" 993
"../../../Engine/Plugins/Animation/ControlRig/Content/Controls/ControlRig_Arrow4_3mm.uasset" 994
"../../../Engine/Plugins/Animation/ControlRig/Content/Controls/ControlRig_Arrow4_3mm.uexp" 995
"../../../Engine/Plugins/Animation/ControlRig/Content/Controls/ControlRig_Arrow4_1mm.ubulk" 996
"../../../Engine/Plugins/Animation/ControlRig/Content/Controls/ControlRig_Arrow4_1mm.uasset" 997
"../../../Engine/Plugins/Animation/ControlRig/Content/Controls/ControlRig_Arrow4_1mm.uexp" 998
"../../../Engine/Plugins/Animation/ControlRig/Content/Controls/ControlRig_Arrow2_solid.ubulk" 999
"../../../Engine/Plugins/Animation/ControlRig/Content/Controls/ControlRig_Arrow2_solid.uasset" 1000
"../../../Engine/Plugins/Animation/ControlRig/Content/Controls/ControlRig_Arrow2_solid.uexp" 1001
"../../../Engine/Plugins/Animation/ControlRig/Content/Controls/ControlRig_Arrow2_3mm.ubulk" 1002
"../../../Engine/Plugins/Animation/ControlRig/Content/Controls/ControlRig_Arrow2_3mm.uasset" 1003
"../../../Engine/Plugins/Animation/ControlRig/Content/Controls/ControlRig_Arrow2_3mm.uexp" 1004
"../../../Engine/Plugins/Animation/ControlRig/Content/Controls/ControlRig_Arrow2_1mm.ubulk" 1005
"../../../Engine/Plugins/Animation/ControlRig/Content/Controls/ControlRig_Arrow2_1mm.uasset" 1006
"../../../Engine/Plugins/Animation/ControlRig/Content/Controls/ControlRig_Arrow2_1mm.uexp" 1007
"../../../Engine/Plugins/Animation/ControlRig/Content/Controls/ControlRigXRayMaterial.uasset" 1008
"../../../Engine/Plugins/Animation/ControlRig/Content/Controls/ControlRigXRayMaterial.uexp" 1009
"../../../Engine/Plugins/Animation/ControlRig/Content/Controls/ControlRigGizmoMaterial.uasset" 1010
"../../../Engine/Plugins/Animation/ControlRig/Content/Controls/ControlRigGizmoMaterial.uexp" 1011
"../../../Engine/Content/VREditor/TransformGizmo/StartRotationHandleIndicator.ubulk" 1012
"../../../Engine/Content/VREditor/TransformGizmo/StartRotationHandleIndicator.uasset" 1013
"../../../Engine/Content/VREditor/TransformGizmo/StartRotationHandleIndicator.uexp" 1014
"../../../Engine/Content/VREditor/Sounds/UI/Drop_Item_From_ContentBrowser.ubulk" 1015
"../../../Engine/Content/VREditor/Sounds/UI/Drop_Item_From_ContentBrowser.uasset" 1016
"../../../Engine/Content/VREditor/Sounds/UI/Drop_Item_From_ContentBrowser.uexp" 1017
"../../../Engine/Content/VREditor/TransformGizmo/PlaneTranslationHandle.ubulk" 1018
"../../../Engine/Content/VREditor/TransformGizmo/PlaneTranslationHandle.uasset" 1019
"../../../Engine/Content/VREditor/TransformGizmo/PlaneTranslationHandle.uexp" 1020
"../../../Engine/Content/VREditor/Sounds/UI/Object_Snaps_To_Grid.ubulk" 1021
"../../../Engine/Content/VREditor/Sounds/UI/Object_Snaps_To_Grid.uasset" 1022
"../../../Engine/Content/VREditor/Sounds/UI/Object_Snaps_To_Grid.uexp" 1023
"../../../Engine/Content/VREditor/Sounds/UI/Selection_Changes.ubulk" 1024
"../../../Engine/Content/VREditor/Sounds/UI/Selection_Changes.uasset" 1025
"../../../Engine/Content/VREditor/Sounds/UI/Selection_Changes.uexp" 1026
"../../../Engine/Content/VREditor/Sounds/UI/Object_Snaps_To_Another_Actor.ubulk" 1027
"../../../Engine/Content/VREditor/Sounds/UI/Object_Snaps_To_Another_Actor.uasset" 1028
"../../../Engine/Content/VREditor/Sounds/UI/Object_Snaps_To_Another_Actor.uexp" 1029
"../../../Engine/Content/VREditor/TransformGizmo/TranslucentTransformGizmoMaterial_Inst.uasset" 1030
"../../../Engine/Content/VREditor/TransformGizmo/TranslucentTransformGizmoMaterial_Inst.uexp" 1031
"../../../Engine/Content/VREditor/TransformGizmo/TransformGizmoFreeRotation.ubulk" 1032
"../../../Engine/Content/VREditor/TransformGizmo/TransformGizmoFreeRotation.uasset" 1033
"../../../Engine/Content/VREditor/TransformGizmo/TransformGizmoFreeRotation.uexp" 1034
"../../../Engine/Content/VREditor/Sounds/UI/Scaling_Down.ubulk" 1035
"../../../Engine/Content/VREditor/Sounds/UI/Scaling_Down.uasset" 1036
"../../../Engine/Content/VREditor/Sounds/UI/Scaling_Down.uexp" 1037
"../../../Engine/Content/Functions/Engine_MaterialFunctions02/Math/Transform3x3Matrix.uasset" 1038
"../../../Engine/Content/Functions/Engine_MaterialFunctions02/Math/Transform3x3Matrix.uexp" 1039
"../../../Engine/Content/Functions/Engine_MaterialFunctions02/SplitComponents.uasset" 1040
"../../../Engine/Content/Functions/Engine_MaterialFunctions02/SplitComponents.uexp" 1041
"../../../Engine/Content/VREditor/SnapGrid/SnapGridMaterial.uasset" 1042
"../../../Engine/Content/VREditor/SnapGrid/SnapGridMaterial.uexp" 1043
"../../../Engine/Content/VREditor/SnapGrid/SnapGridPlaneMesh.ubulk" 1044
"../../../Engine/Content/VREditor/SnapGrid/SnapGridPlaneMesh.uasset" 1045
"../../../Engine/Content/VREditor/SnapGrid/SnapGridPlaneMesh.uexp" 1046
"../../../Engine/Content/VREditor/Sounds/UI/Scaling_Up.ubulk" 1047
"../../../Engine/Content/VREditor/Sounds/UI/Scaling_Up.uasset" 1048
"../../../Engine/Content/VREditor/Sounds/UI/Scaling_Up.uexp" 1049
"../../../Engine/Content/VREditor/TransformGizmo/TransformGizmoMaterial_Inst.uasset" 1050
"../../../Engine/Content/VREditor/TransformGizmo/TransformGizmoMaterial_Inst.uexp" 1051
"../../../Engine/Content/VREditor/TransformGizmo/RotationHandleQuarter.ubulk" 1052
"../../../Engine/Content/VREditor/TransformGizmo/RotationHandleQuarter.uasset" 1053
"../../../Engine/Content/VREditor/TransformGizmo/RotationHandleQuarter.uexp" 1054
"../../../Engine/Content/VREditor/TransformGizmo/TranslateArrowHandle.ubulk" 1055
"../../../Engine/Content/VREditor/TransformGizmo/TranslateArrowHandle.uasset" 1056
"../../../Engine/Content/VREditor/TransformGizmo/TranslateArrowHandle.uexp" 1057
"../../../Engine/Content/VREditor/TransformGizmo/RotationHandleIndicator.ubulk" 1058
"../../../Engine/Content/VREditor/TransformGizmo/RotationHandleIndicator.uasset" 1059
"../../../Engine/Content/VREditor/TransformGizmo/RotationHandleIndicator.uexp" 1060
"../../../Engine/Content/VREditor/TransformGizmo/UniformScaleHandle.ubulk" 1061
"../../../Engine/Content/VREditor/TransformGizmo/UniformScaleHandle.uasset" 1062
"../../../Engine/Content/VREditor/TransformGizmo/UniformScaleHandle.uexp" 1063
"../../../Engine/Content/VREditor/TransformGizmo/RotationHandleFull.ubulk" 1064
"../../../Engine/Content/VREditor/TransformGizmo/RotationHandleFull.uasset" 1065
"../../../Engine/Content/VREditor/TransformGizmo/RotationHandleFull.uexp" 1066
"../../../Engine/Content/VREditor/Sounds/UI/Object_PickUp.ubulk" 1067
"../../../Engine/Content/VREditor/Sounds/UI/Object_PickUp.uasset" 1068
"../../../Engine/Content/VREditor/Sounds/UI/Object_PickUp.uexp" 1069
"../../../Engine/Content/EngineMaterials/Widget3DPassThrough.uasset" 1070
"../../../Engine/Content/EngineMaterials/Widget3DPassThrough.uexp" 1071
"../../../Engine/Content/EngineMaterials/Widget3DPassThrough_Translucent.uasset" 1072
"../../../Engine/Content/EngineMaterials/Widget3DPassThrough_Translucent.uexp" 1073
"../../../Engine/Content/EngineMaterials/Widget3DPassThrough_Translucent_OneSided.uasset" 1074
"../../../Engine/Content/EngineMaterials/Widget3DPassThrough_Translucent_OneSided.uexp" 1075
"../../../Engine/Content/EngineMaterials/Widget3DPassThrough_Opaque.uasset" 1076
"../../../Engine/Content/EngineMaterials/Widget3DPassThrough_Opaque.uexp" 1077
"../../../Engine/Content/EngineMaterials/Widget3DPassThrough_Opaque_OneSided.uasset" 1078
"../../../Engine/Content/EngineMaterials/Widget3DPassThrough_Opaque_OneSided.uexp" 1079
"../../../Engine/Content/EngineMaterials/Widget3DPassThrough_Masked_OneSided.uasset" 1080
"../../../Engine/Content/EngineMaterials/Widget3DPassThrough_Masked_OneSided.uexp" 1081
"../../../Engine/Content/EngineMaterials/Widget3DPassThrough_Masked.uasset" 1082
"../../../Engine/Content/EngineMaterials/Widget3DPassThrough_Masked.uexp" 1083
"../../../Engine/Content/EngineMaterials/STBlueNoise_vec2_128x128x64.uasset" 1084
"../../../Engine/Content/EngineMaterials/STBlueNoise_vec2_128x128x64.uexp" 1085
"../../../Engine/Content/EngineMaterials/STBlueNoise_scalar_128x128x64.uasset" 1086
"../../../Engine/Content/EngineMaterials/STBlueNoise_scalar_128x128x64.uexp" 1087
"../../../Engine/Content/EngineMaterials/RemoveSurfaceMaterial.uasset" 1088
"../../../Engine/Content/EngineMaterials/RemoveSurfaceMaterial.uexp" 1089
"../../../Engine/Content/EngineMaterials/DefaultCalibrationGrayscale.uasset" 1090
"../../../Engine/Content/EngineMaterials/DefaultCalibrationGrayscale.uexp" 1091
"../../../Engine/Content/EngineMaterials/PPM_DefaultCalibrationGrayscale.uasset" 1092
"../../../Engine/Content/EngineMaterials/PPM_DefaultCalibrationGrayscale.uexp" 1093
"../../../Engine/Content/EngineMaterials/DefaultCalibrationColor.uasset" 1094
"../../../Engine/Content/EngineMaterials/DefaultCalibrationColor.uexp" 1095
"../../../Engine/Content/EngineMaterials/PPM_DefaultCalibrationColor.uasset" 1096
"../../../Engine/Content/EngineMaterials/PPM_DefaultCalibrationColor.uexp" 1097
"../../../Engine/Content/EngineMaterials/PhAT_JointLimitMaterial.uasset" 1098
"../../../Engine/Content/EngineMaterials/PhAT_JointLimitMaterial.uexp" 1099
"../../../Engine/Content/EngineMaterials/NaniteHiddenSectionMaterial.uasset" 1100
"../../../Engine/Content/EngineMaterials/NaniteHiddenSectionMaterial.uexp" 1101
"../../../Engine/Content/EngineMaterials/InvalidLightmapSettings.ubulk" 1102
"../../../Engine/Content/EngineMaterials/InvalidLightmapSettings.uasset" 1103
"../../../Engine/Content/EngineMaterials/InvalidLightmapSettings.uexp" 1104
"../../../Engine/Content/EngineMaterials/M_InvalidLightmapSettings.uasset" 1105
"../../../Engine/Content/EngineMaterials/M_InvalidLightmapSettings.uexp" 1106
"../../../Engine/Content/EngineMaterials/GizmoMaterial.uasset" 1107
"../../../Engine/Content/EngineMaterials/GizmoMaterial.uexp" 1108
"../../../Engine/Content/EngineMaterials/BaseFlattenEmissiveMap_VT.uasset" 1109
"../../../Engine/Content/EngineMaterials/BaseFlattenEmissiveMap_VT.uexp" 1110
"../../../Engine/Content/EngineMaterials/BaseFlattenGrayscaleMap_VT.uasset" 1111
"../../../Engine/Content/EngineMaterials/BaseFlattenGrayscaleMap_VT.uexp" 1112
"../../../Engine/Content/EngineMaterials/BaseFlattenLinearColor_VT.uasset" 1113
"../../../Engine/Content/EngineMaterials/BaseFlattenLinearColor_VT.uexp" 1114
"../../../Engine/Content/EngineMaterials/Black_1x1_EXR_Texture_VT.uasset" 1115
"../../../Engine/Content/EngineMaterials/Black_1x1_EXR_Texture_VT.uexp" 1116
"../../../Engine/Content/EngineMaterials/BaseFlattenDiffuseMap_VT.uasset" 1117
"../../../Engine/Content/EngineMaterials/BaseFlattenDiffuseMap_VT.uexp" 1118
"../../../Engine/Content/EngineMaterials/BaseFlattenNormalMap_VT.uasset" 1119
"../../../Engine/Content/EngineMaterials/BaseFlattenNormalMap_VT.uexp" 1120
"../../../Engine/Content/EngineMaterials/FlattenMaterial_WS_Normal_VT.uasset" 1121
"../../../Engine/Content/EngineMaterials/FlattenMaterial_WS_Normal_VT.uexp" 1122
"../../../Engine/Content/EngineMaterials/FlattenMaterial_VT.uasset" 1123
"../../../Engine/Content/EngineMaterials/FlattenMaterial_VT.uexp" 1124
"../../../Engine/Content/EngineMaterials/BaseFlattenNormalMap.uasset" 1125
"../../../Engine/Content/EngineMaterials/BaseFlattenNormalMap.uexp" 1126
"../../../Engine/Content/EngineMaterials/BaseFlattenGrayscaleMap.uasset" 1127
"../../../Engine/Content/EngineMaterials/BaseFlattenGrayscaleMap.uexp" 1128
"../../../Engine/Content/EngineMaterials/BaseFlattenDiffuseMap.uasset" 1129
"../../../Engine/Content/EngineMaterials/BaseFlattenDiffuseMap.uexp" 1130
"../../../Engine/Content/Functions/Engine_MaterialFunctions02/PivotPainter2/Black_1x1_EXR_Texture.uasset" 1131
"../../../Engine/Content/Functions/Engine_MaterialFunctions02/PivotPainter2/Black_1x1_EXR_Texture.uexp" 1132
"../../../Engine/Content/EngineMaterials/BaseFlattenEmissiveMap.uasset" 1133
"../../../Engine/Content/EngineMaterials/BaseFlattenEmissiveMap.uexp" 1134
"../../../Engine/Content/EngineMaterials/BaseFlattenLinearColor.uasset" 1135
"../../../Engine/Content/EngineMaterials/BaseFlattenLinearColor.uexp" 1136
"../../../Engine/Content/EngineMaterials/FlattenMaterial.uasset" 1137
"../../../Engine/Content/EngineMaterials/FlattenMaterial.uexp" 1138
"../../../Engine/Content/EngineMaterials/DefaultWhiteGrid_Low.uasset" 1139
"../../../Engine/Content/EngineMaterials/DefaultWhiteGrid_Low.uexp" 1140
"../../../Engine/Content/EngineMaterials/EmissiveMeshMaterial.uasset" 1141
"../../../Engine/Content/EngineMaterials/EmissiveMeshMaterial.uexp" 1142
"../../../Engine/Content/EngineFonts/RobotoDistanceField.uasset" 1143
"../../../Engine/Content/EngineFonts/RobotoDistanceField.uexp" 1144
"../../../Engine/Content/EngineMaterials/DefaultTextMaterialOpaque.uasset" 1145
"../../../Engine/Content/EngineMaterials/DefaultTextMaterialOpaque.uexp" 1146
"../../../Engine/Content/Functions/Engine_MaterialFunctions02/Utility/BreakOutFloat2Components.uasset" 1147
"../../../Engine/Content/Functions/Engine_MaterialFunctions02/Utility/BreakOutFloat2Components.uexp" 1148
"../../../Engine/Content/EngineMaterials/DefaultPostProcessMaterial.uasset" 1149
"../../../Engine/Content/EngineMaterials/DefaultPostProcessMaterial.uexp" 1150
"../../../Engine/Content/EngineMaterials/DefaultLightFunctionMaterial.uasset" 1151
"../../../Engine/Content/EngineMaterials/DefaultLightFunctionMaterial.uexp" 1152
"../../../Engine/Content/EngineMaterials/DefaultDestructiblePhysicalMaterial.uasset" 1153
"../../../Engine/Content/EngineMaterials/DefaultDestructiblePhysicalMaterial.uexp" 1154
"../../../Engine/Content/EngineMaterials/DefaultDeferredDecalMaterial.uasset" 1155
"../../../Engine/Content/EngineMaterials/DefaultDeferredDecalMaterial.uexp" 1156
"../../../Engine/Content/EngineMaterials/DefaultBloomKernel.uasset" 1157
"../../../Engine/Content/EngineMaterials/DefaultBloomKernel.uexp" 1158
"../../../Engine/Content/EngineFonts/Faces/RobotoLight.uexp" 1159
"../../../Engine/Content/EngineFonts/Faces/RobotoLight.uasset" 1160
"../../../Engine/Content/EngineFonts/Faces/RobotoLight.ufont" 1161
"../../../Engine/Content/EngineFonts/Faces/RobotoBold.uexp" 1162
"../../../Engine/Content/EngineFonts/Faces/RobotoBold.uasset" 1163
"../../../Engine/Content/EngineFonts/Faces/RobotoBold.ufont" 1164
"../../../Engine/Content/EngineFonts/Faces/RobotoRegular.uexp" 1165
"../../../Engine/Content/EngineFonts/Faces/RobotoRegular.uasset" 1166
"../../../Engine/Content/EngineFonts/Faces/RobotoRegular.ufont" 1167
"../../../Engine/Content/EngineFonts/Faces/DroidSansFallback.uexp" 1168
"../../../Engine/Content/EngineFonts/Faces/DroidSansFallback.uasset" 1169
"../../../Engine/Content/EngineFonts/Faces/DroidSansFallback.ufont" 1170
"../../../Engine/Content/EngineFonts/Faces/RobotoItalic.uexp" 1171
"../../../Engine/Content/EngineFonts/Faces/RobotoItalic.uasset" 1172
"../../../Engine/Content/EngineFonts/Faces/RobotoItalic.ufont" 1173
"../../../Engine/Content/EngineFonts/Faces/RobotoBoldItalic.uexp" 1174
"../../../Engine/Content/EngineFonts/Faces/RobotoBoldItalic.uasset" 1175
"../../../Engine/Content/EngineFonts/Faces/RobotoBoldItalic.ufont" 1176
"../../../Engine/Content/EngineFonts/Roboto.uasset" 1177
"../../../Engine/Content/EngineFonts/Roboto.uexp" 1178
"../../../Engine/Content/EngineDebugMaterials/VolumeToRender.uasset" 1179
"../../../Engine/Content/EngineDebugMaterials/VolumeToRender.uexp" 1180
"../../../Engine/Content/EngineDebugMaterials/M_VolumeRenderSphereTracePP.uasset" 1181
"../../../Engine/Content/EngineDebugMaterials/M_VolumeRenderSphereTracePP.uexp" 1182
"../../../Engine/Content/EngineDebugMaterials/M_SimpleUnlitTranslucent.uasset" 1183
"../../../Engine/Content/EngineDebugMaterials/M_SimpleUnlitTranslucent.uexp" 1184
"../../../Engine/Content/EngineDebugMaterials/DebugMeshMaterial.uasset" 1185
"../../../Engine/Content/EngineDebugMaterials/DebugMeshMaterial.uexp" 1186
"../../../Engine/Content/EngineDebugMaterials/DebugEditorMaterial.uasset" 1187
"../../../Engine/Content/EngineDebugMaterials/DebugEditorMaterial.uexp" 1188
"../../../Engine/Content/EngineDamageTypes/DmgTypeBP_Environmental.uasset" 1189
"../../../Engine/Content/EngineDamageTypes/DmgTypeBP_Environmental.uexp" 1190
"../../../Engine/Content/EditorResources/EmptyActor.uasset" 1191
"../../../Engine/Content/EditorResources/EmptyActor.uexp" 1192
"../../../Engine/Content/EditorResources/BSPVertex.uasset" 1193
"../../../Engine/Content/EditorResources/BSPVertex.uexp" 1194
"../../../Engine/Content/EditorMaterials/PreviewShadowIndicator.ubulk" 1195
"../../../Engine/Content/EditorMaterials/PreviewShadowIndicator.uasset" 1196
"../../../Engine/Content/EditorMaterials/PreviewShadowIndicator.uexp" 1197
"../../../Engine/Content/EditorMaterials/PreviewShadowIndicatorMaterial.uasset" 1198
"../../../Engine/Content/EditorMaterials/PreviewShadowIndicatorMaterial.uexp" 1199
"../../../Engine/Content/EditorMaterials/PhAT_UnselectedMaterial.uasset" 1200
"../../../Engine/Content/EditorMaterials/PhAT_UnselectedMaterial.uexp" 1201
"../../../Engine/Content/EditorMaterials/PhAT_NoCollisionMaterial.uasset" 1202
"../../../Engine/Content/EditorMaterials/PhAT_NoCollisionMaterial.uexp" 1203
"../../../Engine/Content/EditorLandscapeResources/DataLayer.uasset" 1204
"../../../Engine/Content/EditorLandscapeResources/DataLayer.uexp" 1205
"../../../Engine/Content/Animation/DefaultRecorderBoneCompression.uasset" 1206
"../../../Engine/Content/Animation/DefaultRecorderBoneCompression.uexp" 1207
"C:/Users/hanna/Documents/SCHOOL_FILES/Spring 2025/Bachelor/Unreal_Engine_Backups/May 08/Witch_Game/Content/ThirdPerson/Maps/ThirdPersonMap_BuiltData.ubulk" 1208
"C:/Users/hanna/Documents/SCHOOL_FILES/Spring 2025/Bachelor/Unreal_Engine_Backups/May 08/Witch_Game/Content/ThirdPerson/Maps/ThirdPersonMap_BuiltData.uasset" 1209
"C:/Users/hanna/Documents/SCHOOL_FILES/Spring 2025/Bachelor/Unreal_Engine_Backups/May 08/Witch_Game/Content/ThirdPerson/Maps/ThirdPersonMap_BuiltData.uexp" 1210
"C:/Users/hanna/Documents/SCHOOL_FILES/Spring 2025/Bachelor/Unreal_Engine_Backups/May 08/Witch_Game/Content/Player/Animations/BS_Anne_WalkRun.uasset" 1211
"C:/Users/hanna/Documents/SCHOOL_FILES/Spring 2025/Bachelor/Unreal_Engine_Backups/May 08/Witch_Game/Content/Player/Animations/BS_Anne_WalkRun.uexp" 1212
"C:/Users/hanna/Documents/SCHOOL_FILES/Spring 2025/Bachelor/Unreal_Engine_Backups/May 08/Witch_Game/Content/Player/Animations/Anim_Anne_Idle_1.uasset" 1213
"C:/Users/hanna/Documents/SCHOOL_FILES/Spring 2025/Bachelor/Unreal_Engine_Backups/May 08/Witch_Game/Content/Player/Animations/Anim_Anne_Idle_1.uexp" 1214
"C:/Users/hanna/Documents/SCHOOL_FILES/Spring 2025/Bachelor/Unreal_Engine_Backups/May 08/Witch_Game/Content/3D_Assets/DimensionX/Materials/DimensionX_Materials/Water_LayerInfo.uasset" 1215
"C:/Users/hanna/Documents/SCHOOL_FILES/Spring 2025/Bachelor/Unreal_Engine_Backups/May 08/Witch_Game/Content/3D_Assets/DimensionX/Materials/DimensionX_Materials/Water_LayerInfo.uexp" 1216
"C:/Users/hanna/Documents/SCHOOL_FILES/Spring 2025/Bachelor/Unreal_Engine_Backups/May 08/Witch_Game/Content/3D_Assets/DimensionX/Materials/Textures/T_StoneTiles_Basecolor.ubulk" 1217
"C:/Users/hanna/Documents/SCHOOL_FILES/Spring 2025/Bachelor/Unreal_Engine_Backups/May 08/Witch_Game/Content/3D_Assets/DimensionX/Materials/Textures/T_StoneTiles_Basecolor.uasset" 1218
"C:/Users/hanna/Documents/SCHOOL_FILES/Spring 2025/Bachelor/Unreal_Engine_Backups/May 08/Witch_Game/Content/3D_Assets/DimensionX/Materials/Textures/T_StoneTiles_Basecolor.uexp" 1219
"../../../Engine/Content/EngineMaterials/WeightMapPlaceholderTexture.uasset" 1220
"../../../Engine/Content/EngineMaterials/WeightMapPlaceholderTexture.uexp" 1221
"../../../Engine/Content/EngineMaterials/WeightMapArrayPlaceholderTexture.uasset" 1222
"../../../Engine/Content/EngineMaterials/WeightMapArrayPlaceholderTexture.uexp" 1223
"C:/Users/hanna/Documents/SCHOOL_FILES/Spring 2025/Bachelor/Unreal_Engine_Backups/May 08/Witch_Game/Content/3D_Assets/DimensionX/Materials/Textures/T_DirtTiles_BaseColor.ubulk" 1224
"C:/Users/hanna/Documents/SCHOOL_FILES/Spring 2025/Bachelor/Unreal_Engine_Backups/May 08/Witch_Game/Content/3D_Assets/DimensionX/Materials/Textures/T_DirtTiles_BaseColor.uasset" 1225
"C:/Users/hanna/Documents/SCHOOL_FILES/Spring 2025/Bachelor/Unreal_Engine_Backups/May 08/Witch_Game/Content/3D_Assets/DimensionX/Materials/Textures/T_DirtTiles_BaseColor.uexp" 1226
"C:/Users/hanna/Documents/SCHOOL_FILES/Spring 2025/Bachelor/Unreal_Engine_Backups/May 08/Witch_Game/Content/3D_Assets/DimensionX/Materials/Textures/T_GrassTiles_V2_BaseColor.ubulk" 1227
"C:/Users/hanna/Documents/SCHOOL_FILES/Spring 2025/Bachelor/Unreal_Engine_Backups/May 08/Witch_Game/Content/3D_Assets/DimensionX/Materials/Textures/T_GrassTiles_V2_BaseColor.uasset" 1228
"C:/Users/hanna/Documents/SCHOOL_FILES/Spring 2025/Bachelor/Unreal_Engine_Backups/May 08/Witch_Game/Content/3D_Assets/DimensionX/Materials/Textures/T_GrassTiles_V2_BaseColor.uexp" 1229
"C:/Users/hanna/Documents/SCHOOL_FILES/Spring 2025/Bachelor/Unreal_Engine_Backups/May 08/Witch_Game/Content/3D_Assets/DimensionX/Materials/Textures/T_SandTiles_BaseColor.ubulk" 1230
"C:/Users/hanna/Documents/SCHOOL_FILES/Spring 2025/Bachelor/Unreal_Engine_Backups/May 08/Witch_Game/Content/3D_Assets/DimensionX/Materials/Textures/T_SandTiles_BaseColor.uasset" 1231
"C:/Users/hanna/Documents/SCHOOL_FILES/Spring 2025/Bachelor/Unreal_Engine_Backups/May 08/Witch_Game/Content/3D_Assets/DimensionX/Materials/Textures/T_SandTiles_BaseColor.uexp" 1232
"C:/Users/hanna/Documents/SCHOOL_FILES/Spring 2025/Bachelor/Unreal_Engine_Backups/May 08/Witch_Game/Content/3D_Assets/DimensionX/Materials/Textures/T_GrassTiles_BaseColor.ubulk" 1233
"C:/Users/hanna/Documents/SCHOOL_FILES/Spring 2025/Bachelor/Unreal_Engine_Backups/May 08/Witch_Game/Content/3D_Assets/DimensionX/Materials/Textures/T_GrassTiles_BaseColor.uasset" 1234
"C:/Users/hanna/Documents/SCHOOL_FILES/Spring 2025/Bachelor/Unreal_Engine_Backups/May 08/Witch_Game/Content/3D_Assets/DimensionX/Materials/Textures/T_GrassTiles_BaseColor.uexp" 1235
"C:/Users/hanna/Documents/SCHOOL_FILES/Spring 2025/Bachelor/Unreal_Engine_Backups/May 08/Witch_Game/Content/3D_Assets/DimensionX/Materials/DimensionX_Materials/M_PH_Landscape.uasset" 1236
"C:/Users/hanna/Documents/SCHOOL_FILES/Spring 2025/Bachelor/Unreal_Engine_Backups/May 08/Witch_Game/Content/3D_Assets/DimensionX/Materials/DimensionX_Materials/M_PH_Landscape.uexp" 1237
"C:/Users/hanna/Documents/SCHOOL_FILES/Spring 2025/Bachelor/Unreal_Engine_Backups/May 08/Witch_Game/Content/3D_Assets/DimensionX/Materials/DimensionX_Materials/Grass_LayerInfo.uasset" 1238
"C:/Users/hanna/Documents/SCHOOL_FILES/Spring 2025/Bachelor/Unreal_Engine_Backups/May 08/Witch_Game/Content/3D_Assets/DimensionX/Materials/DimensionX_Materials/Grass_LayerInfo.uexp" 1239
"C:/Users/hanna/Documents/SCHOOL_FILES/Spring 2025/Bachelor/Unreal_Engine_Backups/May 08/Witch_Game/Content/3D_Assets/DimensionX/Materials/DimensionX_Materials/Dirt_LayerInfo.uasset" 1240
"C:/Users/hanna/Documents/SCHOOL_FILES/Spring 2025/Bachelor/Unreal_Engine_Backups/May 08/Witch_Game/Content/3D_Assets/DimensionX/Materials/DimensionX_Materials/Dirt_LayerInfo.uexp" 1241
"C:/Users/hanna/Documents/SCHOOL_FILES/Spring 2025/Bachelor/Unreal_Engine_Backups/May 08/Witch_Game/Content/3D_Assets/DimensionX_Placeholders/standardSurface1.uasset" 1242
"C:/Users/hanna/Documents/SCHOOL_FILES/Spring 2025/Bachelor/Unreal_Engine_Backups/May 08/Witch_Game/Content/3D_Assets/DimensionX_Placeholders/standardSurface1.uexp" 1243
"C:/Users/hanna/Documents/SCHOOL_FILES/Spring 2025/Bachelor/Unreal_Engine_Backups/May 08/Witch_Game/Content/3D_Assets/DimensionX_Placeholders/SM_PH_Tree.ubulk" 1244
"C:/Users/hanna/Documents/SCHOOL_FILES/Spring 2025/Bachelor/Unreal_Engine_Backups/May 08/Witch_Game/Content/3D_Assets/DimensionX_Placeholders/SM_PH_Tree.uasset" 1245
"C:/Users/hanna/Documents/SCHOOL_FILES/Spring 2025/Bachelor/Unreal_Engine_Backups/May 08/Witch_Game/Content/3D_Assets/DimensionX_Placeholders/SM_PH_Tree.uexp" 1246
"C:/Users/hanna/Documents/SCHOOL_FILES/Spring 2025/Bachelor/Unreal_Engine_Backups/May 08/Witch_Game/Content/3D_Assets/DimensionX_Placeholders/PLACEHOLDER_RuinStone.uasset" 1247
"C:/Users/hanna/Documents/SCHOOL_FILES/Spring 2025/Bachelor/Unreal_Engine_Backups/May 08/Witch_Game/Content/3D_Assets/DimensionX_Placeholders/PLACEHOLDER_RuinStone.uexp" 1248
"C:/Users/hanna/Documents/SCHOOL_FILES/Spring 2025/Bachelor/Unreal_Engine_Backups/May 08/Witch_Game/Content/3D_Assets/DimensionX/Materials/Textures/Stones_low_StonesMossV1_BaseColor.ubulk" 1249
"C:/Users/hanna/Documents/SCHOOL_FILES/Spring 2025/Bachelor/Unreal_Engine_Backups/May 08/Witch_Game/Content/3D_Assets/DimensionX/Materials/Textures/Stones_low_StonesMossV1_BaseColor.uasset" 1250
"C:/Users/hanna/Documents/SCHOOL_FILES/Spring 2025/Bachelor/Unreal_Engine_Backups/May 08/Witch_Game/Content/3D_Assets/DimensionX/Materials/Textures/Stones_low_StonesMossV1_BaseColor.uexp" 1251
"C:/Users/hanna/Documents/SCHOOL_FILES/Spring 2025/Bachelor/Unreal_Engine_Backups/May 08/Witch_Game/Content/3D_Assets/DimensionX/Materials/M_STONESMOSS_V1.uasset" 1252
"C:/Users/hanna/Documents/SCHOOL_FILES/Spring 2025/Bachelor/Unreal_Engine_Backups/May 08/Witch_Game/Content/3D_Assets/DimensionX/Materials/M_STONESMOSS_V1.uexp" 1253
"C:/Users/hanna/Documents/SCHOOL_FILES/Spring 2025/Bachelor/Unreal_Engine_Backups/May 08/Witch_Game/Content/3D_Assets/DimensionX/SM_TALLSTONE_MOSS_V1.ubulk" 1254
"C:/Users/hanna/Documents/SCHOOL_FILES/Spring 2025/Bachelor/Unreal_Engine_Backups/May 08/Witch_Game/Content/3D_Assets/DimensionX/SM_TALLSTONE_MOSS_V1.uasset" 1255
"C:/Users/hanna/Documents/SCHOOL_FILES/Spring 2025/Bachelor/Unreal_Engine_Backups/May 08/Witch_Game/Content/3D_Assets/DimensionX/SM_TALLSTONE_MOSS_V1.uexp" 1256
"C:/Users/hanna/Documents/SCHOOL_FILES/Spring 2025/Bachelor/Unreal_Engine_Backups/May 08/Witch_Game/Content/3D_Assets/DimensionX/Materials/Textures/Stones_low_Stones_BaseColor.ubulk" 1257
"C:/Users/hanna/Documents/SCHOOL_FILES/Spring 2025/Bachelor/Unreal_Engine_Backups/May 08/Witch_Game/Content/3D_Assets/DimensionX/Materials/Textures/Stones_low_Stones_BaseColor.uasset" 1258
"C:/Users/hanna/Documents/SCHOOL_FILES/Spring 2025/Bachelor/Unreal_Engine_Backups/May 08/Witch_Game/Content/3D_Assets/DimensionX/Materials/Textures/Stones_low_Stones_BaseColor.uexp" 1259
"C:/Users/hanna/Documents/SCHOOL_FILES/Spring 2025/Bachelor/Unreal_Engine_Backups/May 08/Witch_Game/Content/3D_Assets/DimensionX/Materials/M_STONES_V1.uasset" 1260
"C:/Users/hanna/Documents/SCHOOL_FILES/Spring 2025/Bachelor/Unreal_Engine_Backups/May 08/Witch_Game/Content/3D_Assets/DimensionX/Materials/M_STONES_V1.uexp" 1261
"C:/Users/hanna/Documents/SCHOOL_FILES/Spring 2025/Bachelor/Unreal_Engine_Backups/May 08/Witch_Game/Content/3D_Assets/DimensionX/SM_TALLSTONE_V1.ubulk" 1262
"C:/Users/hanna/Documents/SCHOOL_FILES/Spring 2025/Bachelor/Unreal_Engine_Backups/May 08/Witch_Game/Content/3D_Assets/DimensionX/SM_TALLSTONE_V1.uasset" 1263
"C:/Users/hanna/Documents/SCHOOL_FILES/Spring 2025/Bachelor/Unreal_Engine_Backups/May 08/Witch_Game/Content/3D_Assets/DimensionX/SM_TALLSTONE_V1.uexp" 1264
"C:/Users/hanna/Documents/SCHOOL_FILES/Spring 2025/Bachelor/Unreal_Engine_Backups/May 08/Witch_Game/Content/3D_Assets/DimensionX/Materials/Textures/Stones_low_StonesMossV3_BaseColor.ubulk" 1265
"C:/Users/hanna/Documents/SCHOOL_FILES/Spring 2025/Bachelor/Unreal_Engine_Backups/May 08/Witch_Game/Content/3D_Assets/DimensionX/Materials/Textures/Stones_low_StonesMossV3_BaseColor.uasset" 1266
"C:/Users/hanna/Documents/SCHOOL_FILES/Spring 2025/Bachelor/Unreal_Engine_Backups/May 08/Witch_Game/Content/3D_Assets/DimensionX/Materials/Textures/Stones_low_StonesMossV3_BaseColor.uexp" 1267
"C:/Users/hanna/Documents/SCHOOL_FILES/Spring 2025/Bachelor/Unreal_Engine_Backups/May 08/Witch_Game/Content/3D_Assets/DimensionX/Materials/M_STONESMOSS_V3.uasset" 1268
"C:/Users/hanna/Documents/SCHOOL_FILES/Spring 2025/Bachelor/Unreal_Engine_Backups/May 08/Witch_Game/Content/3D_Assets/DimensionX/Materials/M_STONESMOSS_V3.uexp" 1269
"C:/Users/hanna/Documents/SCHOOL_FILES/Spring 2025/Bachelor/Unreal_Engine_Backups/May 08/Witch_Game/Content/3D_Assets/DimensionX/SM_SMALLSTONE_MOSS_V3.ubulk" 1270
"C:/Users/hanna/Documents/SCHOOL_FILES/Spring 2025/Bachelor/Unreal_Engine_Backups/May 08/Witch_Game/Content/3D_Assets/DimensionX/SM_SMALLSTONE_MOSS_V3.uasset" 1271
"C:/Users/hanna/Documents/SCHOOL_FILES/Spring 2025/Bachelor/Unreal_Engine_Backups/May 08/Witch_Game/Content/3D_Assets/DimensionX/SM_SMALLSTONE_MOSS_V3.uexp" 1272
"C:/Users/hanna/Documents/SCHOOL_FILES/Spring 2025/Bachelor/Unreal_Engine_Backups/May 08/Witch_Game/Content/3D_Assets/DimensionX/SM_SMALLSTONE_V1.ubulk" 1273
"C:/Users/hanna/Documents/SCHOOL_FILES/Spring 2025/Bachelor/Unreal_Engine_Backups/May 08/Witch_Game/Content/3D_Assets/DimensionX/SM_SMALLSTONE_V1.uasset" 1274
"C:/Users/hanna/Documents/SCHOOL_FILES/Spring 2025/Bachelor/Unreal_Engine_Backups/May 08/Witch_Game/Content/3D_Assets/DimensionX/SM_SMALLSTONE_V1.uexp" 1275
"C:/Users/hanna/Documents/SCHOOL_FILES/Spring 2025/Bachelor/Unreal_Engine_Backups/May 08/Witch_Game/Content/3D_Assets/DimensionX/Materials/Textures/Stones_low_StonesV3_BaseColor.ubulk" 1276
"C:/Users/hanna/Documents/SCHOOL_FILES/Spring 2025/Bachelor/Unreal_Engine_Backups/May 08/Witch_Game/Content/3D_Assets/DimensionX/Materials/Textures/Stones_low_StonesV3_BaseColor.uasset" 1277
"C:/Users/hanna/Documents/SCHOOL_FILES/Spring 2025/Bachelor/Unreal_Engine_Backups/May 08/Witch_Game/Content/3D_Assets/DimensionX/Materials/Textures/Stones_low_StonesV3_BaseColor.uexp" 1278
"C:/Users/hanna/Documents/SCHOOL_FILES/Spring 2025/Bachelor/Unreal_Engine_Backups/May 08/Witch_Game/Content/3D_Assets/DimensionX/Materials/M_STONES_V3.uasset" 1279
"C:/Users/hanna/Documents/SCHOOL_FILES/Spring 2025/Bachelor/Unreal_Engine_Backups/May 08/Witch_Game/Content/3D_Assets/DimensionX/Materials/M_STONES_V3.uexp" 1280
"C:/Users/hanna/Documents/SCHOOL_FILES/Spring 2025/Bachelor/Unreal_Engine_Backups/May 08/Witch_Game/Content/3D_Assets/DimensionX/SM_MIDSTONE_V3.ubulk" 1281
"C:/Users/hanna/Documents/SCHOOL_FILES/Spring 2025/Bachelor/Unreal_Engine_Backups/May 08/Witch_Game/Content/3D_Assets/DimensionX/SM_MIDSTONE_V3.uasset" 1282
"C:/Users/hanna/Documents/SCHOOL_FILES/Spring 2025/Bachelor/Unreal_Engine_Backups/May 08/Witch_Game/Content/3D_Assets/DimensionX/SM_MIDSTONE_V3.uexp" 1283
"C:/Users/hanna/Documents/SCHOOL_FILES/Spring 2025/Bachelor/Unreal_Engine_Backups/May 08/Witch_Game/Content/3D_Assets/DimensionX/Materials/Textures/Stones_low_StonesMossV2_BaseColor.ubulk" 1284
"C:/Users/hanna/Documents/SCHOOL_FILES/Spring 2025/Bachelor/Unreal_Engine_Backups/May 08/Witch_Game/Content/3D_Assets/DimensionX/Materials/Textures/Stones_low_StonesMossV2_BaseColor.uasset" 1285
"C:/Users/hanna/Documents/SCHOOL_FILES/Spring 2025/Bachelor/Unreal_Engine_Backups/May 08/Witch_Game/Content/3D_Assets/DimensionX/Materials/Textures/Stones_low_StonesMossV2_BaseColor.uexp" 1286
"C:/Users/hanna/Documents/SCHOOL_FILES/Spring 2025/Bachelor/Unreal_Engine_Backups/May 08/Witch_Game/Content/3D_Assets/DimensionX/Materials/M_STONESMOSS_V2.uasset" 1287
"C:/Users/hanna/Documents/SCHOOL_FILES/Spring 2025/Bachelor/Unreal_Engine_Backups/May 08/Witch_Game/Content/3D_Assets/DimensionX/Materials/M_STONESMOSS_V2.uexp" 1288
"C:/Users/hanna/Documents/SCHOOL_FILES/Spring 2025/Bachelor/Unreal_Engine_Backups/May 08/Witch_Game/Content/3D_Assets/DimensionX/SM_MIDSTONE_MOSS_V2.ubulk" 1289
"C:/Users/hanna/Documents/SCHOOL_FILES/Spring 2025/Bachelor/Unreal_Engine_Backups/May 08/Witch_Game/Content/3D_Assets/DimensionX/SM_MIDSTONE_MOSS_V2.uasset" 1290
"C:/Users/hanna/Documents/SCHOOL_FILES/Spring 2025/Bachelor/Unreal_Engine_Backups/May 08/Witch_Game/Content/3D_Assets/DimensionX/SM_MIDSTONE_MOSS_V2.uexp" 1291
"C:/Users/hanna/Documents/SCHOOL_FILES/Spring 2025/Bachelor/Unreal_Engine_Backups/May 08/Witch_Game/Content/3D_Assets/DimensionX/SM_MIDSTONE_V1.ubulk" 1292
"C:/Users/hanna/Documents/SCHOOL_FILES/Spring 2025/Bachelor/Unreal_Engine_Backups/May 08/Witch_Game/Content/3D_Assets/DimensionX/SM_MIDSTONE_V1.uasset" 1293
"C:/Users/hanna/Documents/SCHOOL_FILES/Spring 2025/Bachelor/Unreal_Engine_Backups/May 08/Witch_Game/Content/3D_Assets/DimensionX/SM_MIDSTONE_V1.uexp" 1294
"C:/Users/hanna/Documents/SCHOOL_FILES/Spring 2025/Bachelor/Unreal_Engine_Backups/May 08/Witch_Game/Content/3D_Assets/DimensionX/BP_Reflection.uasset" 1295
"C:/Users/hanna/Documents/SCHOOL_FILES/Spring 2025/Bachelor/Unreal_Engine_Backups/May 08/Witch_Game/Content/3D_Assets/DimensionX/BP_Reflection.uexp" 1296
"C:/Users/hanna/Documents/SCHOOL_FILES/Spring 2025/Bachelor/Unreal_Engine_Backups/May 08/Witch_Game/Content/3D_Assets/DimensionHome_Placeholders/Table_M_Table_Emissive.ubulk" 1297
"C:/Users/hanna/Documents/SCHOOL_FILES/Spring 2025/Bachelor/Unreal_Engine_Backups/May 08/Witch_Game/Content/3D_Assets/DimensionHome_Placeholders/Table_M_Table_Emissive.uasset" 1298
"C:/Users/hanna/Documents/SCHOOL_FILES/Spring 2025/Bachelor/Unreal_Engine_Backups/May 08/Witch_Game/Content/3D_Assets/DimensionHome_Placeholders/Table_M_Table_Emissive.uexp" 1299
"C:/Users/hanna/Documents/SCHOOL_FILES/Spring 2025/Bachelor/Unreal_Engine_Backups/May 08/Witch_Game/Content/3D_Assets/DimensionHome_Placeholders/M_Rug.uasset" 1300
"C:/Users/hanna/Documents/SCHOOL_FILES/Spring 2025/Bachelor/Unreal_Engine_Backups/May 08/Witch_Game/Content/3D_Assets/DimensionHome_Placeholders/M_Rug.uexp" 1301
"C:/Users/hanna/Documents/SCHOOL_FILES/Spring 2025/Bachelor/Unreal_Engine_Backups/May 08/Witch_Game/Content/3D_Assets/DimensionHome_Placeholders/Rug.ubulk" 1302
"C:/Users/hanna/Documents/SCHOOL_FILES/Spring 2025/Bachelor/Unreal_Engine_Backups/May 08/Witch_Game/Content/3D_Assets/DimensionHome_Placeholders/Rug.uasset" 1303
"C:/Users/hanna/Documents/SCHOOL_FILES/Spring 2025/Bachelor/Unreal_Engine_Backups/May 08/Witch_Game/Content/3D_Assets/DimensionHome_Placeholders/Rug.uexp" 1304
"C:/Users/hanna/Documents/SCHOOL_FILES/Spring 2025/Bachelor/Unreal_Engine_Backups/May 08/Witch_Game/Content/3D_Assets/DimensionHome_Placeholders/M_Extra_Decor1.uasset" 1305
"C:/Users/hanna/Documents/SCHOOL_FILES/Spring 2025/Bachelor/Unreal_Engine_Backups/May 08/Witch_Game/Content/3D_Assets/DimensionHome_Placeholders/M_Extra_Decor1.uexp" 1306
"C:/Users/hanna/Documents/SCHOOL_FILES/Spring 2025/Bachelor/Unreal_Engine_Backups/May 08/Witch_Game/Content/3D_Assets/DimensionHome_Placeholders/Plate.ubulk" 1307
"C:/Users/hanna/Documents/SCHOOL_FILES/Spring 2025/Bachelor/Unreal_Engine_Backups/May 08/Witch_Game/Content/3D_Assets/DimensionHome_Placeholders/Plate.uasset" 1308
"C:/Users/hanna/Documents/SCHOOL_FILES/Spring 2025/Bachelor/Unreal_Engine_Backups/May 08/Witch_Game/Content/3D_Assets/DimensionHome_Placeholders/Plate.uexp" 1309
"C:/Users/hanna/Documents/SCHOOL_FILES/Spring 2025/Bachelor/Unreal_Engine_Backups/May 08/Witch_Game/Content/3D_Assets/DimensionHome_Placeholders/M_Wardrobe.uasset" 1310
"C:/Users/hanna/Documents/SCHOOL_FILES/Spring 2025/Bachelor/Unreal_Engine_Backups/May 08/Witch_Game/Content/3D_Assets/DimensionHome_Placeholders/M_Wardrobe.uexp" 1311
"C:/Users/hanna/Documents/SCHOOL_FILES/Spring 2025/Bachelor/Unreal_Engine_Backups/May 08/Witch_Game/Content/3D_Assets/DimensionHome_Placeholders/Combined_Wardrobe_Door_R.ubulk" 1312
"C:/Users/hanna/Documents/SCHOOL_FILES/Spring 2025/Bachelor/Unreal_Engine_Backups/May 08/Witch_Game/Content/3D_Assets/DimensionHome_Placeholders/Combined_Wardrobe_Door_R.uasset" 1313
"C:/Users/hanna/Documents/SCHOOL_FILES/Spring 2025/Bachelor/Unreal_Engine_Backups/May 08/Witch_Game/Content/3D_Assets/DimensionHome_Placeholders/Combined_Wardrobe_Door_R.uexp" 1314
"C:/Users/hanna/Documents/SCHOOL_FILES/Spring 2025/Bachelor/Unreal_Engine_Backups/May 08/Witch_Game/Content/3D_Assets/DimensionHome_Placeholders/Combined_Wardrobe_Door_L.ubulk" 1315
"C:/Users/hanna/Documents/SCHOOL_FILES/Spring 2025/Bachelor/Unreal_Engine_Backups/May 08/Witch_Game/Content/3D_Assets/DimensionHome_Placeholders/Combined_Wardrobe_Door_L.uasset" 1316
"C:/Users/hanna/Documents/SCHOOL_FILES/Spring 2025/Bachelor/Unreal_Engine_Backups/May 08/Witch_Game/Content/3D_Assets/DimensionHome_Placeholders/Combined_Wardrobe_Door_L.uexp" 1317
"C:/Users/hanna/Documents/SCHOOL_FILES/Spring 2025/Bachelor/Unreal_Engine_Backups/May 08/Witch_Game/Content/3D_Assets/DimensionHome_Placeholders/Combined_Wardrobe.ubulk" 1318
"C:/Users/hanna/Documents/SCHOOL_FILES/Spring 2025/Bachelor/Unreal_Engine_Backups/May 08/Witch_Game/Content/3D_Assets/DimensionHome_Placeholders/Combined_Wardrobe.uasset" 1319
"C:/Users/hanna/Documents/SCHOOL_FILES/Spring 2025/Bachelor/Unreal_Engine_Backups/May 08/Witch_Game/Content/3D_Assets/DimensionHome_Placeholders/Combined_Wardrobe.uexp" 1320
"C:/Users/hanna/Documents/SCHOOL_FILES/Spring 2025/Bachelor/Unreal_Engine_Backups/May 08/Witch_Game/Content/3D_Assets/DimensionHome_Placeholders/Candle.ubulk" 1321
"C:/Users/hanna/Documents/SCHOOL_FILES/Spring 2025/Bachelor/Unreal_Engine_Backups/May 08/Witch_Game/Content/3D_Assets/DimensionHome_Placeholders/Candle.uasset" 1322
"C:/Users/hanna/Documents/SCHOOL_FILES/Spring 2025/Bachelor/Unreal_Engine_Backups/May 08/Witch_Game/Content/3D_Assets/DimensionHome_Placeholders/Candle.uexp" 1323
"C:/Users/hanna/Documents/SCHOOL_FILES/Spring 2025/Bachelor/Unreal_Engine_Backups/May 08/Witch_Game/Content/3D_Assets/DimensionHome/Materials/Textures/SM_Plant_M_Plant_OcclusionRoughnessMetallic.ubulk" 1324
"C:/Users/hanna/Documents/SCHOOL_FILES/Spring 2025/Bachelor/Unreal_Engine_Backups/May 08/Witch_Game/Content/3D_Assets/DimensionHome/Materials/Textures/SM_Plant_M_Plant_OcclusionRoughnessMetallic.uasset" 1325
"C:/Users/hanna/Documents/SCHOOL_FILES/Spring 2025/Bachelor/Unreal_Engine_Backups/May 08/Witch_Game/Content/3D_Assets/DimensionHome/Materials/Textures/SM_Plant_M_Plant_OcclusionRoughnessMetallic.uexp" 1326
"C:/Users/hanna/Documents/SCHOOL_FILES/Spring 2025/Bachelor/Unreal_Engine_Backups/May 08/Witch_Game/Content/3D_Assets/DimensionHome/Materials/Textures/SM_Plant_M_Plant_BaseColor.ubulk" 1327
"C:/Users/hanna/Documents/SCHOOL_FILES/Spring 2025/Bachelor/Unreal_Engine_Backups/May 08/Witch_Game/Content/3D_Assets/DimensionHome/Materials/Textures/SM_Plant_M_Plant_BaseColor.uasset" 1328
"C:/Users/hanna/Documents/SCHOOL_FILES/Spring 2025/Bachelor/Unreal_Engine_Backups/May 08/Witch_Game/Content/3D_Assets/DimensionHome/Materials/Textures/SM_Plant_M_Plant_BaseColor.uexp" 1329
"C:/Users/hanna/Documents/SCHOOL_FILES/Spring 2025/Bachelor/Unreal_Engine_Backups/May 08/Witch_Game/Content/3D_Assets/DimensionHome/Materials/Textures/SM_Plant_M_Plant_Normal.ubulk" 1330
"C:/Users/hanna/Documents/SCHOOL_FILES/Spring 2025/Bachelor/Unreal_Engine_Backups/May 08/Witch_Game/Content/3D_Assets/DimensionHome/Materials/Textures/SM_Plant_M_Plant_Normal.uasset" 1331
"C:/Users/hanna/Documents/SCHOOL_FILES/Spring 2025/Bachelor/Unreal_Engine_Backups/May 08/Witch_Game/Content/3D_Assets/DimensionHome/Materials/Textures/SM_Plant_M_Plant_Normal.uexp" 1332
"C:/Users/hanna/Documents/SCHOOL_FILES/Spring 2025/Bachelor/Unreal_Engine_Backups/May 08/Witch_Game/Content/3D_Assets/DimensionHome/Materials/M_Plant.uasset" 1333
"C:/Users/hanna/Documents/SCHOOL_FILES/Spring 2025/Bachelor/Unreal_Engine_Backups/May 08/Witch_Game/Content/3D_Assets/DimensionHome/Materials/M_Plant.uexp" 1334
"C:/Users/hanna/Documents/SCHOOL_FILES/Spring 2025/Bachelor/Unreal_Engine_Backups/May 08/Witch_Game/Content/3D_Assets/DimensionHome/SM_Plant.ubulk" 1335
"C:/Users/hanna/Documents/SCHOOL_FILES/Spring 2025/Bachelor/Unreal_Engine_Backups/May 08/Witch_Game/Content/3D_Assets/DimensionHome/SM_Plant.uasset" 1336
"C:/Users/hanna/Documents/SCHOOL_FILES/Spring 2025/Bachelor/Unreal_Engine_Backups/May 08/Witch_Game/Content/3D_Assets/DimensionHome/SM_Plant.uexp" 1337
"../../../Engine/Content/Functions/Engine_MaterialFunctions02/ExampleContent/Textures/LowResBlurredNoise.uasset" 1338
"../../../Engine/Content/Functions/Engine_MaterialFunctions02/ExampleContent/Textures/LowResBlurredNoise.uexp" 1339
"C:/Users/hanna/Documents/SCHOOL_FILES/Spring 2025/Bachelor/Unreal_Engine_Backups/May 08/Witch_Game/Content/VFX/TX_CandleFlame.uasset" 1340
"C:/Users/hanna/Documents/SCHOOL_FILES/Spring 2025/Bachelor/Unreal_Engine_Backups/May 08/Witch_Game/Content/VFX/TX_CandleFlame.uexp" 1341
"C:/Users/hanna/Documents/SCHOOL_FILES/Spring 2025/Bachelor/Unreal_Engine_Backups/May 08/Witch_Game/Content/VFX/M_CandleFire.uasset" 1342
"C:/Users/hanna/Documents/SCHOOL_FILES/Spring 2025/Bachelor/Unreal_Engine_Backups/May 08/Witch_Game/Content/VFX/M_CandleFire.uexp" 1343
"C:/Users/hanna/Documents/SCHOOL_FILES/Spring 2025/Bachelor/Unreal_Engine_Backups/May 08/Witch_Game/Content/VFX/P_CandleFlame.uasset" 1344
"C:/Users/hanna/Documents/SCHOOL_FILES/Spring 2025/Bachelor/Unreal_Engine_Backups/May 08/Witch_Game/Content/VFX/P_CandleFlame.uexp" 1345
"C:/Users/hanna/Documents/SCHOOL_FILES/Spring 2025/Bachelor/Unreal_Engine_Backups/May 08/Witch_Game/Content/3D_Assets/DimensionHome/Materials/Textures/SM_RandomAssets_RandomAssets_Normal.ubulk" 1346
"C:/Users/hanna/Documents/SCHOOL_FILES/Spring 2025/Bachelor/Unreal_Engine_Backups/May 08/Witch_Game/Content/3D_Assets/DimensionHome/Materials/Textures/SM_RandomAssets_RandomAssets_Normal.uasset" 1347
"C:/Users/hanna/Documents/SCHOOL_FILES/Spring 2025/Bachelor/Unreal_Engine_Backups/May 08/Witch_Game/Content/3D_Assets/DimensionHome/Materials/Textures/SM_RandomAssets_RandomAssets_Normal.uexp" 1348
"C:/Users/hanna/Documents/SCHOOL_FILES/Spring 2025/Bachelor/Unreal_Engine_Backups/May 08/Witch_Game/Content/3D_Assets/DimensionHome/Materials/Textures/SM_RandomAssets_RandomAssets_OcclusionRoughnessMetallic.ubulk" 1349
"C:/Users/hanna/Documents/SCHOOL_FILES/Spring 2025/Bachelor/Unreal_Engine_Backups/May 08/Witch_Game/Content/3D_Assets/DimensionHome/Materials/Textures/SM_RandomAssets_RandomAssets_OcclusionRoughnessMetallic.uasset" 1350
"C:/Users/hanna/Documents/SCHOOL_FILES/Spring 2025/Bachelor/Unreal_Engine_Backups/May 08/Witch_Game/Content/3D_Assets/DimensionHome/Materials/Textures/SM_RandomAssets_RandomAssets_OcclusionRoughnessMetallic.uexp" 1351
"C:/Users/hanna/Documents/SCHOOL_FILES/Spring 2025/Bachelor/Unreal_Engine_Backups/May 08/Witch_Game/Content/3D_Assets/DimensionHome/Materials/Textures/SM_RandomAssets_RandomAssets_BaseColor.ubulk" 1352
"C:/Users/hanna/Documents/SCHOOL_FILES/Spring 2025/Bachelor/Unreal_Engine_Backups/May 08/Witch_Game/Content/3D_Assets/DimensionHome/Materials/Textures/SM_RandomAssets_RandomAssets_BaseColor.uasset" 1353
"C:/Users/hanna/Documents/SCHOOL_FILES/Spring 2025/Bachelor/Unreal_Engine_Backups/May 08/Witch_Game/Content/3D_Assets/DimensionHome/Materials/Textures/SM_RandomAssets_RandomAssets_BaseColor.uexp" 1354
"C:/Users/hanna/Documents/SCHOOL_FILES/Spring 2025/Bachelor/Unreal_Engine_Backups/May 08/Witch_Game/Content/3D_Assets/DimensionHome/Materials/RandomAssets.uasset" 1355
"C:/Users/hanna/Documents/SCHOOL_FILES/Spring 2025/Bachelor/Unreal_Engine_Backups/May 08/Witch_Game/Content/3D_Assets/DimensionHome/Materials/RandomAssets.uexp" 1356
"C:/Users/hanna/Documents/SCHOOL_FILES/Spring 2025/Bachelor/Unreal_Engine_Backups/May 08/Witch_Game/Content/3D_Assets/DimensionHome/SM_CandleBigShort.ubulk" 1357
"C:/Users/hanna/Documents/SCHOOL_FILES/Spring 2025/Bachelor/Unreal_Engine_Backups/May 08/Witch_Game/Content/3D_Assets/DimensionHome/SM_CandleBigShort.uasset" 1358
"C:/Users/hanna/Documents/SCHOOL_FILES/Spring 2025/Bachelor/Unreal_Engine_Backups/May 08/Witch_Game/Content/3D_Assets/DimensionHome/SM_CandleBigShort.uexp" 1359
"C:/Users/hanna/Documents/SCHOOL_FILES/Spring 2025/Bachelor/Unreal_Engine_Backups/May 08/Witch_Game/Content/3D_Assets/DimensionHome/BP_CandleBigShort.uasset" 1360
"C:/Users/hanna/Documents/SCHOOL_FILES/Spring 2025/Bachelor/Unreal_Engine_Backups/May 08/Witch_Game/Content/3D_Assets/DimensionHome/BP_CandleBigShort.uexp" 1361
"../../../Engine/Plugins/Interchange/Runtime/Content/gltf/MaterialFunctions/MF_RotateV2.uasset" 1362
"../../../Engine/Plugins/Interchange/Runtime/Content/gltf/MaterialFunctions/MF_RotateV2.uexp" 1363
"../../../Engine/Plugins/Interchange/Runtime/Content/gltf/MaterialFunctions/MF_TransformUVs.uasset" 1364
"../../../Engine/Plugins/Interchange/Runtime/Content/gltf/MaterialFunctions/MF_TransformUVs.uexp" 1365
"../../../Engine/Plugins/Interchange/Runtime/Content/gltf/Textures/T_White_srgb.uasset" 1366
"../../../Engine/Plugins/Interchange/Runtime/Content/gltf/Textures/T_White_srgb.uexp" 1367
"../../../Engine/Plugins/Interchange/Runtime/Content/gltf/MaterialFunctions/MF_BaseColor.uasset" 1368
"../../../Engine/Plugins/Interchange/Runtime/Content/gltf/MaterialFunctions/MF_BaseColor.uexp" 1369
"../../../Engine/Plugins/Interchange/Runtime/Content/gltf/MaterialBodies/MF_Unlit_Body.uasset" 1370
"../../../Engine/Plugins/Interchange/Runtime/Content/gltf/MaterialBodies/MF_Unlit_Body.uexp" 1371
"../../../Engine/Plugins/Interchange/Runtime/Content/gltf/M_Unlit.uasset" 1372
"../../../Engine/Plugins/Interchange/Runtime/Content/gltf/M_Unlit.uexp" 1373
"../../../Engine/Plugins/Interchange/Runtime/Content/gltf/MaterialInstances/MI_Unlit_Opaque_DS.uasset" 1374
"../../../Engine/Plugins/Interchange/Runtime/Content/gltf/MaterialInstances/MI_Unlit_Opaque_DS.uexp" 1375
"../../../Engine/Plugins/Interchange/Runtime/Content/gltf/MaterialInstances/MI_Unlit_Opaque.uasset" 1376
"../../../Engine/Plugins/Interchange/Runtime/Content/gltf/MaterialInstances/MI_Unlit_Opaque.uexp" 1377
"../../../Engine/Plugins/Interchange/Runtime/Content/gltf/MaterialInstances/MI_Unlit_Mask_DS.uasset" 1378
"../../../Engine/Plugins/Interchange/Runtime/Content/gltf/MaterialInstances/MI_Unlit_Mask_DS.uexp" 1379
"../../../Engine/Plugins/Interchange/Runtime/Content/gltf/MaterialInstances/MI_Unlit_Mask.uasset" 1380
"../../../Engine/Plugins/Interchange/Runtime/Content/gltf/MaterialInstances/MI_Unlit_Mask.uexp" 1381
"../../../Engine/Plugins/Interchange/Runtime/Content/gltf/MaterialInstances/MI_Unlit_Blend_DS.uasset" 1382
"../../../Engine/Plugins/Interchange/Runtime/Content/gltf/MaterialInstances/MI_Unlit_Blend_DS.uexp" 1383
"../../../Engine/Plugins/Interchange/Runtime/Content/gltf/MaterialInstances/MI_Unlit_Blend.uasset" 1384
"../../../Engine/Plugins/Interchange/Runtime/Content/gltf/MaterialInstances/MI_Unlit_Blend.uexp" 1385
"../../../Engine/Plugins/Interchange/Runtime/Content/gltf/MaterialFunctions/MF_Iridescence.uasset" 1386
"../../../Engine/Plugins/Interchange/Runtime/Content/gltf/MaterialFunctions/MF_Iridescence.uexp" 1387
"../../../Engine/Plugins/Interchange/Runtime/Content/gltf/Textures/T_White_Linear.uasset" 1388
"../../../Engine/Plugins/Interchange/Runtime/Content/gltf/Textures/T_White_Linear.uexp" 1389
"../../../Engine/Plugins/Interchange/Runtime/Content/gltf/MaterialFunctions/MF_Transmission.uasset" 1390
"../../../Engine/Plugins/Interchange/Runtime/Content/gltf/MaterialFunctions/MF_Transmission.uexp" 1391
"../../../Engine/Plugins/Interchange/Runtime/Content/gltf/MaterialFunctions/MF_MetallicRoughness.uasset" 1392
"../../../Engine/Plugins/Interchange/Runtime/Content/gltf/MaterialFunctions/MF_MetallicRoughness.uexp" 1393
"../../../Engine/Plugins/Interchange/Runtime/Content/gltf/MaterialFunctions/MF_Occlusion.uasset" 1394
"../../../Engine/Plugins/Interchange/Runtime/Content/gltf/MaterialFunctions/MF_Occlusion.uexp" 1395
"../../../Engine/Plugins/Interchange/Runtime/Content/gltf/MaterialFunctions/MF_Specular.uasset" 1396
"../../../Engine/Plugins/Interchange/Runtime/Content/gltf/MaterialFunctions/MF_Specular.uexp" 1397
"../../../Engine/Plugins/Interchange/Runtime/Content/gltf/MaterialFunctions/MF_IOR.uasset" 1398
"../../../Engine/Plugins/Interchange/Runtime/Content/gltf/MaterialFunctions/MF_IOR.uexp" 1399
"../../../Engine/Plugins/Interchange/Runtime/Content/gltf/MaterialFunctions/MF_RotateNormals_TS.uasset" 1400
"../../../Engine/Plugins/Interchange/Runtime/Content/gltf/MaterialFunctions/MF_RotateNormals_TS.uexp" 1401
"../../../Engine/Plugins/Interchange/Runtime/Content/gltf/Textures/T_Generic_N.uasset" 1402
"../../../Engine/Plugins/Interchange/Runtime/Content/gltf/Textures/T_Generic_N.uexp" 1403
"../../../Engine/Plugins/Interchange/Runtime/Content/gltf/MaterialFunctions/MF_Normals.uasset" 1404
"../../../Engine/Plugins/Interchange/Runtime/Content/gltf/MaterialFunctions/MF_Normals.uexp" 1405
"../../../Engine/Plugins/Interchange/Runtime/Content/gltf/MaterialBodies/MF_Transmission_Body.uasset" 1406
"../../../Engine/Plugins/Interchange/Runtime/Content/gltf/MaterialBodies/MF_Transmission_Body.uexp" 1407
"../../../Engine/Plugins/Interchange/Runtime/Content/gltf/M_Transmission.uasset" 1408
"../../../Engine/Plugins/Interchange/Runtime/Content/gltf/M_Transmission.uexp" 1409
"../../../Engine/Plugins/Interchange/Runtime/Content/gltf/MaterialInstances/MI_Transmission_DS.uasset" 1410
"../../../Engine/Plugins/Interchange/Runtime/Content/gltf/MaterialInstances/MI_Transmission_DS.uexp" 1411
"../../../Engine/Plugins/Interchange/Runtime/Content/gltf/MaterialInstances/MI_Transmission.uasset" 1412
"../../../Engine/Plugins/Interchange/Runtime/Content/gltf/MaterialInstances/MI_Transmission.uexp" 1413
"../../../Engine/Plugins/Interchange/Runtime/Content/gltf/MaterialFunctions/MF_DiffuseSpecGloss.uasset" 1414
"../../../Engine/Plugins/Interchange/Runtime/Content/gltf/MaterialFunctions/MF_DiffuseSpecGloss.uexp" 1415
"../../../Engine/Content/Functions/Engine_MaterialFunctions02/Math/AddComponents.uasset" 1416
"../../../Engine/Content/Functions/Engine_MaterialFunctions02/Math/AddComponents.uexp" 1417
"../../../Engine/Plugins/Interchange/Runtime/Content/gltf/MaterialFunctions/MF_PerceivedBrightness.uasset" 1418
"../../../Engine/Plugins/Interchange/Runtime/Content/gltf/MaterialFunctions/MF_PerceivedBrightness.uexp" 1419
"../../../Engine/Plugins/Interchange/Runtime/Content/gltf/MaterialFunctions/MF_Emissive.uasset" 1420
"../../../Engine/Plugins/Interchange/Runtime/Content/gltf/MaterialFunctions/MF_Emissive.uexp" 1421
"../../../Engine/Plugins/Interchange/Runtime/Content/gltf/MaterialFunctions/MF_SpecGlossToMetalRoughness.uasset" 1422
"../../../Engine/Plugins/Interchange/Runtime/Content/gltf/MaterialFunctions/MF_SpecGlossToMetalRoughness.uexp" 1423
"../../../Engine/Plugins/Interchange/Runtime/Content/gltf/MaterialBodies/MF_SpecularGlossiness_Body.uasset" 1424
"../../../Engine/Plugins/Interchange/Runtime/Content/gltf/MaterialBodies/MF_SpecularGlossiness_Body.uexp" 1425
"../../../Engine/Plugins/Interchange/Runtime/Content/gltf/M_SpecularGlossiness.uasset" 1426
"../../../Engine/Plugins/Interchange/Runtime/Content/gltf/M_SpecularGlossiness.uexp" 1427
"../../../Engine/Plugins/Interchange/Runtime/Content/gltf/MaterialInstances/MI_SpecularGlossiness_Opaque_DS.uasset" 1428
"../../../Engine/Plugins/Interchange/Runtime/Content/gltf/MaterialInstances/MI_SpecularGlossiness_Opaque_DS.uexp" 1429
"../../../Engine/Plugins/Interchange/Runtime/Content/gltf/MaterialInstances/MI_SpecularGlossiness_Opaque.uasset" 1430
"../../../Engine/Plugins/Interchange/Runtime/Content/gltf/MaterialInstances/MI_SpecularGlossiness_Opaque.uexp" 1431
"../../../Engine/Plugins/Interchange/Runtime/Content/gltf/MaterialInstances/MI_SpecularGlossiness_Mask_DS.uasset" 1432
"../../../Engine/Plugins/Interchange/Runtime/Content/gltf/MaterialInstances/MI_SpecularGlossiness_Mask_DS.uexp" 1433
"../../../Engine/Plugins/Interchange/Runtime/Content/gltf/MaterialInstances/MI_SpecularGlossiness_Mask.uasset" 1434
"../../../Engine/Plugins/Interchange/Runtime/Content/gltf/MaterialInstances/MI_SpecularGlossiness_Mask.uexp" 1435
"../../../Engine/Plugins/Interchange/Runtime/Content/gltf/MaterialInstances/MI_SpecularGlossiness_Blend_DS.uasset" 1436
"../../../Engine/Plugins/Interchange/Runtime/Content/gltf/MaterialInstances/MI_SpecularGlossiness_Blend_DS.uexp" 1437
"../../../Engine/Plugins/Interchange/Runtime/Content/gltf/MaterialInstances/MI_SpecularGlossiness_Blend.uasset" 1438
"../../../Engine/Plugins/Interchange/Runtime/Content/gltf/MaterialInstances/MI_SpecularGlossiness_Blend.uexp" 1439
"../../../Engine/Plugins/Interchange/Runtime/Content/gltf/MaterialFunctions/MF_Sheen.uasset" 1440
"../../../Engine/Plugins/Interchange/Runtime/Content/gltf/MaterialFunctions/MF_Sheen.uexp" 1441
"../../../Engine/Plugins/Interchange/Runtime/Content/gltf/MaterialBodies/MF_Sheen_Body.uasset" 1442
"../../../Engine/Plugins/Interchange/Runtime/Content/gltf/MaterialBodies/MF_Sheen_Body.uexp" 1443
"../../../Engine/Plugins/Interchange/Runtime/Content/gltf/M_Sheen.uasset" 1444
"../../../Engine/Plugins/Interchange/Runtime/Content/gltf/M_Sheen.uexp" 1445
"../../../Engine/Plugins/Interchange/Runtime/Content/gltf/MaterialInstances/MI_Sheen_Opaque_DS.uasset" 1446
"../../../Engine/Plugins/Interchange/Runtime/Content/gltf/MaterialInstances/MI_Sheen_Opaque_DS.uexp" 1447
"../../../Engine/Plugins/Interchange/Runtime/Content/gltf/MaterialInstances/MI_Sheen_Opaque.uasset" 1448
"../../../Engine/Plugins/Interchange/Runtime/Content/gltf/MaterialInstances/MI_Sheen_Opaque.uexp" 1449
"../../../Engine/Plugins/Interchange/Runtime/Content/gltf/MaterialInstances/MI_Sheen_Mask_DS.uasset" 1450
"../../../Engine/Plugins/Interchange/Runtime/Content/gltf/MaterialInstances/MI_Sheen_Mask_DS.uexp" 1451
"../../../Engine/Plugins/Interchange/Runtime/Content/gltf/MaterialInstances/MI_Sheen_Mask.uasset" 1452
"../../../Engine/Plugins/Interchange/Runtime/Content/gltf/MaterialInstances/MI_Sheen_Mask.uexp" 1453
"../../../Engine/Plugins/Interchange/Runtime/Content/gltf/MaterialInstances/MI_Sheen_Blend_DS.uasset" 1454
"../../../Engine/Plugins/Interchange/Runtime/Content/gltf/MaterialInstances/MI_Sheen_Blend_DS.uexp" 1455
"../../../Engine/Plugins/Interchange/Runtime/Content/gltf/MaterialInstances/MI_Sheen_Blend.uasset" 1456
"../../../Engine/Plugins/Interchange/Runtime/Content/gltf/MaterialInstances/MI_Sheen_Blend.uexp" 1457
"../../../Engine/Plugins/Interchange/Runtime/Content/gltf/MaterialBodies/MF_Default_Body.uasset" 1458
"../../../Engine/Plugins/Interchange/Runtime/Content/gltf/MaterialBodies/MF_Default_Body.uexp" 1459
"../../../Engine/Plugins/Interchange/Runtime/Content/gltf/M_Default.uasset" 1460
"../../../Engine/Plugins/Interchange/Runtime/Content/gltf/M_Default.uexp" 1461
"../../../Engine/Plugins/Interchange/Runtime/Content/gltf/MaterialInstances/MI_Default_Opaque_DS.uasset" 1462
"../../../Engine/Plugins/Interchange/Runtime/Content/gltf/MaterialInstances/MI_Default_Opaque_DS.uexp" 1463
"../../../Engine/Plugins/Interchange/Runtime/Content/gltf/MaterialInstances/MI_Default_Opaque.uasset" 1464
"../../../Engine/Plugins/Interchange/Runtime/Content/gltf/MaterialInstances/MI_Default_Opaque.uexp" 1465
"../../../Engine/Plugins/Interchange/Runtime/Content/gltf/MaterialInstances/MI_Default_Mask_DS.uasset" 1466
"../../../Engine/Plugins/Interchange/Runtime/Content/gltf/MaterialInstances/MI_Default_Mask_DS.uexp" 1467
"../../../Engine/Plugins/Interchange/Runtime/Content/gltf/MaterialInstances/MI_Default_Mask.uasset" 1468
"../../../Engine/Plugins/Interchange/Runtime/Content/gltf/MaterialInstances/MI_Default_Mask.uexp" 1469
"../../../Engine/Plugins/Interchange/Runtime/Content/gltf/MaterialInstances/MI_Default_Blend_DS.uasset" 1470
"../../../Engine/Plugins/Interchange/Runtime/Content/gltf/MaterialInstances/MI_Default_Blend_DS.uexp" 1471
"../../../Engine/Plugins/Interchange/Runtime/Content/gltf/MaterialInstances/MI_Default_Blend.uasset" 1472
"../../../Engine/Plugins/Interchange/Runtime/Content/gltf/MaterialInstances/MI_Default_Blend.uexp" 1473
"../../../Engine/Plugins/Interchange/Runtime/Content/gltf/MaterialFunctions/MF_Clearcoat.uasset" 1474
"../../../Engine/Plugins/Interchange/Runtime/Content/gltf/MaterialFunctions/MF_Clearcoat.uexp" 1475
"../../../Engine/Plugins/Interchange/Runtime/Content/gltf/MaterialBodies/MF_ClearCoat_Body.uasset" 1476
"../../../Engine/Plugins/Interchange/Runtime/Content/gltf/MaterialBodies/MF_ClearCoat_Body.uexp" 1477
"../../../Engine/Plugins/Interchange/Runtime/Content/gltf/M_ClearCoat.uasset" 1478
"../../../Engine/Plugins/Interchange/Runtime/Content/gltf/M_ClearCoat.uexp" 1479
"../../../Engine/Plugins/Interchange/Runtime/Content/gltf/MaterialInstances/MI_ClearCoat_Opaque_DS.uasset" 1480
"../../../Engine/Plugins/Interchange/Runtime/Content/gltf/MaterialInstances/MI_ClearCoat_Opaque_DS.uexp" 1481
"../../../Engine/Plugins/Interchange/Runtime/Content/gltf/MaterialInstances/MI_ClearCoat_Opaque.uasset" 1482
"../../../Engine/Plugins/Interchange/Runtime/Content/gltf/MaterialInstances/MI_ClearCoat_Opaque.uexp" 1483
"../../../Engine/Plugins/Interchange/Runtime/Content/gltf/MaterialInstances/MI_ClearCoat_Mask_DS.uasset" 1484
"../../../Engine/Plugins/Interchange/Runtime/Content/gltf/MaterialInstances/MI_ClearCoat_Mask_DS.uexp" 1485
"../../../Engine/Plugins/Interchange/Runtime/Content/gltf/MaterialInstances/MI_ClearCoat_Mask.uasset" 1486
"../../../Engine/Plugins/Interchange/Runtime/Content/gltf/MaterialInstances/MI_ClearCoat_Mask.uexp" 1487
"../../../Engine/Plugins/Interchange/Runtime/Content/gltf/MaterialInstances/MI_ClearCoat_Blend_DS.uasset" 1488
"../../../Engine/Plugins/Interchange/Runtime/Content/gltf/MaterialInstances/MI_ClearCoat_Blend_DS.uexp" 1489
"../../../Engine/Plugins/Interchange/Runtime/Content/gltf/MaterialInstances/MI_ClearCoat_Blend.uasset" 1490
"../../../Engine/Plugins/Interchange/Runtime/Content/gltf/MaterialInstances/MI_ClearCoat_Blend.uexp" 1491
"../../../Engine/Plugins/Experimental/Water/Content/Materials/WaterInfo/DrawWaterInfo.uasset" 1492
"../../../Engine/Plugins/Experimental/Water/Content/Materials/WaterInfo/DrawWaterInfo.uexp" 1493
"../../../Engine/Plugins/Enterprise/DatasmithContent/Content/Materials/_common/Textures/T_GenericBrickGlass_M.ubulk" 1494
"../../../Engine/Plugins/Enterprise/DatasmithContent/Content/Materials/_common/Textures/T_GenericBrickGlass_M.uasset" 1495
"../../../Engine/Plugins/Enterprise/DatasmithContent/Content/Materials/_common/Textures/T_GenericBrickGlass_M.uexp" 1496
"../../../Engine/Plugins/Enterprise/DatasmithContent/Content/Materials/_common/Textures/T_Generic_N.uasset" 1497
"../../../Engine/Plugins/Enterprise/DatasmithContent/Content/Materials/_common/Textures/T_Generic_N.uexp" 1498
"../../../Engine/Plugins/Enterprise/DatasmithContent/Content/Materials/_common/MaterialFunctions/MF_Triplanar_NormalsCorrection.uasset" 1499
"../../../Engine/Plugins/Enterprise/DatasmithContent/Content/Materials/_common/MaterialFunctions/MF_Triplanar_NormalsCorrection.uexp" 1500
"../../../Engine/Plugins/Enterprise/DatasmithContent/Content/Materials/_common/MaterialFunctions/BaseModules/MF_Normals.uasset" 1501
"../../../Engine/Plugins/Enterprise/DatasmithContent/Content/Materials/_common/MaterialFunctions/BaseModules/MF_Normals.uexp" 1502
"../../../Engine/Plugins/Enterprise/DatasmithContent/Content/Materials/_common/MaterialFunctions/MF_RotateV2.uasset" 1503
"../../../Engine/Plugins/Enterprise/DatasmithContent/Content/Materials/_common/MaterialFunctions/MF_RotateV2.uexp" 1504
"../../../Engine/Plugins/Enterprise/DatasmithContent/Content/Materials/_common/MaterialFunctions/MF_TransUVs.uasset" 1505
"../../../Engine/Plugins/Enterprise/DatasmithContent/Content/Materials/_common/MaterialFunctions/MF_TransUVs.uexp" 1506
"../../../Engine/Plugins/Enterprise/DatasmithContent/Content/Materials/_common/MaterialFunctions/BaseModules/MF_TransformUVs.uasset" 1507
"../../../Engine/Plugins/Enterprise/DatasmithContent/Content/Materials/_common/MaterialFunctions/BaseModules/MF_TransformUVs.uexp" 1508
"../../../Engine/Plugins/Enterprise/DatasmithContent/Content/Materials/StdTranslucent/MFAttr_StdTranslucent.uasset" 1509
"../../../Engine/Plugins/Enterprise/DatasmithContent/Content/Materials/StdTranslucent/MFAttr_StdTranslucent.uexp" 1510
"../../../Engine/Content/Functions/Engine_MaterialFunctions02/WorldPositionOffset/LocalPosition.uasset" 1511
"../../../Engine/Content/Functions/Engine_MaterialFunctions02/WorldPositionOffset/LocalPosition.uexp" 1512
"../../../Engine/Plugins/Enterprise/DatasmithContent/Content/Materials/_common/MaterialFunctions/MF_Triplanar_Mask.uasset" 1513
"../../../Engine/Plugins/Enterprise/DatasmithContent/Content/Materials/_common/MaterialFunctions/MF_Triplanar_Mask.uexp" 1514
"../../../Engine/Plugins/Enterprise/DatasmithContent/Content/Materials/_common/MaterialFunctions/MF_TriplanerProj.uasset" 1515
"../../../Engine/Plugins/Enterprise/DatasmithContent/Content/Materials/_common/MaterialFunctions/MF_TriplanerProj.uexp" 1516
"../../../Engine/Plugins/Enterprise/DatasmithContent/Content/Materials/StdTranslucent/M_StdTranslucent.uasset" 1517
"../../../Engine/Plugins/Enterprise/DatasmithContent/Content/Materials/StdTranslucent/M_StdTranslucent.uexp" 1518
"../../../Engine/Content/Functions/Engine_MaterialFunctions02/Math/InverseTransformMatrix.uasset" 1519
"../../../Engine/Content/Functions/Engine_MaterialFunctions02/Math/InverseTransformMatrix.uexp" 1520
"../../../Engine/Plugins/Enterprise/DatasmithContent/Content/Materials/_common/MaterialFunctions/MF_ViewTrace_DerivedTan.uasset" 1521
"../../../Engine/Plugins/Enterprise/DatasmithContent/Content/Materials/_common/MaterialFunctions/MF_ViewTrace_DerivedTan.uexp" 1522
"../../../Engine/Plugins/Enterprise/DatasmithContent/Content/Materials/_common/MaterialFunctions/RayTracing/MF_RTSwitch.uasset" 1523
"../../../Engine/Plugins/Enterprise/DatasmithContent/Content/Materials/_common/MaterialFunctions/RayTracing/MF_RTSwitch.uexp" 1524
"../../../Engine/Plugins/Enterprise/DatasmithContent/Content/Materials/_common/MaterialFunctions/MF_ViewTrace_InternalTan.uasset" 1525
"../../../Engine/Plugins/Enterprise/DatasmithContent/Content/Materials/_common/MaterialFunctions/MF_ViewTrace_InternalTan.uexp" 1526
"../../../Engine/Plugins/Enterprise/DatasmithContent/Content/Materials/_common/Textures/T_Generic_H.uasset" 1527
"../../../Engine/Plugins/Enterprise/DatasmithContent/Content/Materials/_common/Textures/T_Generic_H.uexp" 1528
"../../../Engine/Plugins/Enterprise/DatasmithContent/Content/Materials/_common/MaterialFunctions/BaseModules/MF_ParallaxOcc.uasset" 1529
"../../../Engine/Plugins/Enterprise/DatasmithContent/Content/Materials/_common/MaterialFunctions/BaseModules/MF_ParallaxOcc.uexp" 1530
"../../../Engine/Plugins/Enterprise/DatasmithContent/Content/Materials/_common/Textures/T_Generic_BC.uasset" 1531
"../../../Engine/Plugins/Enterprise/DatasmithContent/Content/Materials/_common/Textures/T_Generic_BC.uexp" 1532
"../../../Engine/Plugins/Enterprise/DatasmithContent/Content/Materials/_common/Textures/T_Generic_M.uasset" 1533
"../../../Engine/Plugins/Enterprise/DatasmithContent/Content/Materials/_common/Textures/T_Generic_M.uexp" 1534
"../../../Engine/Plugins/Enterprise/DatasmithContent/Content/Materials/_common/MaterialFunctions/BaseModules/MF_BaseColor.uasset" 1535
"../../../Engine/Plugins/Enterprise/DatasmithContent/Content/Materials/_common/MaterialFunctions/BaseModules/MF_BaseColor.uexp" 1536
"../../../Engine/Plugins/Enterprise/DatasmithContent/Content/Materials/_common/Textures/T_Generic_E.uasset" 1537
"../../../Engine/Plugins/Enterprise/DatasmithContent/Content/Materials/_common/Textures/T_Generic_E.uexp" 1538
"../../../Engine/Plugins/Enterprise/DatasmithContent/Content/Materials/_common/MaterialFunctions/BaseModules/MF_Emissive.uasset" 1539
"../../../Engine/Plugins/Enterprise/DatasmithContent/Content/Materials/_common/MaterialFunctions/BaseModules/MF_Emissive.uexp" 1540
"../../../Engine/Plugins/Enterprise/DatasmithContent/Content/Materials/_common/Textures/T_Generic_MT.uasset" 1541
"../../../Engine/Plugins/Enterprise/DatasmithContent/Content/Materials/_common/Textures/T_Generic_MT.uexp" 1542
"../../../Engine/Plugins/Enterprise/DatasmithContent/Content/Materials/_common/MaterialFunctions/BaseModules/MF_Metallic.uasset" 1543
"../../../Engine/Plugins/Enterprise/DatasmithContent/Content/Materials/_common/MaterialFunctions/BaseModules/MF_Metallic.uexp" 1544
"../../../Engine/Plugins/Enterprise/DatasmithContent/Content/Materials/_common/Textures/T_GenericHalfGray_R.uasset" 1545
"../../../Engine/Plugins/Enterprise/DatasmithContent/Content/Materials/_common/Textures/T_GenericHalfGray_R.uexp" 1546
"../../../Engine/Plugins/Enterprise/DatasmithContent/Content/Materials/_common/MaterialFunctions/BaseModules/MF_Roughness.uasset" 1547
"../../../Engine/Plugins/Enterprise/DatasmithContent/Content/Materials/_common/MaterialFunctions/BaseModules/MF_Roughness.uexp" 1548
"../../../Engine/Plugins/Enterprise/DatasmithContent/Content/Materials/StdOpaque/MFAttr_StdOpaque.uasset" 1549
"../../../Engine/Plugins/Enterprise/DatasmithContent/Content/Materials/StdOpaque/MFAttr_StdOpaque.uexp" 1550
"../../../Engine/Plugins/Enterprise/DatasmithContent/Content/Materials/StdOpaque/M_StdOpaque.uasset" 1551
"../../../Engine/Plugins/Enterprise/DatasmithContent/Content/Materials/StdOpaque/M_StdOpaque.uexp" 1552
"../../../Engine/Plugins/Enterprise/DatasmithContent/Content/Materials/StdEmissive/MFAttr_Emissive.uasset" 1553
"../../../Engine/Plugins/Enterprise/DatasmithContent/Content/Materials/StdEmissive/MFAttr_Emissive.uexp" 1554
"../../../Engine/Plugins/Enterprise/DatasmithContent/Content/Materials/StdEmissive/M_StdEmissive.uasset" 1555
"../../../Engine/Plugins/Enterprise/DatasmithContent/Content/Materials/StdEmissive/M_StdEmissive.uexp" 1556
"../../../Engine/Plugins/Enterprise/DatasmithContent/Content/Materials/StdDecal/MFAttr_Decal.uasset" 1557
"../../../Engine/Plugins/Enterprise/DatasmithContent/Content/Materials/StdDecal/MFAttr_Decal.uexp" 1558
"../../../Engine/Plugins/Enterprise/DatasmithContent/Content/Materials/StdDecal/M_StdDecal.uasset" 1559
"../../../Engine/Plugins/Enterprise/DatasmithContent/Content/Materials/StdDecal/M_StdDecal.uexp" 1560
"../../../Engine/Content/MobileResources/HUD/VirtualJoystick_Background.uasset" 1561
"../../../Engine/Content/MobileResources/HUD/VirtualJoystick_Background.uexp" 1562
"../../../Engine/Content/MobileResources/HUD/VirtualJoystick_Thumb.uasset" 1563
"../../../Engine/Content/MobileResources/HUD/VirtualJoystick_Thumb.uexp" 1564
"../../../Engine/Content/MobileResources/HUD/DefaultVirtualJoysticks.uasset" 1565
"../../../Engine/Content/MobileResources/HUD/DefaultVirtualJoysticks.uexp" 1566
"../../../Engine/Content/EngineSky/VolumetricClouds/CloudWeatherTexture.uasset" 1567
"../../../Engine/Content/EngineSky/VolumetricClouds/CloudWeatherTexture.uexp" 1568
"../../../Engine/Content/EngineSky/VolumetricClouds/CloudGradientTexture.uasset" 1569
"../../../Engine/Content/EngineSky/VolumetricClouds/CloudGradientTexture.uexp" 1570
"../../../Engine/Content/EngineSky/VolumetricClouds/T_NoiseShape64.ubulk" 1571
"../../../Engine/Content/EngineSky/VolumetricClouds/T_NoiseShape64.uasset" 1572
"../../../Engine/Content/EngineSky/VolumetricClouds/T_NoiseShape64.uexp" 1573
"../../../Engine/Content/EngineSky/VolumetricClouds/T_VolumeNoiseShape64.uasset" 1574
"../../../Engine/Content/EngineSky/VolumetricClouds/T_VolumeNoiseShape64.uexp" 1575
"../../../Engine/Content/EngineSky/VolumetricClouds/T_NoiseErosion.ubulk" 1576
"../../../Engine/Content/EngineSky/VolumetricClouds/T_NoiseErosion.uasset" 1577
"../../../Engine/Content/EngineSky/VolumetricClouds/T_NoiseErosion.uexp" 1578
"../../../Engine/Content/EngineSky/VolumetricClouds/T_VolumeNoiseErosion32.uasset" 1579
"../../../Engine/Content/EngineSky/VolumetricClouds/T_VolumeNoiseErosion32.uexp" 1580
"../../../Engine/Content/EngineSky/VolumetricClouds/m_SimpleVolumetricCloud.uasset" 1581
"../../../Engine/Content/EngineSky/VolumetricClouds/m_SimpleVolumetricCloud.uexp" 1582
"../../../Engine/Content/EngineSky/VolumetricClouds/m_SimpleVolumetricCloud_Inst.uasset" 1583
"../../../Engine/Content/EngineSky/VolumetricClouds/m_SimpleVolumetricCloud_Inst.uexp" 1584
"../../../Engine/Content/EngineResources/FilmGrains/Marcie_Grain_v3_128_M2_000.uasset" 1585
"../../../Engine/Content/EngineResources/FilmGrains/Marcie_Grain_v3_128_M2_000.uexp" 1586
"../../../Engine/Content/EditorResources/SequenceRecorder/RecordingIndicator.uasset" 1587
"../../../Engine/Content/EditorResources/SequenceRecorder/RecordingIndicator.uexp" 1588
"../../../Engine/Content/EditorResources/SequenceRecorder/Countdown.uasset" 1589
"../../../Engine/Content/EditorResources/SequenceRecorder/Countdown.uexp" 1590
"../../../Engine/Content/EditorMaterials/Dataflow/DataflowVertexMaterial.uasset" 1591
"../../../Engine/Content/EditorMaterials/Dataflow/DataflowVertexMaterial.uexp" 1592
"C:/Users/hanna/Documents/SCHOOL_FILES/Spring 2025/Bachelor/Unreal_Engine_Backups/May 08/Witch_Game/Content/3D_Assets/DimensionHome/Materials/Textures/Floor01_Normal_OpenGL.ubulk" 1593
"C:/Users/hanna/Documents/SCHOOL_FILES/Spring 2025/Bachelor/Unreal_Engine_Backups/May 08/Witch_Game/Content/3D_Assets/DimensionHome/Materials/Textures/Floor01_Normal_OpenGL.uasset" 1594
"C:/Users/hanna/Documents/SCHOOL_FILES/Spring 2025/Bachelor/Unreal_Engine_Backups/May 08/Witch_Game/Content/3D_Assets/DimensionHome/Materials/Textures/Floor01_Normal_OpenGL.uexp" 1595
"C:/Users/hanna/Documents/SCHOOL_FILES/Spring 2025/Bachelor/Unreal_Engine_Backups/May 08/Witch_Game/Content/3D_Assets/DimensionHome/Materials/Floor1.uasset" 1596
"C:/Users/hanna/Documents/SCHOOL_FILES/Spring 2025/Bachelor/Unreal_Engine_Backups/May 08/Witch_Game/Content/3D_Assets/DimensionHome/Materials/Floor1.uexp" 1597
"../../../Engine/Content/Functions/Engine_MaterialFunctions01/Shading/PowerToRoughness.uasset" 1598
"../../../Engine/Content/Functions/Engine_MaterialFunctions01/Shading/PowerToRoughness.uexp" 1599
"../../../Engine/Content/Functions/Engine_MaterialFunctions01/Shading/ConvertFromDiffSpec.uasset" 1600
"../../../Engine/Content/Functions/Engine_MaterialFunctions01/Shading/ConvertFromDiffSpec.uexp" 1601
"../../../Engine/Content/EngineMaterials/Substrate/Volume/SubstrateSimpleVolumeLUT3D.uasset" 1602
"../../../Engine/Content/EngineMaterials/Substrate/Volume/SubstrateSimpleVolumeLUT3D.uexp" 1603
"../../../Engine/Content/EngineMaterials/Substrate/Volume/SubstrateSimpleVolumeEnvLUT3D.uasset" 1604
"../../../Engine/Content/EngineMaterials/Substrate/Volume/SubstrateSimpleVolumeEnvLUT3D.uexp" 1605
"../../../Engine/Content/EngineMaterials/Substrate/GLints2/AGlintTex2dArray2.uasset" 1606
"../../../Engine/Content/EngineMaterials/Substrate/GLints2/AGlintTex2dArray2.uexp" 1607
"../../../Engine/Content/EngineMaterials/Substrate/GLints/AGlintTex2dArray.uasset" 1608
"../../../Engine/Content/EngineMaterials/Substrate/GLints/AGlintTex2dArray.uexp" 1609
"C:/Users/hanna/Documents/SCHOOL_FILES/Spring 2025/Bachelor/Unreal_Engine_Backups/May 08/Witch_Game/Content/3D_Assets/DimensionX/Materials/Textures/T_STARBUSH_BaseColor.ubulk" 1610
"C:/Users/hanna/Documents/SCHOOL_FILES/Spring 2025/Bachelor/Unreal_Engine_Backups/May 08/Witch_Game/Content/3D_Assets/DimensionX/Materials/Textures/T_STARBUSH_BaseColor.uasset" 1611
"C:/Users/hanna/Documents/SCHOOL_FILES/Spring 2025/Bachelor/Unreal_Engine_Backups/May 08/Witch_Game/Content/3D_Assets/DimensionX/Materials/Textures/T_STARBUSH_BaseColor.uexp" 1612
"C:/Users/hanna/Documents/SCHOOL_FILES/Spring 2025/Bachelor/Unreal_Engine_Backups/May 08/Witch_Game/Content/3D_Assets/DimensionHome/Materials/Textures/WoodBeamWall_Roughness.ubulk" 1613
"C:/Users/hanna/Documents/SCHOOL_FILES/Spring 2025/Bachelor/Unreal_Engine_Backups/May 08/Witch_Game/Content/3D_Assets/DimensionHome/Materials/Textures/WoodBeamWall_Roughness.uasset" 1614
"C:/Users/hanna/Documents/SCHOOL_FILES/Spring 2025/Bachelor/Unreal_Engine_Backups/May 08/Witch_Game/Content/3D_Assets/DimensionHome/Materials/Textures/WoodBeamWall_Roughness.uexp" 1615
"C:/Users/hanna/Documents/SCHOOL_FILES/Spring 2025/Bachelor/Unreal_Engine_Backups/May 08/Witch_Game/Content/3D_Assets/DimensionHome/Materials/Textures/WoodBeamWall_Normal_OpenGL.ubulk" 1616
"C:/Users/hanna/Documents/SCHOOL_FILES/Spring 2025/Bachelor/Unreal_Engine_Backups/May 08/Witch_Game/Content/3D_Assets/DimensionHome/Materials/Textures/WoodBeamWall_Normal_OpenGL.uasset" 1617
"C:/Users/hanna/Documents/SCHOOL_FILES/Spring 2025/Bachelor/Unreal_Engine_Backups/May 08/Witch_Game/Content/3D_Assets/DimensionHome/Materials/Textures/WoodBeamWall_Normal_OpenGL.uexp" 1618
"C:/Users/hanna/Documents/SCHOOL_FILES/Spring 2025/Bachelor/Unreal_Engine_Backups/May 08/Witch_Game/Content/3D_Assets/DimensionHome/Materials/Textures/WoodBeamWall_Normal.ubulk" 1619
"C:/Users/hanna/Documents/SCHOOL_FILES/Spring 2025/Bachelor/Unreal_Engine_Backups/May 08/Witch_Game/Content/3D_Assets/DimensionHome/Materials/Textures/WoodBeamWall_Normal.uasset" 1620
"C:/Users/hanna/Documents/SCHOOL_FILES/Spring 2025/Bachelor/Unreal_Engine_Backups/May 08/Witch_Game/Content/3D_Assets/DimensionHome/Materials/Textures/WoodBeamWall_Normal.uexp" 1621
"C:/Users/hanna/Documents/SCHOOL_FILES/Spring 2025/Bachelor/Unreal_Engine_Backups/May 08/Witch_Game/Content/3D_Assets/DimensionHome/Materials/Textures/WoodBeamWall_Mixed_AO.ubulk" 1622
"C:/Users/hanna/Documents/SCHOOL_FILES/Spring 2025/Bachelor/Unreal_Engine_Backups/May 08/Witch_Game/Content/3D_Assets/DimensionHome/Materials/Textures/WoodBeamWall_Mixed_AO.uasset" 1623
"C:/Users/hanna/Documents/SCHOOL_FILES/Spring 2025/Bachelor/Unreal_Engine_Backups/May 08/Witch_Game/Content/3D_Assets/DimensionHome/Materials/Textures/WoodBeamWall_Mixed_AO.uexp" 1624
"C:/Users/hanna/Documents/SCHOOL_FILES/Spring 2025/Bachelor/Unreal_Engine_Backups/May 08/Witch_Game/Content/3D_Assets/DimensionHome/Materials/Textures/WoodBeamWall_Metallic.ubulk" 1625
"C:/Users/hanna/Documents/SCHOOL_FILES/Spring 2025/Bachelor/Unreal_Engine_Backups/May 08/Witch_Game/Content/3D_Assets/DimensionHome/Materials/Textures/WoodBeamWall_Metallic.uasset" 1626
"C:/Users/hanna/Documents/SCHOOL_FILES/Spring 2025/Bachelor/Unreal_Engine_Backups/May 08/Witch_Game/Content/3D_Assets/DimensionHome/Materials/Textures/WoodBeamWall_Metallic.uexp" 1627
"C:/Users/hanna/Documents/SCHOOL_FILES/Spring 2025/Bachelor/Unreal_Engine_Backups/May 08/Witch_Game/Content/3D_Assets/DimensionHome/Materials/Textures/WoodBeamWall_Height.ubulk" 1628
"C:/Users/hanna/Documents/SCHOOL_FILES/Spring 2025/Bachelor/Unreal_Engine_Backups/May 08/Witch_Game/Content/3D_Assets/DimensionHome/Materials/Textures/WoodBeamWall_Height.uasset" 1629
"C:/Users/hanna/Documents/SCHOOL_FILES/Spring 2025/Bachelor/Unreal_Engine_Backups/May 08/Witch_Game/Content/3D_Assets/DimensionHome/Materials/Textures/WoodBeamWall_Height.uexp" 1630
"C:/Users/hanna/Documents/SCHOOL_FILES/Spring 2025/Bachelor/Unreal_Engine_Backups/May 08/Witch_Game/Content/3D_Assets/DimensionHome/Materials/Textures/WoodBeamWall_Base_color.ubulk" 1631
"C:/Users/hanna/Documents/SCHOOL_FILES/Spring 2025/Bachelor/Unreal_Engine_Backups/May 08/Witch_Game/Content/3D_Assets/DimensionHome/Materials/Textures/WoodBeamWall_Base_color.uasset" 1632
"C:/Users/hanna/Documents/SCHOOL_FILES/Spring 2025/Bachelor/Unreal_Engine_Backups/May 08/Witch_Game/Content/3D_Assets/DimensionHome/Materials/Textures/WoodBeamWall_Base_color.uexp" 1633
"C:/Users/hanna/Documents/SCHOOL_FILES/Spring 2025/Bachelor/Unreal_Engine_Backups/May 08/Witch_Game/Content/3D_Assets/DimensionHome/Materials/Textures/SM_Wall_M_WallInner_OcclusionRoughnessMetallic.ubulk" 1634
"C:/Users/hanna/Documents/SCHOOL_FILES/Spring 2025/Bachelor/Unreal_Engine_Backups/May 08/Witch_Game/Content/3D_Assets/DimensionHome/Materials/Textures/SM_Wall_M_WallInner_OcclusionRoughnessMetallic.uasset" 1635
"C:/Users/hanna/Documents/SCHOOL_FILES/Spring 2025/Bachelor/Unreal_Engine_Backups/May 08/Witch_Game/Content/3D_Assets/DimensionHome/Materials/Textures/SM_Wall_M_WallInner_OcclusionRoughnessMetallic.uexp" 1636
"C:/Users/hanna/Documents/SCHOOL_FILES/Spring 2025/Bachelor/Unreal_Engine_Backups/May 08/Witch_Game/Content/3D_Assets/DimensionHome/Materials/Textures/SM_Wall_M_WallInner_Normal.ubulk" 1637
"C:/Users/hanna/Documents/SCHOOL_FILES/Spring 2025/Bachelor/Unreal_Engine_Backups/May 08/Witch_Game/Content/3D_Assets/DimensionHome/Materials/Textures/SM_Wall_M_WallInner_Normal.uasset" 1638
"C:/Users/hanna/Documents/SCHOOL_FILES/Spring 2025/Bachelor/Unreal_Engine_Backups/May 08/Witch_Game/Content/3D_Assets/DimensionHome/Materials/Textures/SM_Wall_M_WallInner_Normal.uexp" 1639
"C:/Users/hanna/Documents/SCHOOL_FILES/Spring 2025/Bachelor/Unreal_Engine_Backups/May 08/Witch_Game/Content/3D_Assets/DimensionHome/Materials/Textures/SM_Wall_M_WallInner_BaseColor.ubulk" 1640
"C:/Users/hanna/Documents/SCHOOL_FILES/Spring 2025/Bachelor/Unreal_Engine_Backups/May 08/Witch_Game/Content/3D_Assets/DimensionHome/Materials/Textures/SM_Wall_M_WallInner_BaseColor.uasset" 1641
"C:/Users/hanna/Documents/SCHOOL_FILES/Spring 2025/Bachelor/Unreal_Engine_Backups/May 08/Witch_Game/Content/3D_Assets/DimensionHome/Materials/Textures/SM_Wall_M_WallInner_BaseColor.uexp" 1642
"C:/Users/hanna/Documents/SCHOOL_FILES/Spring 2025/Bachelor/Unreal_Engine_Backups/May 08/Witch_Game/Content/3D_Assets/DimensionHome/Materials/Textures/SM_Wall_M_Wall03_OcclusionRoughnessMetallic.ubulk" 1643
"C:/Users/hanna/Documents/SCHOOL_FILES/Spring 2025/Bachelor/Unreal_Engine_Backups/May 08/Witch_Game/Content/3D_Assets/DimensionHome/Materials/Textures/SM_Wall_M_Wall03_OcclusionRoughnessMetallic.uasset" 1644
"C:/Users/hanna/Documents/SCHOOL_FILES/Spring 2025/Bachelor/Unreal_Engine_Backups/May 08/Witch_Game/Content/3D_Assets/DimensionHome/Materials/Textures/SM_Wall_M_Wall03_OcclusionRoughnessMetallic.uexp" 1645
"C:/Users/hanna/Documents/SCHOOL_FILES/Spring 2025/Bachelor/Unreal_Engine_Backups/May 08/Witch_Game/Content/3D_Assets/DimensionHome/Materials/Textures/SM_Wall_M_Wall03_Normal.ubulk" 1646
"C:/Users/hanna/Documents/SCHOOL_FILES/Spring 2025/Bachelor/Unreal_Engine_Backups/May 08/Witch_Game/Content/3D_Assets/DimensionHome/Materials/Textures/SM_Wall_M_Wall03_Normal.uasset" 1647
"C:/Users/hanna/Documents/SCHOOL_FILES/Spring 2025/Bachelor/Unreal_Engine_Backups/May 08/Witch_Game/Content/3D_Assets/DimensionHome/Materials/Textures/SM_Wall_M_Wall03_Normal.uexp" 1648
"C:/Users/hanna/Documents/SCHOOL_FILES/Spring 2025/Bachelor/Unreal_Engine_Backups/May 08/Witch_Game/Content/3D_Assets/DimensionHome/Materials/Textures/SM_Wall_M_Wall03_BaseColor.ubulk" 1649
"C:/Users/hanna/Documents/SCHOOL_FILES/Spring 2025/Bachelor/Unreal_Engine_Backups/May 08/Witch_Game/Content/3D_Assets/DimensionHome/Materials/Textures/SM_Wall_M_Wall03_BaseColor.uasset" 1650
"C:/Users/hanna/Documents/SCHOOL_FILES/Spring 2025/Bachelor/Unreal_Engine_Backups/May 08/Witch_Game/Content/3D_Assets/DimensionHome/Materials/Textures/SM_Wall_M_Wall03_BaseColor.uexp" 1651
"C:/Users/hanna/Documents/SCHOOL_FILES/Spring 2025/Bachelor/Unreal_Engine_Backups/May 08/Witch_Game/Content/3D_Assets/DimensionHome/Materials/Textures/SM_Wall_M_Wall02_OcclusionRoughnessMetallic.ubulk" 1652
"C:/Users/hanna/Documents/SCHOOL_FILES/Spring 2025/Bachelor/Unreal_Engine_Backups/May 08/Witch_Game/Content/3D_Assets/DimensionHome/Materials/Textures/SM_Wall_M_Wall02_OcclusionRoughnessMetallic.uasset" 1653
"C:/Users/hanna/Documents/SCHOOL_FILES/Spring 2025/Bachelor/Unreal_Engine_Backups/May 08/Witch_Game/Content/3D_Assets/DimensionHome/Materials/Textures/SM_Wall_M_Wall02_OcclusionRoughnessMetallic.uexp" 1654
"C:/Users/hanna/Documents/SCHOOL_FILES/Spring 2025/Bachelor/Unreal_Engine_Backups/May 08/Witch_Game/Content/3D_Assets/DimensionHome/Materials/Textures/SM_Wall_M_Wall02_Normal.ubulk" 1655
"C:/Users/hanna/Documents/SCHOOL_FILES/Spring 2025/Bachelor/Unreal_Engine_Backups/May 08/Witch_Game/Content/3D_Assets/DimensionHome/Materials/Textures/SM_Wall_M_Wall02_Normal.uasset" 1656
"C:/Users/hanna/Documents/SCHOOL_FILES/Spring 2025/Bachelor/Unreal_Engine_Backups/May 08/Witch_Game/Content/3D_Assets/DimensionHome/Materials/Textures/SM_Wall_M_Wall02_Normal.uexp" 1657
"C:/Users/hanna/Documents/SCHOOL_FILES/Spring 2025/Bachelor/Unreal_Engine_Backups/May 08/Witch_Game/Content/3D_Assets/DimensionHome/Materials/Textures/SM_Wall_M_Wall02_BaseColor.ubulk" 1658
"C:/Users/hanna/Documents/SCHOOL_FILES/Spring 2025/Bachelor/Unreal_Engine_Backups/May 08/Witch_Game/Content/3D_Assets/DimensionHome/Materials/Textures/SM_Wall_M_Wall02_BaseColor.uasset" 1659
"C:/Users/hanna/Documents/SCHOOL_FILES/Spring 2025/Bachelor/Unreal_Engine_Backups/May 08/Witch_Game/Content/3D_Assets/DimensionHome/Materials/Textures/SM_Wall_M_Wall02_BaseColor.uexp" 1660
"C:/Users/hanna/Documents/SCHOOL_FILES/Spring 2025/Bachelor/Unreal_Engine_Backups/May 08/Witch_Game/Content/3D_Assets/DimensionHome/Materials/Textures/SM_Wall_M_Wall01_OcclusionRoughnessMetallic.ubulk" 1661
"C:/Users/hanna/Documents/SCHOOL_FILES/Spring 2025/Bachelor/Unreal_Engine_Backups/May 08/Witch_Game/Content/3D_Assets/DimensionHome/Materials/Textures/SM_Wall_M_Wall01_OcclusionRoughnessMetallic.uasset" 1662
"C:/Users/hanna/Documents/SCHOOL_FILES/Spring 2025/Bachelor/Unreal_Engine_Backups/May 08/Witch_Game/Content/3D_Assets/DimensionHome/Materials/Textures/SM_Wall_M_Wall01_OcclusionRoughnessMetallic.uexp" 1663
"C:/Users/hanna/Documents/SCHOOL_FILES/Spring 2025/Bachelor/Unreal_Engine_Backups/May 08/Witch_Game/Content/3D_Assets/DimensionHome/Materials/Textures/SM_Wall_M_Wall01_Normal.ubulk" 1664
"C:/Users/hanna/Documents/SCHOOL_FILES/Spring 2025/Bachelor/Unreal_Engine_Backups/May 08/Witch_Game/Content/3D_Assets/DimensionHome/Materials/Textures/SM_Wall_M_Wall01_Normal.uasset" 1665
"C:/Users/hanna/Documents/SCHOOL_FILES/Spring 2025/Bachelor/Unreal_Engine_Backups/May 08/Witch_Game/Content/3D_Assets/DimensionHome/Materials/Textures/SM_Wall_M_Wall01_Normal.uexp" 1666
"C:/Users/hanna/Documents/SCHOOL_FILES/Spring 2025/Bachelor/Unreal_Engine_Backups/May 08/Witch_Game/Content/3D_Assets/DimensionHome/Materials/Textures/SM_Wall_M_Wall01_BaseColor.ubulk" 1667
"C:/Users/hanna/Documents/SCHOOL_FILES/Spring 2025/Bachelor/Unreal_Engine_Backups/May 08/Witch_Game/Content/3D_Assets/DimensionHome/Materials/Textures/SM_Wall_M_Wall01_BaseColor.uasset" 1668
"C:/Users/hanna/Documents/SCHOOL_FILES/Spring 2025/Bachelor/Unreal_Engine_Backups/May 08/Witch_Game/Content/3D_Assets/DimensionHome/Materials/Textures/SM_Wall_M_Wall01_BaseColor.uexp" 1669
"C:/Users/hanna/Documents/SCHOOL_FILES/Spring 2025/Bachelor/Unreal_Engine_Backups/May 08/Witch_Game/Content/3D_Assets/DimensionHome/Materials/Textures/SM_Mirror_M_Mirror_Mercurary_OcclusionRoughnessMetallic.ubulk" 1670
"C:/Users/hanna/Documents/SCHOOL_FILES/Spring 2025/Bachelor/Unreal_Engine_Backups/May 08/Witch_Game/Content/3D_Assets/DimensionHome/Materials/Textures/SM_Mirror_M_Mirror_Mercurary_OcclusionRoughnessMetallic.uasset" 1671
"C:/Users/hanna/Documents/SCHOOL_FILES/Spring 2025/Bachelor/Unreal_Engine_Backups/May 08/Witch_Game/Content/3D_Assets/DimensionHome/Materials/Textures/SM_Mirror_M_Mirror_Mercurary_OcclusionRoughnessMetallic.uexp" 1672
"C:/Users/hanna/Documents/SCHOOL_FILES/Spring 2025/Bachelor/Unreal_Engine_Backups/May 08/Witch_Game/Content/3D_Assets/DimensionHome/Materials/Textures/SM_Mirror_M_Mirror_Mercurary_Normal.ubulk" 1673
"C:/Users/hanna/Documents/SCHOOL_FILES/Spring 2025/Bachelor/Unreal_Engine_Backups/May 08/Witch_Game/Content/3D_Assets/DimensionHome/Materials/Textures/SM_Mirror_M_Mirror_Mercurary_Normal.uasset" 1674
"C:/Users/hanna/Documents/SCHOOL_FILES/Spring 2025/Bachelor/Unreal_Engine_Backups/May 08/Witch_Game/Content/3D_Assets/DimensionHome/Materials/Textures/SM_Mirror_M_Mirror_Mercurary_Normal.uexp" 1675
"C:/Users/hanna/Documents/SCHOOL_FILES/Spring 2025/Bachelor/Unreal_Engine_Backups/May 08/Witch_Game/Content/3D_Assets/DimensionHome/Materials/Textures/SM_Mirror_M_Mirror_Mercurary_BaseColor.ubulk" 1676
"C:/Users/hanna/Documents/SCHOOL_FILES/Spring 2025/Bachelor/Unreal_Engine_Backups/May 08/Witch_Game/Content/3D_Assets/DimensionHome/Materials/Textures/SM_Mirror_M_Mirror_Mercurary_BaseColor.uasset" 1677
"C:/Users/hanna/Documents/SCHOOL_FILES/Spring 2025/Bachelor/Unreal_Engine_Backups/May 08/Witch_Game/Content/3D_Assets/DimensionHome/Materials/Textures/SM_Mirror_M_Mirror_Mercurary_BaseColor.uexp" 1678
"C:/Users/hanna/Documents/SCHOOL_FILES/Spring 2025/Bachelor/Unreal_Engine_Backups/May 08/Witch_Game/Content/3D_Assets/DimensionHome/Materials/Textures/SM_MetalRack_M_MetalRack_Normal.ubulk" 1679
"C:/Users/hanna/Documents/SCHOOL_FILES/Spring 2025/Bachelor/Unreal_Engine_Backups/May 08/Witch_Game/Content/3D_Assets/DimensionHome/Materials/Textures/SM_MetalRack_M_MetalRack_Normal.uasset" 1680
"C:/Users/hanna/Documents/SCHOOL_FILES/Spring 2025/Bachelor/Unreal_Engine_Backups/May 08/Witch_Game/Content/3D_Assets/DimensionHome/Materials/Textures/SM_MetalRack_M_MetalRack_Normal.uexp" 1681
"C:/Users/hanna/Documents/SCHOOL_FILES/Spring 2025/Bachelor/Unreal_Engine_Backups/May 08/Witch_Game/Content/3D_Assets/DimensionHome/Materials/Textures/MapOfCity.uasset" 1682
"C:/Users/hanna/Documents/SCHOOL_FILES/Spring 2025/Bachelor/Unreal_Engine_Backups/May 08/Witch_Game/Content/3D_Assets/DimensionHome/Materials/Textures/MapOfCity.uexp" 1683
"C:/Users/hanna/Documents/SCHOOL_FILES/Spring 2025/Bachelor/Unreal_Engine_Backups/May 08/Witch_Game/Content/3D_Assets/DimensionHome/Materials/Textures/Floor01_Mixed_AO.ubulk" 1684
"C:/Users/hanna/Documents/SCHOOL_FILES/Spring 2025/Bachelor/Unreal_Engine_Backups/May 08/Witch_Game/Content/3D_Assets/DimensionHome/Materials/Textures/Floor01_Mixed_AO.uasset" 1685
"C:/Users/hanna/Documents/SCHOOL_FILES/Spring 2025/Bachelor/Unreal_Engine_Backups/May 08/Witch_Game/Content/3D_Assets/DimensionHome/Materials/Textures/Floor01_Mixed_AO.uexp" 1686
"../../../Engine/Content/EditorResources/S_Terrain.ubulk" 1687
"../../../Engine/Content/EditorResources/S_Terrain.uasset" 1688
"../../../Engine/Content/EditorResources/S_Terrain.uexp" 1689
"../../../Engine/Content/Functions/Engine_MaterialFunctions02/WorldPositionOffset/V2/ObjectScale.uasset" 1690
"../../../Engine/Content/Functions/Engine_MaterialFunctions02/WorldPositionOffset/V2/ObjectScale.uexp" 1691
"../../../Engine/Content/Functions/Engine_MaterialFunctions02/WorldPositionOffset/ComponentPivotLocation.uasset" 1692
"../../../Engine/Content/Functions/Engine_MaterialFunctions02/WorldPositionOffset/ComponentPivotLocation.uexp" 1693
"../../../Engine/Content/Functions/Engine_MaterialFunctions02/WorldPositionOffset/Sprite.uasset" 1694
"../../../Engine/Content/Functions/Engine_MaterialFunctions02/WorldPositionOffset/Sprite.uexp" 1695
"../../../Engine/Plugins/Experimental/Landmass/Content/Landscape/BlueprintBrushes/Materials/Sprite/M_BrushSprite_01.uasset" 1696
"../../../Engine/Plugins/Experimental/Landmass/Content/Landscape/BlueprintBrushes/Materials/Sprite/M_BrushSprite_01.uexp" 1697
"../../../Engine/Plugins/Experimental/Landmass/Content/Landscape/BlueprintBrushes/MPC/MPC_Landscape.uasset" 1698
"../../../Engine/Plugins/Experimental/Landmass/Content/Landscape/BlueprintBrushes/MPC/MPC_Landscape.uexp" 1699
"../../../Engine/Plugins/Experimental/Landmass/Content/Landscape/BlueprintBrushes/MF/LandmassBrush_UVs.uasset" 1700
"../../../Engine/Plugins/Experimental/Landmass/Content/Landscape/BlueprintBrushes/MF/LandmassBrush_UVs.uexp" 1701
"../../../Engine/Plugins/Experimental/Landmass/Content/Landscape/BlueprintBrushes/MF/LandmassBrush_EdgeFalloff.uasset" 1702
"../../../Engine/Plugins/Experimental/Landmass/Content/Landscape/BlueprintBrushes/MF/LandmassBrush_EdgeFalloff.uexp" 1703
"../../../Engine/Content/EngineMaterials/BlendFunc_DefBlend.uasset" 1704
"../../../Engine/Content/EngineMaterials/BlendFunc_DefBlend.uexp" 1705
"../../../Engine/Plugins/Experimental/Landmass/Content/Landscape/BlueprintBrushes/MF/PointSampleLandscapeUVs.uasset" 1706
"../../../Engine/Plugins/Experimental/Landmass/Content/Landscape/BlueprintBrushes/MF/PointSampleLandscapeUVs.uexp" 1707
"../../../Engine/Content/EngineMaterials/BlendFunc_DefBase.uasset" 1708
"../../../Engine/Content/EngineMaterials/BlendFunc_DefBase.uexp" 1709
"../../../Engine/Content/Functions/Engine_MaterialFunctions03/Blends/Blend_Screen.uasset" 1710
"../../../Engine/Content/Functions/Engine_MaterialFunctions03/Blends/Blend_Screen.uexp" 1711
"../../../Engine/Content/Functions/Engine_MaterialFunctions03/Procedurals/ComputeFilterWidth.uasset" 1712
"../../../Engine/Content/Functions/Engine_MaterialFunctions03/Procedurals/ComputeFilterWidth.uexp" 1713
"../../../Engine/Content/EditorMaterials/TilingAALineIntegral.uasset" 1714
"../../../Engine/Content/EditorMaterials/TilingAALineIntegral.uexp" 1715
"../../../Engine/Content/EditorMaterials/TilingAALineBoxFiltered.uasset" 1716
"../../../Engine/Content/EditorMaterials/TilingAALineBoxFiltered.uexp" 1717
"../../../Engine/Content/EditorMaterials/TilingAAGrid.uasset" 1718
"../../../Engine/Content/EditorMaterials/TilingAAGrid.uexp" 1719
"../../../Engine/Plugins/Experimental/Landmass/Content/Landscape/OldPrototype_BP/Mats/MF/UnpackRG8Height.uasset" 1720
"../../../Engine/Plugins/Experimental/Landmass/Content/Landscape/OldPrototype_BP/Mats/MF/UnpackRG8Height.uexp" 1721
"../../../Engine/Plugins/Experimental/Landmass/Content/Landscape/BlueprintBrushes/MF/Landmass_BrushTilt.uasset" 1722
"../../../Engine/Plugins/Experimental/Landmass/Content/Landscape/BlueprintBrushes/MF/Landmass_BrushTilt.uexp" 1723
"../../../Engine/Content/ArtTools/RenderToTexture/Textures/T_EV_BlankWhite_01.uasset" 1724
"../../../Engine/Content/ArtTools/RenderToTexture/Textures/T_EV_BlankWhite_01.uexp" 1725
"../../../Engine/Content/Functions/Engine_MaterialFunctions01/ImageAdjustment/SCurve.uasset" 1726
"../../../Engine/Content/Functions/Engine_MaterialFunctions01/ImageAdjustment/SCurve.uexp" 1727
"../../../Engine/Content/EngineResources/Black_Low.uasset" 1728
"../../../Engine/Content/EngineResources/Black_Low.uexp" 1729
"../../../Engine/Plugins/Experimental/Landmass/Content/Landscape/BlueprintBrushes/MF/LandmassBrush_Noise.uasset" 1730
"../../../Engine/Plugins/Experimental/Landmass/Content/Landscape/BlueprintBrushes/MF/LandmassBrush_Noise.uexp" 1731
"../../../Engine/Plugins/Experimental/Landmass/Content/Landscape/BlueprintBrushes/Materials/BrushMaterials/BasicFunctions/LandmassBrush_ShapeMask.uasset" 1732
"../../../Engine/Plugins/Experimental/Landmass/Content/Landscape/BlueprintBrushes/Materials/BrushMaterials/BasicFunctions/LandmassBrush_ShapeMask.uexp" 1733
"../../../Engine/Plugins/Experimental/Landmass/Content/Landscape/BlueprintBrushes/Materials/Internal/BrushBounds.uasset" 1734
"../../../Engine/Plugins/Experimental/Landmass/Content/Landscape/BlueprintBrushes/Materials/Internal/BrushBounds.uexp" 1735
"../../../Engine/Content/EngineSky/T_Sky_Stars.ubulk" 1736
"../../../Engine/Content/EngineSky/T_Sky_Stars.uasset" 1737
"../../../Engine/Content/EngineSky/T_Sky_Stars.uexp" 1738
"../../../Engine/Content/EngineSky/T_Sky_Clouds_M.ubulk" 1739
"../../../Engine/Content/EngineSky/T_Sky_Clouds_M.uasset" 1740
"../../../Engine/Content/EngineSky/T_Sky_Clouds_M.uexp" 1741
"../../../Engine/Content/EngineSky/T_Sky_Blue.ubulk" 1742
"../../../Engine/Content/EngineSky/T_Sky_Blue.uasset" 1743
"../../../Engine/Content/EngineSky/T_Sky_Blue.uexp" 1744
"../../../Engine/Content/EngineSky/M_Sky_Panning_Clouds2.uasset" 1745
"../../../Engine/Content/EngineSky/M_Sky_Panning_Clouds2.uexp" 1746
"../../../Engine/Content/EngineSky/SM_SkySphere.ubulk" 1747
"../../../Engine/Content/EngineSky/SM_SkySphere.uasset" 1748
"../../../Engine/Content/EngineSky/SM_SkySphere.uexp" 1749
"../../../Engine/Content/EngineSky/M_SimpleSkyDome.uasset" 1750
"../../../Engine/Content/EngineSky/M_SimpleSkyDome.uexp" 1751
"C:/Users/hanna/Documents/SCHOOL_FILES/Spring 2025/Bachelor/Unreal_Engine_Backups/May 08/Witch_Game/Content/Materials/DimensionX_Materials/M_Filter.uasset" 1752
"C:/Users/hanna/Documents/SCHOOL_FILES/Spring 2025/Bachelor/Unreal_Engine_Backups/May 08/Witch_Game/Content/Materials/DimensionX_Materials/M_Filter.uexp" 1753
"C:/Users/hanna/Documents/SCHOOL_FILES/Spring 2025/Bachelor/Unreal_Engine_Backups/May 08/Witch_Game/Content/Materials/DimensionX_Materials/M_PaintFilter.uasset" 1754
"C:/Users/hanna/Documents/SCHOOL_FILES/Spring 2025/Bachelor/Unreal_Engine_Backups/May 08/Witch_Game/Content/Materials/DimensionX_Materials/M_PaintFilter.uexp" 1755
"../../../Engine/Plugins/FX/Niagara/Content/DefaultAssets/DefaultSpriteMaterial.uasset" 1756
"../../../Engine/Plugins/FX/Niagara/Content/DefaultAssets/DefaultSpriteMaterial.uexp" 1757
"../../../Engine/Plugins/FX/Niagara/Content/VectorFields/Assets/TilingCurl32.uasset" 1758
"../../../Engine/Plugins/FX/Niagara/Content/VectorFields/Assets/TilingCurl32.uexp" 1759
"C:/Users/hanna/Documents/SCHOOL_FILES/Spring 2025/Bachelor/Unreal_Engine_Backups/May 08/Witch_Game/Content/VFX/P_Dust.uasset" 1760
"C:/Users/hanna/Documents/SCHOOL_FILES/Spring 2025/Bachelor/Unreal_Engine_Backups/May 08/Witch_Game/Content/VFX/P_Dust.uexp" 1761
"C:/Users/hanna/Documents/SCHOOL_FILES/Spring 2025/Bachelor/Unreal_Engine_Backups/May 08/Witch_Game/Content/3D_Assets/DimensionHome/SM_Bottle03.ubulk" 1762
"C:/Users/hanna/Documents/SCHOOL_FILES/Spring 2025/Bachelor/Unreal_Engine_Backups/May 08/Witch_Game/Content/3D_Assets/DimensionHome/SM_Bottle03.uasset" 1763
"C:/Users/hanna/Documents/SCHOOL_FILES/Spring 2025/Bachelor/Unreal_Engine_Backups/May 08/Witch_Game/Content/3D_Assets/DimensionHome/SM_Bottle03.uexp" 1764
"C:/Users/hanna/Documents/SCHOOL_FILES/Spring 2025/Bachelor/Unreal_Engine_Backups/May 08/Witch_Game/Content/VFX/M_LightFlickering.uasset" 1765
"C:/Users/hanna/Documents/SCHOOL_FILES/Spring 2025/Bachelor/Unreal_Engine_Backups/May 08/Witch_Game/Content/VFX/M_LightFlickering.uexp" 1766
"C:/Users/hanna/Documents/SCHOOL_FILES/Spring 2025/Bachelor/Unreal_Engine_Backups/May 08/Witch_Game/Content/3D_Assets/BP_CandleBigShort_MainMenu.uasset" 1767
"C:/Users/hanna/Documents/SCHOOL_FILES/Spring 2025/Bachelor/Unreal_Engine_Backups/May 08/Witch_Game/Content/3D_Assets/BP_CandleBigShort_MainMenu.uexp" 1768
"C:/Users/hanna/Documents/SCHOOL_FILES/Spring 2025/Bachelor/Unreal_Engine_Backups/May 08/Witch_Game/Content/3D_Assets/DimensionHome/SM_CandleBigTall.ubulk" 1769
"C:/Users/hanna/Documents/SCHOOL_FILES/Spring 2025/Bachelor/Unreal_Engine_Backups/May 08/Witch_Game/Content/3D_Assets/DimensionHome/SM_CandleBigTall.uasset" 1770
"C:/Users/hanna/Documents/SCHOOL_FILES/Spring 2025/Bachelor/Unreal_Engine_Backups/May 08/Witch_Game/Content/3D_Assets/DimensionHome/SM_CandleBigTall.uexp" 1771
"C:/Users/hanna/Documents/SCHOOL_FILES/Spring 2025/Bachelor/Unreal_Engine_Backups/May 08/Witch_Game/Content/3D_Assets/DimensionHome/BP_CandleBigTall.uasset" 1772
"C:/Users/hanna/Documents/SCHOOL_FILES/Spring 2025/Bachelor/Unreal_Engine_Backups/May 08/Witch_Game/Content/3D_Assets/DimensionHome/BP_CandleBigTall.uexp" 1773
"C:/Users/hanna/Documents/SCHOOL_FILES/Spring 2025/Bachelor/Unreal_Engine_Backups/May 08/Witch_Game/Content/3D_Assets/DimensionHome/SM_InkBottle.ubulk" 1774
"C:/Users/hanna/Documents/SCHOOL_FILES/Spring 2025/Bachelor/Unreal_Engine_Backups/May 08/Witch_Game/Content/3D_Assets/DimensionHome/SM_InkBottle.uasset" 1775
"C:/Users/hanna/Documents/SCHOOL_FILES/Spring 2025/Bachelor/Unreal_Engine_Backups/May 08/Witch_Game/Content/3D_Assets/DimensionHome/SM_InkBottle.uexp" 1776
"../../../Engine/Content/EngineMaterials/DefaultPhysicalMaterial.uasset" 1777
"../../../Engine/Content/EngineMaterials/DefaultPhysicalMaterial.uexp" 1778
"C:/Users/hanna/Documents/SCHOOL_FILES/Spring 2025/Bachelor/Unreal_Engine_Backups/May 08/Witch_Game/Content/3D_Assets/DimensionHome/Materials/Textures/SM_Table_M_Table_OcclusionRoughnessMetallic.ubulk" 1779
"C:/Users/hanna/Documents/SCHOOL_FILES/Spring 2025/Bachelor/Unreal_Engine_Backups/May 08/Witch_Game/Content/3D_Assets/DimensionHome/Materials/Textures/SM_Table_M_Table_OcclusionRoughnessMetallic.uasset" 1780
"C:/Users/hanna/Documents/SCHOOL_FILES/Spring 2025/Bachelor/Unreal_Engine_Backups/May 08/Witch_Game/Content/3D_Assets/DimensionHome/Materials/Textures/SM_Table_M_Table_OcclusionRoughnessMetallic.uexp" 1781
"C:/Users/hanna/Documents/SCHOOL_FILES/Spring 2025/Bachelor/Unreal_Engine_Backups/May 08/Witch_Game/Content/3D_Assets/DimensionHome/Materials/Textures/SM_Table_M_Table_BaseColor.ubulk" 1782
"C:/Users/hanna/Documents/SCHOOL_FILES/Spring 2025/Bachelor/Unreal_Engine_Backups/May 08/Witch_Game/Content/3D_Assets/DimensionHome/Materials/Textures/SM_Table_M_Table_BaseColor.uasset" 1783
"C:/Users/hanna/Documents/SCHOOL_FILES/Spring 2025/Bachelor/Unreal_Engine_Backups/May 08/Witch_Game/Content/3D_Assets/DimensionHome/Materials/Textures/SM_Table_M_Table_BaseColor.uexp" 1784
"C:/Users/hanna/Documents/SCHOOL_FILES/Spring 2025/Bachelor/Unreal_Engine_Backups/May 08/Witch_Game/Content/3D_Assets/DimensionHome/Materials/Textures/SM_Table_M_Table_Normal.ubulk" 1785
"C:/Users/hanna/Documents/SCHOOL_FILES/Spring 2025/Bachelor/Unreal_Engine_Backups/May 08/Witch_Game/Content/3D_Assets/DimensionHome/Materials/Textures/SM_Table_M_Table_Normal.uasset" 1786
"C:/Users/hanna/Documents/SCHOOL_FILES/Spring 2025/Bachelor/Unreal_Engine_Backups/May 08/Witch_Game/Content/3D_Assets/DimensionHome/Materials/Textures/SM_Table_M_Table_Normal.uexp" 1787
"C:/Users/hanna/Documents/SCHOOL_FILES/Spring 2025/Bachelor/Unreal_Engine_Backups/May 08/Witch_Game/Content/3D_Assets/DimensionHome/Materials/M_Table.uasset" 1788
"C:/Users/hanna/Documents/SCHOOL_FILES/Spring 2025/Bachelor/Unreal_Engine_Backups/May 08/Witch_Game/Content/3D_Assets/DimensionHome/Materials/M_Table.uexp" 1789
"C:/Users/hanna/Documents/SCHOOL_FILES/Spring 2025/Bachelor/Unreal_Engine_Backups/May 08/Witch_Game/Content/3D_Assets/DimensionHome/SM_Table.ubulk" 1790
"C:/Users/hanna/Documents/SCHOOL_FILES/Spring 2025/Bachelor/Unreal_Engine_Backups/May 08/Witch_Game/Content/3D_Assets/DimensionHome/SM_Table.uasset" 1791
"C:/Users/hanna/Documents/SCHOOL_FILES/Spring 2025/Bachelor/Unreal_Engine_Backups/May 08/Witch_Game/Content/3D_Assets/DimensionHome/SM_Table.uexp" 1792
"C:/Users/hanna/Documents/SCHOOL_FILES/Spring 2025/Bachelor/Unreal_Engine_Backups/May 08/Witch_Game/Content/3D_Assets/DimensionHome/SM_Feather.ubulk" 1793
"C:/Users/hanna/Documents/SCHOOL_FILES/Spring 2025/Bachelor/Unreal_Engine_Backups/May 08/Witch_Game/Content/3D_Assets/DimensionHome/SM_Feather.uasset" 1794
"C:/Users/hanna/Documents/SCHOOL_FILES/Spring 2025/Bachelor/Unreal_Engine_Backups/May 08/Witch_Game/Content/3D_Assets/DimensionHome/SM_Feather.uexp" 1795
"C:/Users/hanna/Documents/SCHOOL_FILES/Spring 2025/Bachelor/Unreal_Engine_Backups/May 08/Witch_Game/Content/3D_Assets/DimensionHome/SM_CandleSmallTall.ubulk" 1796
"C:/Users/hanna/Documents/SCHOOL_FILES/Spring 2025/Bachelor/Unreal_Engine_Backups/May 08/Witch_Game/Content/3D_Assets/DimensionHome/SM_CandleSmallTall.uasset" 1797
"C:/Users/hanna/Documents/SCHOOL_FILES/Spring 2025/Bachelor/Unreal_Engine_Backups/May 08/Witch_Game/Content/3D_Assets/DimensionHome/SM_CandleSmallTall.uexp" 1798
"C:/Users/hanna/Documents/SCHOOL_FILES/Spring 2025/Bachelor/Unreal_Engine_Backups/May 08/Witch_Game/Content/3D_Assets/DimensionHome/BP_CandleSmallTall.uasset" 1799
"C:/Users/hanna/Documents/SCHOOL_FILES/Spring 2025/Bachelor/Unreal_Engine_Backups/May 08/Witch_Game/Content/3D_Assets/DimensionHome/BP_CandleSmallTall.uexp" 1800
"C:/Users/hanna/Documents/SCHOOL_FILES/Spring 2025/Bachelor/Unreal_Engine_Backups/May 08/Witch_Game/Content/3D_Assets/DimensionHome/SM_CandleSmallShort.ubulk" 1801
"C:/Users/hanna/Documents/SCHOOL_FILES/Spring 2025/Bachelor/Unreal_Engine_Backups/May 08/Witch_Game/Content/3D_Assets/DimensionHome/SM_CandleSmallShort.uasset" 1802
"C:/Users/hanna/Documents/SCHOOL_FILES/Spring 2025/Bachelor/Unreal_Engine_Backups/May 08/Witch_Game/Content/3D_Assets/DimensionHome/SM_CandleSmallShort.uexp" 1803
"C:/Users/hanna/Documents/SCHOOL_FILES/Spring 2025/Bachelor/Unreal_Engine_Backups/May 08/Witch_Game/Content/3D_Assets/DimensionHome/BP_CandleSmallShort.uasset" 1804
"C:/Users/hanna/Documents/SCHOOL_FILES/Spring 2025/Bachelor/Unreal_Engine_Backups/May 08/Witch_Game/Content/3D_Assets/DimensionHome/BP_CandleSmallShort.uexp" 1805
"C:/Users/hanna/Documents/SCHOOL_FILES/Spring 2025/Bachelor/Unreal_Engine_Backups/May 08/Witch_Game/Content/Levels/Level_MainMenu_BuiltData.ubulk" 1806
"C:/Users/hanna/Documents/SCHOOL_FILES/Spring 2025/Bachelor/Unreal_Engine_Backups/May 08/Witch_Game/Content/Levels/Level_MainMenu_BuiltData.uasset" 1807
"C:/Users/hanna/Documents/SCHOOL_FILES/Spring 2025/Bachelor/Unreal_Engine_Backups/May 08/Witch_Game/Content/Levels/Level_MainMenu_BuiltData.uexp" 1808
"C:/Users/hanna/Documents/SCHOOL_FILES/Spring 2025/Bachelor/Unreal_Engine_Backups/May 08/Witch_Game/Content/Levels/Level_MainMenu.uexp" 1809
"C:/Users/hanna/Documents/SCHOOL_FILES/Spring 2025/Bachelor/Unreal_Engine_Backups/May 08/Witch_Game/Content/Levels/Level_MainMenu.umap" 1810
"../../../Engine/Content/BasicShapes/Cylinder.ubulk" 1811
"../../../Engine/Content/BasicShapes/Cylinder.uasset" 1812
"../../../Engine/Content/BasicShapes/Cylinder.uexp" 1813
"C:/Users/hanna/Documents/SCHOOL_FILES/Spring 2025/Bachelor/Unreal_Engine_Backups/May 08/Witch_Game/Content/3D_Assets/DimensionHome/SM_ShoesHusband.ubulk" 1814
"C:/Users/hanna/Documents/SCHOOL_FILES/Spring 2025/Bachelor/Unreal_Engine_Backups/May 08/Witch_Game/Content/3D_Assets/DimensionHome/SM_ShoesHusband.uasset" 1815
"C:/Users/hanna/Documents/SCHOOL_FILES/Spring 2025/Bachelor/Unreal_Engine_Backups/May 08/Witch_Game/Content/3D_Assets/DimensionHome/SM_ShoesHusband.uexp" 1816
"C:/Users/hanna/Documents/SCHOOL_FILES/Spring 2025/Bachelor/Unreal_Engine_Backups/May 08/Witch_Game/Content/3D_Assets/DimensionHome/Materials/Textures/Tree_Texture_M_Tree_Normal.ubulk" 1817
"C:/Users/hanna/Documents/SCHOOL_FILES/Spring 2025/Bachelor/Unreal_Engine_Backups/May 08/Witch_Game/Content/3D_Assets/DimensionHome/Materials/Textures/Tree_Texture_M_Tree_Normal.uasset" 1818
"C:/Users/hanna/Documents/SCHOOL_FILES/Spring 2025/Bachelor/Unreal_Engine_Backups/May 08/Witch_Game/Content/3D_Assets/DimensionHome/Materials/Textures/Tree_Texture_M_Tree_Normal.uexp" 1819
"C:/Users/hanna/Documents/SCHOOL_FILES/Spring 2025/Bachelor/Unreal_Engine_Backups/May 08/Witch_Game/Content/3D_Assets/DimensionHome/Materials/Textures/Tree_Texture_M_Tree_BaseColor.ubulk" 1820
"C:/Users/hanna/Documents/SCHOOL_FILES/Spring 2025/Bachelor/Unreal_Engine_Backups/May 08/Witch_Game/Content/3D_Assets/DimensionHome/Materials/Textures/Tree_Texture_M_Tree_BaseColor.uasset" 1821
"C:/Users/hanna/Documents/SCHOOL_FILES/Spring 2025/Bachelor/Unreal_Engine_Backups/May 08/Witch_Game/Content/3D_Assets/DimensionHome/Materials/Textures/Tree_Texture_M_Tree_BaseColor.uexp" 1822
"C:/Users/hanna/Documents/SCHOOL_FILES/Spring 2025/Bachelor/Unreal_Engine_Backups/May 08/Witch_Game/Content/3D_Assets/DimensionHome/Materials/Textures/Tree_Texture_M_Tree_OcclusionRoughnessMetallic.ubulk" 1823
"C:/Users/hanna/Documents/SCHOOL_FILES/Spring 2025/Bachelor/Unreal_Engine_Backups/May 08/Witch_Game/Content/3D_Assets/DimensionHome/Materials/Textures/Tree_Texture_M_Tree_OcclusionRoughnessMetallic.uasset" 1824
"C:/Users/hanna/Documents/SCHOOL_FILES/Spring 2025/Bachelor/Unreal_Engine_Backups/May 08/Witch_Game/Content/3D_Assets/DimensionHome/Materials/Textures/Tree_Texture_M_Tree_OcclusionRoughnessMetallic.uexp" 1825
"../../../Engine/Content/Functions/Engine_MaterialFunctions01/WorldPositionOffset/SimpleGrassWind.uasset" 1826
"../../../Engine/Content/Functions/Engine_MaterialFunctions01/WorldPositionOffset/SimpleGrassWind.uexp" 1827
"C:/Users/hanna/Documents/SCHOOL_FILES/Spring 2025/Bachelor/Unreal_Engine_Backups/May 08/Witch_Game/Content/3D_Assets/DimensionHome/Materials/Textures/Tree_Opacity.ubulk" 1828
"C:/Users/hanna/Documents/SCHOOL_FILES/Spring 2025/Bachelor/Unreal_Engine_Backups/May 08/Witch_Game/Content/3D_Assets/DimensionHome/Materials/Textures/Tree_Opacity.uasset" 1829
"C:/Users/hanna/Documents/SCHOOL_FILES/Spring 2025/Bachelor/Unreal_Engine_Backups/May 08/Witch_Game/Content/3D_Assets/DimensionHome/Materials/Textures/Tree_Opacity.uexp" 1830
"C:/Users/hanna/Documents/SCHOOL_FILES/Spring 2025/Bachelor/Unreal_Engine_Backups/May 08/Witch_Game/Content/3D_Assets/DimensionHome/Materials/M_PineTree.uasset" 1831
"C:/Users/hanna/Documents/SCHOOL_FILES/Spring 2025/Bachelor/Unreal_Engine_Backups/May 08/Witch_Game/Content/3D_Assets/DimensionHome/Materials/M_PineTree.uexp" 1832
"C:/Users/hanna/Documents/SCHOOL_FILES/Spring 2025/Bachelor/Unreal_Engine_Backups/May 08/Witch_Game/Content/3D_Assets/DimensionHome/SM_Tree.ubulk" 1833
"C:/Users/hanna/Documents/SCHOOL_FILES/Spring 2025/Bachelor/Unreal_Engine_Backups/May 08/Witch_Game/Content/3D_Assets/DimensionHome/SM_Tree.uasset" 1834
"C:/Users/hanna/Documents/SCHOOL_FILES/Spring 2025/Bachelor/Unreal_Engine_Backups/May 08/Witch_Game/Content/3D_Assets/DimensionHome/SM_Tree.uexp" 1835
"C:/Users/hanna/Documents/SCHOOL_FILES/Spring 2025/Bachelor/Unreal_Engine_Backups/May 08/Witch_Game/Content/3D_Assets/DimensionHome/SM_Paper01.ubulk" 1836
"C:/Users/hanna/Documents/SCHOOL_FILES/Spring 2025/Bachelor/Unreal_Engine_Backups/May 08/Witch_Game/Content/3D_Assets/DimensionHome/SM_Paper01.uasset" 1837
"C:/Users/hanna/Documents/SCHOOL_FILES/Spring 2025/Bachelor/Unreal_Engine_Backups/May 08/Witch_Game/Content/3D_Assets/DimensionHome/SM_Paper01.uexp" 1838
"C:/Users/hanna/Documents/SCHOOL_FILES/Spring 2025/Bachelor/Unreal_Engine_Backups/May 08/Witch_Game/Content/Interactable_Objects/BP_Interact_Sketch.uasset" 1839
"C:/Users/hanna/Documents/SCHOOL_FILES/Spring 2025/Bachelor/Unreal_Engine_Backups/May 08/Witch_Game/Content/Interactable_Objects/BP_Interact_Sketch.uexp" 1840
"C:/Users/hanna/Documents/SCHOOL_FILES/Spring 2025/Bachelor/Unreal_Engine_Backups/May 08/Witch_Game/Content/3D_Assets/DimensionHome/Materials/Textures/SM_BedSheets_M_BedSheets_Normal.ubulk" 1841
"C:/Users/hanna/Documents/SCHOOL_FILES/Spring 2025/Bachelor/Unreal_Engine_Backups/May 08/Witch_Game/Content/3D_Assets/DimensionHome/Materials/Textures/SM_BedSheets_M_BedSheets_Normal.uasset" 1842
"C:/Users/hanna/Documents/SCHOOL_FILES/Spring 2025/Bachelor/Unreal_Engine_Backups/May 08/Witch_Game/Content/3D_Assets/DimensionHome/Materials/Textures/SM_BedSheets_M_BedSheets_Normal.uexp" 1843
"C:/Users/hanna/Documents/SCHOOL_FILES/Spring 2025/Bachelor/Unreal_Engine_Backups/May 08/Witch_Game/Content/3D_Assets/DimensionHome/Materials/Textures/SM_BedSheets_M_BedSheets_BaseColor.ubulk" 1844
"C:/Users/hanna/Documents/SCHOOL_FILES/Spring 2025/Bachelor/Unreal_Engine_Backups/May 08/Witch_Game/Content/3D_Assets/DimensionHome/Materials/Textures/SM_BedSheets_M_BedSheets_BaseColor.uasset" 1845
"C:/Users/hanna/Documents/SCHOOL_FILES/Spring 2025/Bachelor/Unreal_Engine_Backups/May 08/Witch_Game/Content/3D_Assets/DimensionHome/Materials/Textures/SM_BedSheets_M_BedSheets_BaseColor.uexp" 1846
"C:/Users/hanna/Documents/SCHOOL_FILES/Spring 2025/Bachelor/Unreal_Engine_Backups/May 08/Witch_Game/Content/3D_Assets/DimensionHome/Materials/Textures/SM_BedSheets_M_BedSheets_OcclusionRoughnessMetallic.ubulk" 1847
"C:/Users/hanna/Documents/SCHOOL_FILES/Spring 2025/Bachelor/Unreal_Engine_Backups/May 08/Witch_Game/Content/3D_Assets/DimensionHome/Materials/Textures/SM_BedSheets_M_BedSheets_OcclusionRoughnessMetallic.uasset" 1848
"C:/Users/hanna/Documents/SCHOOL_FILES/Spring 2025/Bachelor/Unreal_Engine_Backups/May 08/Witch_Game/Content/3D_Assets/DimensionHome/Materials/Textures/SM_BedSheets_M_BedSheets_OcclusionRoughnessMetallic.uexp" 1849
"C:/Users/hanna/Documents/SCHOOL_FILES/Spring 2025/Bachelor/Unreal_Engine_Backups/May 08/Witch_Game/Content/3D_Assets/DimensionHome/Materials/M_BedSheets.uasset" 1850
"C:/Users/hanna/Documents/SCHOOL_FILES/Spring 2025/Bachelor/Unreal_Engine_Backups/May 08/Witch_Game/Content/3D_Assets/DimensionHome/Materials/M_BedSheets.uexp" 1851
"C:/Users/hanna/Documents/SCHOOL_FILES/Spring 2025/Bachelor/Unreal_Engine_Backups/May 08/Witch_Game/Content/3D_Assets/DimensionHome/SM_BedSheet02.ubulk" 1852
"C:/Users/hanna/Documents/SCHOOL_FILES/Spring 2025/Bachelor/Unreal_Engine_Backups/May 08/Witch_Game/Content/3D_Assets/DimensionHome/SM_BedSheet02.uasset" 1853
"C:/Users/hanna/Documents/SCHOOL_FILES/Spring 2025/Bachelor/Unreal_Engine_Backups/May 08/Witch_Game/Content/3D_Assets/DimensionHome/SM_BedSheet02.uexp" 1854
"C:/Users/hanna/Documents/SCHOOL_FILES/Spring 2025/Bachelor/Unreal_Engine_Backups/May 08/Witch_Game/Content/3D_Assets/DimensionHome/Materials/Textures/MapOfCity01.uasset" 1855
"C:/Users/hanna/Documents/SCHOOL_FILES/Spring 2025/Bachelor/Unreal_Engine_Backups/May 08/Witch_Game/Content/3D_Assets/DimensionHome/Materials/Textures/MapOfCity01.uexp" 1856
"C:/Users/hanna/Documents/SCHOOL_FILES/Spring 2025/Bachelor/Unreal_Engine_Backups/May 08/Witch_Game/Content/3D_Assets/DimensionHome/Materials/M_MapofCity.uasset" 1857
"C:/Users/hanna/Documents/SCHOOL_FILES/Spring 2025/Bachelor/Unreal_Engine_Backups/May 08/Witch_Game/Content/3D_Assets/DimensionHome/Materials/M_MapofCity.uexp" 1858
"C:/Users/hanna/Documents/SCHOOL_FILES/Spring 2025/Bachelor/Unreal_Engine_Backups/May 08/Witch_Game/Content/3D_Assets/DimensionHome/Materials/Textures/SM_Books_M_BooksDark_BaseColor.ubulk" 1859
"C:/Users/hanna/Documents/SCHOOL_FILES/Spring 2025/Bachelor/Unreal_Engine_Backups/May 08/Witch_Game/Content/3D_Assets/DimensionHome/Materials/Textures/SM_Books_M_BooksDark_BaseColor.uasset" 1860
"C:/Users/hanna/Documents/SCHOOL_FILES/Spring 2025/Bachelor/Unreal_Engine_Backups/May 08/Witch_Game/Content/3D_Assets/DimensionHome/Materials/Textures/SM_Books_M_BooksDark_BaseColor.uexp" 1861
"C:/Users/hanna/Documents/SCHOOL_FILES/Spring 2025/Bachelor/Unreal_Engine_Backups/May 08/Witch_Game/Content/3D_Assets/DimensionHome/Materials/Textures/SM_Books_M_BooksDark_Normal.ubulk" 1862
"C:/Users/hanna/Documents/SCHOOL_FILES/Spring 2025/Bachelor/Unreal_Engine_Backups/May 08/Witch_Game/Content/3D_Assets/DimensionHome/Materials/Textures/SM_Books_M_BooksDark_Normal.uasset" 1863
"C:/Users/hanna/Documents/SCHOOL_FILES/Spring 2025/Bachelor/Unreal_Engine_Backups/May 08/Witch_Game/Content/3D_Assets/DimensionHome/Materials/Textures/SM_Books_M_BooksDark_Normal.uexp" 1864
"C:/Users/hanna/Documents/SCHOOL_FILES/Spring 2025/Bachelor/Unreal_Engine_Backups/May 08/Witch_Game/Content/3D_Assets/DimensionHome/Materials/Textures/SM_Books_M_BooksDark_OcclusionRoughnessMetallic.ubulk" 1865
"C:/Users/hanna/Documents/SCHOOL_FILES/Spring 2025/Bachelor/Unreal_Engine_Backups/May 08/Witch_Game/Content/3D_Assets/DimensionHome/Materials/Textures/SM_Books_M_BooksDark_OcclusionRoughnessMetallic.uasset" 1866
"C:/Users/hanna/Documents/SCHOOL_FILES/Spring 2025/Bachelor/Unreal_Engine_Backups/May 08/Witch_Game/Content/3D_Assets/DimensionHome/Materials/Textures/SM_Books_M_BooksDark_OcclusionRoughnessMetallic.uexp" 1867
"C:/Users/hanna/Documents/SCHOOL_FILES/Spring 2025/Bachelor/Unreal_Engine_Backups/May 08/Witch_Game/Content/3D_Assets/DimensionHome/Materials/M_BooksDark.uasset" 1868
"C:/Users/hanna/Documents/SCHOOL_FILES/Spring 2025/Bachelor/Unreal_Engine_Backups/May 08/Witch_Game/Content/3D_Assets/DimensionHome/Materials/M_BooksDark.uexp" 1869
"C:/Users/hanna/Documents/SCHOOL_FILES/Spring 2025/Bachelor/Unreal_Engine_Backups/May 08/Witch_Game/Content/3D_Assets/DimensionHome/Materials/Textures/SM_LogStorage_M_Logs_BaseColor.ubulk" 1870
"C:/Users/hanna/Documents/SCHOOL_FILES/Spring 2025/Bachelor/Unreal_Engine_Backups/May 08/Witch_Game/Content/3D_Assets/DimensionHome/Materials/Textures/SM_LogStorage_M_Logs_BaseColor.uasset" 1871
"C:/Users/hanna/Documents/SCHOOL_FILES/Spring 2025/Bachelor/Unreal_Engine_Backups/May 08/Witch_Game/Content/3D_Assets/DimensionHome/Materials/Textures/SM_LogStorage_M_Logs_BaseColor.uexp" 1872
"C:/Users/hanna/Documents/SCHOOL_FILES/Spring 2025/Bachelor/Unreal_Engine_Backups/May 08/Witch_Game/Content/3D_Assets/DimensionHome/Materials/Textures/SM_LogStorage_M_Logs_Normal.ubulk" 1873
"C:/Users/hanna/Documents/SCHOOL_FILES/Spring 2025/Bachelor/Unreal_Engine_Backups/May 08/Witch_Game/Content/3D_Assets/DimensionHome/Materials/Textures/SM_LogStorage_M_Logs_Normal.uasset" 1874
"C:/Users/hanna/Documents/SCHOOL_FILES/Spring 2025/Bachelor/Unreal_Engine_Backups/May 08/Witch_Game/Content/3D_Assets/DimensionHome/Materials/Textures/SM_LogStorage_M_Logs_Normal.uexp" 1875
"C:/Users/hanna/Documents/SCHOOL_FILES/Spring 2025/Bachelor/Unreal_Engine_Backups/May 08/Witch_Game/Content/3D_Assets/DimensionHome/Materials/Textures/SM_LogStorage_M_Logs_OcclusionRoughnessMetallic.ubulk" 1876
"C:/Users/hanna/Documents/SCHOOL_FILES/Spring 2025/Bachelor/Unreal_Engine_Backups/May 08/Witch_Game/Content/3D_Assets/DimensionHome/Materials/Textures/SM_LogStorage_M_Logs_OcclusionRoughnessMetallic.uasset" 1877
"C:/Users/hanna/Documents/SCHOOL_FILES/Spring 2025/Bachelor/Unreal_Engine_Backups/May 08/Witch_Game/Content/3D_Assets/DimensionHome/Materials/Textures/SM_LogStorage_M_Logs_OcclusionRoughnessMetallic.uexp" 1878
"C:/Users/hanna/Documents/SCHOOL_FILES/Spring 2025/Bachelor/Unreal_Engine_Backups/May 08/Witch_Game/Content/3D_Assets/DimensionHome/Materials/M_Logs.uasset" 1879
"C:/Users/hanna/Documents/SCHOOL_FILES/Spring 2025/Bachelor/Unreal_Engine_Backups/May 08/Witch_Game/Content/3D_Assets/DimensionHome/Materials/M_Logs.uexp" 1880
"C:/Users/hanna/Documents/SCHOOL_FILES/Spring 2025/Bachelor/Unreal_Engine_Backups/May 08/Witch_Game/Content/3D_Assets/DimensionHome/Materials/Textures/SM_LogStorage_M_LogStorage_BaseColor.ubulk" 1881
"C:/Users/hanna/Documents/SCHOOL_FILES/Spring 2025/Bachelor/Unreal_Engine_Backups/May 08/Witch_Game/Content/3D_Assets/DimensionHome/Materials/Textures/SM_LogStorage_M_LogStorage_BaseColor.uasset" 1882
"C:/Users/hanna/Documents/SCHOOL_FILES/Spring 2025/Bachelor/Unreal_Engine_Backups/May 08/Witch_Game/Content/3D_Assets/DimensionHome/Materials/Textures/SM_LogStorage_M_LogStorage_BaseColor.uexp" 1883
"C:/Users/hanna/Documents/SCHOOL_FILES/Spring 2025/Bachelor/Unreal_Engine_Backups/May 08/Witch_Game/Content/3D_Assets/DimensionHome/Materials/Textures/SM_LogStorage_M_LogStorage_Normal.ubulk" 1884
"C:/Users/hanna/Documents/SCHOOL_FILES/Spring 2025/Bachelor/Unreal_Engine_Backups/May 08/Witch_Game/Content/3D_Assets/DimensionHome/Materials/Textures/SM_LogStorage_M_LogStorage_Normal.uasset" 1885
"C:/Users/hanna/Documents/SCHOOL_FILES/Spring 2025/Bachelor/Unreal_Engine_Backups/May 08/Witch_Game/Content/3D_Assets/DimensionHome/Materials/Textures/SM_LogStorage_M_LogStorage_Normal.uexp" 1886
"C:/Users/hanna/Documents/SCHOOL_FILES/Spring 2025/Bachelor/Unreal_Engine_Backups/May 08/Witch_Game/Content/3D_Assets/DimensionHome/Materials/Textures/SM_LogStorage_M_LogStorage_OcclusionRoughnessMetallic.ubulk" 1887
"C:/Users/hanna/Documents/SCHOOL_FILES/Spring 2025/Bachelor/Unreal_Engine_Backups/May 08/Witch_Game/Content/3D_Assets/DimensionHome/Materials/Textures/SM_LogStorage_M_LogStorage_OcclusionRoughnessMetallic.uasset" 1888
"C:/Users/hanna/Documents/SCHOOL_FILES/Spring 2025/Bachelor/Unreal_Engine_Backups/May 08/Witch_Game/Content/3D_Assets/DimensionHome/Materials/Textures/SM_LogStorage_M_LogStorage_OcclusionRoughnessMetallic.uexp" 1889
"C:/Users/hanna/Documents/SCHOOL_FILES/Spring 2025/Bachelor/Unreal_Engine_Backups/May 08/Witch_Game/Content/3D_Assets/DimensionHome/Materials/M_LogStorage.uasset" 1890
"C:/Users/hanna/Documents/SCHOOL_FILES/Spring 2025/Bachelor/Unreal_Engine_Backups/May 08/Witch_Game/Content/3D_Assets/DimensionHome/Materials/M_LogStorage.uexp" 1891
"C:/Users/hanna/Documents/SCHOOL_FILES/Spring 2025/Bachelor/Unreal_Engine_Backups/May 08/Witch_Game/Content/3D_Assets/DimensionHome/SM_LogStorage.ubulk" 1892
"C:/Users/hanna/Documents/SCHOOL_FILES/Spring 2025/Bachelor/Unreal_Engine_Backups/May 08/Witch_Game/Content/3D_Assets/DimensionHome/SM_LogStorage.uasset" 1893
"C:/Users/hanna/Documents/SCHOOL_FILES/Spring 2025/Bachelor/Unreal_Engine_Backups/May 08/Witch_Game/Content/3D_Assets/DimensionHome/SM_LogStorage.uexp" 1894
"C:/Users/hanna/Documents/SCHOOL_FILES/Spring 2025/Bachelor/Unreal_Engine_Backups/May 08/Witch_Game/Content/Interactable_Objects/BP_Interact_HerbalistJournal.uasset" 1895
"C:/Users/hanna/Documents/SCHOOL_FILES/Spring 2025/Bachelor/Unreal_Engine_Backups/May 08/Witch_Game/Content/Interactable_Objects/BP_Interact_HerbalistJournal.uexp" 1896
"C:/Users/hanna/Documents/SCHOOL_FILES/Spring 2025/Bachelor/Unreal_Engine_Backups/May 08/Witch_Game/Content/3D_Assets/DimensionHome/Materials/Textures/SM_BigBookshelf_M_BigBookshelf_BaseColor.ubulk" 1897
"C:/Users/hanna/Documents/SCHOOL_FILES/Spring 2025/Bachelor/Unreal_Engine_Backups/May 08/Witch_Game/Content/3D_Assets/DimensionHome/Materials/Textures/SM_BigBookshelf_M_BigBookshelf_BaseColor.uasset" 1898
"C:/Users/hanna/Documents/SCHOOL_FILES/Spring 2025/Bachelor/Unreal_Engine_Backups/May 08/Witch_Game/Content/3D_Assets/DimensionHome/Materials/Textures/SM_BigBookshelf_M_BigBookshelf_BaseColor.uexp" 1899
"C:/Users/hanna/Documents/SCHOOL_FILES/Spring 2025/Bachelor/Unreal_Engine_Backups/May 08/Witch_Game/Content/3D_Assets/DimensionHome/Materials/Textures/SM_BigBookshelf_M_BigBookshelf_Normal.ubulk" 1900
"C:/Users/hanna/Documents/SCHOOL_FILES/Spring 2025/Bachelor/Unreal_Engine_Backups/May 08/Witch_Game/Content/3D_Assets/DimensionHome/Materials/Textures/SM_BigBookshelf_M_BigBookshelf_Normal.uasset" 1901
"C:/Users/hanna/Documents/SCHOOL_FILES/Spring 2025/Bachelor/Unreal_Engine_Backups/May 08/Witch_Game/Content/3D_Assets/DimensionHome/Materials/Textures/SM_BigBookshelf_M_BigBookshelf_Normal.uexp" 1902
"C:/Users/hanna/Documents/SCHOOL_FILES/Spring 2025/Bachelor/Unreal_Engine_Backups/May 08/Witch_Game/Content/3D_Assets/DimensionHome/Materials/Textures/SM_BigBookshelf_M_BigBookshelf_OcclusionRoughnessMetallic.ubulk" 1903
"C:/Users/hanna/Documents/SCHOOL_FILES/Spring 2025/Bachelor/Unreal_Engine_Backups/May 08/Witch_Game/Content/3D_Assets/DimensionHome/Materials/Textures/SM_BigBookshelf_M_BigBookshelf_OcclusionRoughnessMetallic.uasset" 1904
"C:/Users/hanna/Documents/SCHOOL_FILES/Spring 2025/Bachelor/Unreal_Engine_Backups/May 08/Witch_Game/Content/3D_Assets/DimensionHome/Materials/Textures/SM_BigBookshelf_M_BigBookshelf_OcclusionRoughnessMetallic.uexp" 1905
"C:/Users/hanna/Documents/SCHOOL_FILES/Spring 2025/Bachelor/Unreal_Engine_Backups/May 08/Witch_Game/Content/3D_Assets/DimensionHome/Materials/M_BigBookshelf.uasset" 1906
"C:/Users/hanna/Documents/SCHOOL_FILES/Spring 2025/Bachelor/Unreal_Engine_Backups/May 08/Witch_Game/Content/3D_Assets/DimensionHome/Materials/M_BigBookshelf.uexp" 1907
"C:/Users/hanna/Documents/SCHOOL_FILES/Spring 2025/Bachelor/Unreal_Engine_Backups/May 08/Witch_Game/Content/3D_Assets/DimensionHome/SM_BigBookshelf.ubulk" 1908
"C:/Users/hanna/Documents/SCHOOL_FILES/Spring 2025/Bachelor/Unreal_Engine_Backups/May 08/Witch_Game/Content/3D_Assets/DimensionHome/SM_BigBookshelf.uasset" 1909
"C:/Users/hanna/Documents/SCHOOL_FILES/Spring 2025/Bachelor/Unreal_Engine_Backups/May 08/Witch_Game/Content/3D_Assets/DimensionHome/SM_BigBookshelf.uexp" 1910
"C:/Users/hanna/Documents/SCHOOL_FILES/Spring 2025/Bachelor/Unreal_Engine_Backups/May 08/Witch_Game/Content/3D_Assets/DimensionHome/SM_BookBig02.ubulk" 1911
"C:/Users/hanna/Documents/SCHOOL_FILES/Spring 2025/Bachelor/Unreal_Engine_Backups/May 08/Witch_Game/Content/3D_Assets/DimensionHome/SM_BookBig02.uasset" 1912
"C:/Users/hanna/Documents/SCHOOL_FILES/Spring 2025/Bachelor/Unreal_Engine_Backups/May 08/Witch_Game/Content/3D_Assets/DimensionHome/SM_BookBig02.uexp" 1913
"C:/Users/hanna/Documents/SCHOOL_FILES/Spring 2025/Bachelor/Unreal_Engine_Backups/May 08/Witch_Game/Content/3D_Assets/DimensionHome/SM_Broom.ubulk" 1914
"C:/Users/hanna/Documents/SCHOOL_FILES/Spring 2025/Bachelor/Unreal_Engine_Backups/May 08/Witch_Game/Content/3D_Assets/DimensionHome/SM_Broom.uasset" 1915
"C:/Users/hanna/Documents/SCHOOL_FILES/Spring 2025/Bachelor/Unreal_Engine_Backups/May 08/Witch_Game/Content/3D_Assets/DimensionHome/SM_Broom.uexp" 1916
"C:/Users/hanna/Documents/SCHOOL_FILES/Spring 2025/Bachelor/Unreal_Engine_Backups/May 08/Witch_Game/Content/3D_Assets/DimensionHome/Materials/Textures/SM_Toy02_M_Toy02_OcclusionRoughnessMetallic.ubulk" 1917
"C:/Users/hanna/Documents/SCHOOL_FILES/Spring 2025/Bachelor/Unreal_Engine_Backups/May 08/Witch_Game/Content/3D_Assets/DimensionHome/Materials/Textures/SM_Toy02_M_Toy02_OcclusionRoughnessMetallic.uasset" 1918
"C:/Users/hanna/Documents/SCHOOL_FILES/Spring 2025/Bachelor/Unreal_Engine_Backups/May 08/Witch_Game/Content/3D_Assets/DimensionHome/Materials/Textures/SM_Toy02_M_Toy02_OcclusionRoughnessMetallic.uexp" 1919
"C:/Users/hanna/Documents/SCHOOL_FILES/Spring 2025/Bachelor/Unreal_Engine_Backups/May 08/Witch_Game/Content/3D_Assets/DimensionHome/Materials/Textures/SM_Toy02_M_Toy02_Normal.ubulk" 1920
"C:/Users/hanna/Documents/SCHOOL_FILES/Spring 2025/Bachelor/Unreal_Engine_Backups/May 08/Witch_Game/Content/3D_Assets/DimensionHome/Materials/Textures/SM_Toy02_M_Toy02_Normal.uasset" 1921
"C:/Users/hanna/Documents/SCHOOL_FILES/Spring 2025/Bachelor/Unreal_Engine_Backups/May 08/Witch_Game/Content/3D_Assets/DimensionHome/Materials/Textures/SM_Toy02_M_Toy02_Normal.uexp" 1922
"C:/Users/hanna/Documents/SCHOOL_FILES/Spring 2025/Bachelor/Unreal_Engine_Backups/May 08/Witch_Game/Content/3D_Assets/DimensionHome/Materials/Textures/SM_Toy02_M_Toy02_BaseColor.ubulk" 1923
"C:/Users/hanna/Documents/SCHOOL_FILES/Spring 2025/Bachelor/Unreal_Engine_Backups/May 08/Witch_Game/Content/3D_Assets/DimensionHome/Materials/Textures/SM_Toy02_M_Toy02_BaseColor.uasset" 1924
"C:/Users/hanna/Documents/SCHOOL_FILES/Spring 2025/Bachelor/Unreal_Engine_Backups/May 08/Witch_Game/Content/3D_Assets/DimensionHome/Materials/Textures/SM_Toy02_M_Toy02_BaseColor.uexp" 1925
"C:/Users/hanna/Documents/SCHOOL_FILES/Spring 2025/Bachelor/Unreal_Engine_Backups/May 08/Witch_Game/Content/3D_Assets/DimensionHome/Materials/M_Toy02.uasset" 1926
"C:/Users/hanna/Documents/SCHOOL_FILES/Spring 2025/Bachelor/Unreal_Engine_Backups/May 08/Witch_Game/Content/3D_Assets/DimensionHome/Materials/M_Toy02.uexp" 1927
"C:/Users/hanna/Documents/SCHOOL_FILES/Spring 2025/Bachelor/Unreal_Engine_Backups/May 08/Witch_Game/Content/3D_Assets/DimensionHome/SM_Knife.ubulk" 1928
"C:/Users/hanna/Documents/SCHOOL_FILES/Spring 2025/Bachelor/Unreal_Engine_Backups/May 08/Witch_Game/Content/3D_Assets/DimensionHome/SM_Knife.uasset" 1929
"C:/Users/hanna/Documents/SCHOOL_FILES/Spring 2025/Bachelor/Unreal_Engine_Backups/May 08/Witch_Game/Content/3D_Assets/DimensionHome/SM_Knife.uexp" 1930
"C:/Users/hanna/Documents/SCHOOL_FILES/Spring 2025/Bachelor/Unreal_Engine_Backups/May 08/Witch_Game/Content/3D_Assets/DimensionHome/SM_Spoon.ubulk" 1931
"C:/Users/hanna/Documents/SCHOOL_FILES/Spring 2025/Bachelor/Unreal_Engine_Backups/May 08/Witch_Game/Content/3D_Assets/DimensionHome/SM_Spoon.uasset" 1932
"C:/Users/hanna/Documents/SCHOOL_FILES/Spring 2025/Bachelor/Unreal_Engine_Backups/May 08/Witch_Game/Content/3D_Assets/DimensionHome/SM_Spoon.uexp" 1933
"C:/Users/hanna/Documents/SCHOOL_FILES/Spring 2025/Bachelor/Unreal_Engine_Backups/May 08/Witch_Game/Content/3D_Assets/DimensionHome/SM_HerbCutter.ubulk" 1934
"C:/Users/hanna/Documents/SCHOOL_FILES/Spring 2025/Bachelor/Unreal_Engine_Backups/May 08/Witch_Game/Content/3D_Assets/DimensionHome/SM_HerbCutter.uasset" 1935
"C:/Users/hanna/Documents/SCHOOL_FILES/Spring 2025/Bachelor/Unreal_Engine_Backups/May 08/Witch_Game/Content/3D_Assets/DimensionHome/SM_HerbCutter.uexp" 1936
"C:/Users/hanna/Documents/SCHOOL_FILES/Spring 2025/Bachelor/Unreal_Engine_Backups/May 08/Witch_Game/Content/3D_Assets/DimensionHome/SM_Bottle02.ubulk" 1937
"C:/Users/hanna/Documents/SCHOOL_FILES/Spring 2025/Bachelor/Unreal_Engine_Backups/May 08/Witch_Game/Content/3D_Assets/DimensionHome/SM_Bottle02.uasset" 1938
"C:/Users/hanna/Documents/SCHOOL_FILES/Spring 2025/Bachelor/Unreal_Engine_Backups/May 08/Witch_Game/Content/3D_Assets/DimensionHome/SM_Bottle02.uexp" 1939
"C:/Users/hanna/Documents/SCHOOL_FILES/Spring 2025/Bachelor/Unreal_Engine_Backups/May 08/Witch_Game/Content/3D_Assets/DimensionHome/SM_Cup.ubulk" 1940
"C:/Users/hanna/Documents/SCHOOL_FILES/Spring 2025/Bachelor/Unreal_Engine_Backups/May 08/Witch_Game/Content/3D_Assets/DimensionHome/SM_Cup.uasset" 1941
"C:/Users/hanna/Documents/SCHOOL_FILES/Spring 2025/Bachelor/Unreal_Engine_Backups/May 08/Witch_Game/Content/3D_Assets/DimensionHome/SM_Cup.uexp" 1942
"C:/Users/hanna/Documents/SCHOOL_FILES/Spring 2025/Bachelor/Unreal_Engine_Backups/May 08/Witch_Game/Content/3D_Assets/DimensionHome/Materials/Textures/SM_Toy01_M_Toy_Normal.ubulk" 1943
"C:/Users/hanna/Documents/SCHOOL_FILES/Spring 2025/Bachelor/Unreal_Engine_Backups/May 08/Witch_Game/Content/3D_Assets/DimensionHome/Materials/Textures/SM_Toy01_M_Toy_Normal.uasset" 1944
"C:/Users/hanna/Documents/SCHOOL_FILES/Spring 2025/Bachelor/Unreal_Engine_Backups/May 08/Witch_Game/Content/3D_Assets/DimensionHome/Materials/Textures/SM_Toy01_M_Toy_Normal.uexp" 1945
"C:/Users/hanna/Documents/SCHOOL_FILES/Spring 2025/Bachelor/Unreal_Engine_Backups/May 08/Witch_Game/Content/3D_Assets/DimensionHome/Materials/Textures/SM_Toy01_M_Toy_OcclusionRoughnessMetallic.ubulk" 1946
"C:/Users/hanna/Documents/SCHOOL_FILES/Spring 2025/Bachelor/Unreal_Engine_Backups/May 08/Witch_Game/Content/3D_Assets/DimensionHome/Materials/Textures/SM_Toy01_M_Toy_OcclusionRoughnessMetallic.uasset" 1947
"C:/Users/hanna/Documents/SCHOOL_FILES/Spring 2025/Bachelor/Unreal_Engine_Backups/May 08/Witch_Game/Content/3D_Assets/DimensionHome/Materials/Textures/SM_Toy01_M_Toy_OcclusionRoughnessMetallic.uexp" 1948
"C:/Users/hanna/Documents/SCHOOL_FILES/Spring 2025/Bachelor/Unreal_Engine_Backups/May 08/Witch_Game/Content/3D_Assets/DimensionHome/Materials/Textures/SM_Toy01_M_Toy_BaseColor.ubulk" 1949
"C:/Users/hanna/Documents/SCHOOL_FILES/Spring 2025/Bachelor/Unreal_Engine_Backups/May 08/Witch_Game/Content/3D_Assets/DimensionHome/Materials/Textures/SM_Toy01_M_Toy_BaseColor.uasset" 1950
"C:/Users/hanna/Documents/SCHOOL_FILES/Spring 2025/Bachelor/Unreal_Engine_Backups/May 08/Witch_Game/Content/3D_Assets/DimensionHome/Materials/Textures/SM_Toy01_M_Toy_BaseColor.uexp" 1951
"C:/Users/hanna/Documents/SCHOOL_FILES/Spring 2025/Bachelor/Unreal_Engine_Backups/May 08/Witch_Game/Content/3D_Assets/DimensionHome/Materials/M_Toy.uasset" 1952
"C:/Users/hanna/Documents/SCHOOL_FILES/Spring 2025/Bachelor/Unreal_Engine_Backups/May 08/Witch_Game/Content/3D_Assets/DimensionHome/Materials/M_Toy.uexp" 1953
"C:/Users/hanna/Documents/SCHOOL_FILES/Spring 2025/Bachelor/Unreal_Engine_Backups/May 08/Witch_Game/Content/3D_Assets/DimensionHome/SM_Toy02.ubulk" 1954
"C:/Users/hanna/Documents/SCHOOL_FILES/Spring 2025/Bachelor/Unreal_Engine_Backups/May 08/Witch_Game/Content/3D_Assets/DimensionHome/SM_Toy02.uasset" 1955
"C:/Users/hanna/Documents/SCHOOL_FILES/Spring 2025/Bachelor/Unreal_Engine_Backups/May 08/Witch_Game/Content/3D_Assets/DimensionHome/SM_Toy02.uexp" 1956
"C:/Users/hanna/Documents/SCHOOL_FILES/Spring 2025/Bachelor/Unreal_Engine_Backups/May 08/Witch_Game/Content/3D_Assets/DimensionHome/SM_Paper02.ubulk" 1957
"C:/Users/hanna/Documents/SCHOOL_FILES/Spring 2025/Bachelor/Unreal_Engine_Backups/May 08/Witch_Game/Content/3D_Assets/DimensionHome/SM_Paper02.uasset" 1958
"C:/Users/hanna/Documents/SCHOOL_FILES/Spring 2025/Bachelor/Unreal_Engine_Backups/May 08/Witch_Game/Content/3D_Assets/DimensionHome/SM_Paper02.uexp" 1959
"C:/Users/hanna/Documents/SCHOOL_FILES/Spring 2025/Bachelor/Unreal_Engine_Backups/May 08/Witch_Game/Content/VFX/P_Dust_Large.uasset" 1960
"C:/Users/hanna/Documents/SCHOOL_FILES/Spring 2025/Bachelor/Unreal_Engine_Backups/May 08/Witch_Game/Content/VFX/P_Dust_Large.uexp" 1961
"C:/Users/hanna/Documents/SCHOOL_FILES/Spring 2025/Bachelor/Unreal_Engine_Backups/May 08/Witch_Game/Content/3D_Assets/DimensionHome/Materials/Textures/SM_Window_Texturing_T_WindowWoodFrame_BaseColor.ubulk" 1962
"C:/Users/hanna/Documents/SCHOOL_FILES/Spring 2025/Bachelor/Unreal_Engine_Backups/May 08/Witch_Game/Content/3D_Assets/DimensionHome/Materials/Textures/SM_Window_Texturing_T_WindowWoodFrame_BaseColor.uasset" 1963
"C:/Users/hanna/Documents/SCHOOL_FILES/Spring 2025/Bachelor/Unreal_Engine_Backups/May 08/Witch_Game/Content/3D_Assets/DimensionHome/Materials/Textures/SM_Window_Texturing_T_WindowWoodFrame_BaseColor.uexp" 1964
"C:/Users/hanna/Documents/SCHOOL_FILES/Spring 2025/Bachelor/Unreal_Engine_Backups/May 08/Witch_Game/Content/3D_Assets/DimensionHome/Materials/Textures/SM_Window_Texturing_T_WindowWoodFrame_Normal.ubulk" 1965
"C:/Users/hanna/Documents/SCHOOL_FILES/Spring 2025/Bachelor/Unreal_Engine_Backups/May 08/Witch_Game/Content/3D_Assets/DimensionHome/Materials/Textures/SM_Window_Texturing_T_WindowWoodFrame_Normal.uasset" 1966
"C:/Users/hanna/Documents/SCHOOL_FILES/Spring 2025/Bachelor/Unreal_Engine_Backups/May 08/Witch_Game/Content/3D_Assets/DimensionHome/Materials/Textures/SM_Window_Texturing_T_WindowWoodFrame_Normal.uexp" 1967
"C:/Users/hanna/Documents/SCHOOL_FILES/Spring 2025/Bachelor/Unreal_Engine_Backups/May 08/Witch_Game/Content/3D_Assets/DimensionHome/Materials/Textures/SM_Window_Texturing_T_WindowWoodFrame_OcclusionRoughnessMetallic.ubulk" 1968
"C:/Users/hanna/Documents/SCHOOL_FILES/Spring 2025/Bachelor/Unreal_Engine_Backups/May 08/Witch_Game/Content/3D_Assets/DimensionHome/Materials/Textures/SM_Window_Texturing_T_WindowWoodFrame_OcclusionRoughnessMetallic.uasset" 1969
"C:/Users/hanna/Documents/SCHOOL_FILES/Spring 2025/Bachelor/Unreal_Engine_Backups/May 08/Witch_Game/Content/3D_Assets/DimensionHome/Materials/Textures/SM_Window_Texturing_T_WindowWoodFrame_OcclusionRoughnessMetallic.uexp" 1970
"C:/Users/hanna/Documents/SCHOOL_FILES/Spring 2025/Bachelor/Unreal_Engine_Backups/May 08/Witch_Game/Content/3D_Assets/DimensionHome/Materials/T_WindowWoodFrame.uasset" 1971
"C:/Users/hanna/Documents/SCHOOL_FILES/Spring 2025/Bachelor/Unreal_Engine_Backups/May 08/Witch_Game/Content/3D_Assets/DimensionHome/Materials/T_WindowWoodFrame.uexp" 1972
"C:/Users/hanna/Documents/SCHOOL_FILES/Spring 2025/Bachelor/Unreal_Engine_Backups/May 08/Witch_Game/Content/3D_Assets/DimensionHome/Materials/Textures/SM_Window_Texturing_T_WindowGlass_BaseColor.ubulk" 1973
"C:/Users/hanna/Documents/SCHOOL_FILES/Spring 2025/Bachelor/Unreal_Engine_Backups/May 08/Witch_Game/Content/3D_Assets/DimensionHome/Materials/Textures/SM_Window_Texturing_T_WindowGlass_BaseColor.uasset" 1974
"C:/Users/hanna/Documents/SCHOOL_FILES/Spring 2025/Bachelor/Unreal_Engine_Backups/May 08/Witch_Game/Content/3D_Assets/DimensionHome/Materials/Textures/SM_Window_Texturing_T_WindowGlass_BaseColor.uexp" 1975
"C:/Users/hanna/Documents/SCHOOL_FILES/Spring 2025/Bachelor/Unreal_Engine_Backups/May 08/Witch_Game/Content/3D_Assets/DimensionHome/Materials/T_WindowGlass.uasset" 1976
"C:/Users/hanna/Documents/SCHOOL_FILES/Spring 2025/Bachelor/Unreal_Engine_Backups/May 08/Witch_Game/Content/3D_Assets/DimensionHome/Materials/T_WindowGlass.uexp" 1977
"C:/Users/hanna/Documents/SCHOOL_FILES/Spring 2025/Bachelor/Unreal_Engine_Backups/May 08/Witch_Game/Content/3D_Assets/DimensionHome/Materials/Textures/SM_Window_Texturing_T_WindowMetalFrame_OcclusionRoughnessMetallic.ubulk" 1978
"C:/Users/hanna/Documents/SCHOOL_FILES/Spring 2025/Bachelor/Unreal_Engine_Backups/May 08/Witch_Game/Content/3D_Assets/DimensionHome/Materials/Textures/SM_Window_Texturing_T_WindowMetalFrame_OcclusionRoughnessMetallic.uasset" 1979
"C:/Users/hanna/Documents/SCHOOL_FILES/Spring 2025/Bachelor/Unreal_Engine_Backups/May 08/Witch_Game/Content/3D_Assets/DimensionHome/Materials/Textures/SM_Window_Texturing_T_WindowMetalFrame_OcclusionRoughnessMetallic.uexp" 1980
"C:/Users/hanna/Documents/SCHOOL_FILES/Spring 2025/Bachelor/Unreal_Engine_Backups/May 08/Witch_Game/Content/3D_Assets/DimensionHome/Materials/Textures/SM_Window_Texturing_T_WindowMetalFrame_BaseColor.ubulk" 1981
"C:/Users/hanna/Documents/SCHOOL_FILES/Spring 2025/Bachelor/Unreal_Engine_Backups/May 08/Witch_Game/Content/3D_Assets/DimensionHome/Materials/Textures/SM_Window_Texturing_T_WindowMetalFrame_BaseColor.uasset" 1982
"C:/Users/hanna/Documents/SCHOOL_FILES/Spring 2025/Bachelor/Unreal_Engine_Backups/May 08/Witch_Game/Content/3D_Assets/DimensionHome/Materials/Textures/SM_Window_Texturing_T_WindowMetalFrame_BaseColor.uexp" 1983
"C:/Users/hanna/Documents/SCHOOL_FILES/Spring 2025/Bachelor/Unreal_Engine_Backups/May 08/Witch_Game/Content/3D_Assets/DimensionHome/Materials/Textures/SM_Window_Texturing_T_WindowMetalFrame_Normal.ubulk" 1984
"C:/Users/hanna/Documents/SCHOOL_FILES/Spring 2025/Bachelor/Unreal_Engine_Backups/May 08/Witch_Game/Content/3D_Assets/DimensionHome/Materials/Textures/SM_Window_Texturing_T_WindowMetalFrame_Normal.uasset" 1985
"C:/Users/hanna/Documents/SCHOOL_FILES/Spring 2025/Bachelor/Unreal_Engine_Backups/May 08/Witch_Game/Content/3D_Assets/DimensionHome/Materials/Textures/SM_Window_Texturing_T_WindowMetalFrame_Normal.uexp" 1986
"C:/Users/hanna/Documents/SCHOOL_FILES/Spring 2025/Bachelor/Unreal_Engine_Backups/May 08/Witch_Game/Content/3D_Assets/DimensionHome/Materials/T_WindowMetalFrame.uasset" 1987
"C:/Users/hanna/Documents/SCHOOL_FILES/Spring 2025/Bachelor/Unreal_Engine_Backups/May 08/Witch_Game/Content/3D_Assets/DimensionHome/Materials/T_WindowMetalFrame.uexp" 1988
"C:/Users/hanna/Documents/SCHOOL_FILES/Spring 2025/Bachelor/Unreal_Engine_Backups/May 08/Witch_Game/Content/3D_Assets/DimensionHome/SM_Window.ubulk" 1989
"C:/Users/hanna/Documents/SCHOOL_FILES/Spring 2025/Bachelor/Unreal_Engine_Backups/May 08/Witch_Game/Content/3D_Assets/DimensionHome/SM_Window.uasset" 1990
"C:/Users/hanna/Documents/SCHOOL_FILES/Spring 2025/Bachelor/Unreal_Engine_Backups/May 08/Witch_Game/Content/3D_Assets/DimensionHome/SM_Window.uexp" 1991
"C:/Users/hanna/Documents/SCHOOL_FILES/Spring 2025/Bachelor/Unreal_Engine_Backups/May 08/Witch_Game/Content/3D_Assets/DimensionHome/Materials/Textures/SM_RandomAssets03_M_RandomAssets03_BaseColor.ubulk" 1992
"C:/Users/hanna/Documents/SCHOOL_FILES/Spring 2025/Bachelor/Unreal_Engine_Backups/May 08/Witch_Game/Content/3D_Assets/DimensionHome/Materials/Textures/SM_RandomAssets03_M_RandomAssets03_BaseColor.uasset" 1993
"C:/Users/hanna/Documents/SCHOOL_FILES/Spring 2025/Bachelor/Unreal_Engine_Backups/May 08/Witch_Game/Content/3D_Assets/DimensionHome/Materials/Textures/SM_RandomAssets03_M_RandomAssets03_BaseColor.uexp" 1994
"C:/Users/hanna/Documents/SCHOOL_FILES/Spring 2025/Bachelor/Unreal_Engine_Backups/May 08/Witch_Game/Content/3D_Assets/DimensionHome/Materials/Textures/SM_RandomAssets03_M_RandomAssets03_OcclusionRoughnessMetallic.ubulk" 1995
"C:/Users/hanna/Documents/SCHOOL_FILES/Spring 2025/Bachelor/Unreal_Engine_Backups/May 08/Witch_Game/Content/3D_Assets/DimensionHome/Materials/Textures/SM_RandomAssets03_M_RandomAssets03_OcclusionRoughnessMetallic.uasset" 1996
"C:/Users/hanna/Documents/SCHOOL_FILES/Spring 2025/Bachelor/Unreal_Engine_Backups/May 08/Witch_Game/Content/3D_Assets/DimensionHome/Materials/Textures/SM_RandomAssets03_M_RandomAssets03_OcclusionRoughnessMetallic.uexp" 1997
"C:/Users/hanna/Documents/SCHOOL_FILES/Spring 2025/Bachelor/Unreal_Engine_Backups/May 08/Witch_Game/Content/3D_Assets/DimensionHome/Materials/Textures/SM_RandomAssets03_M_RandomAssets03_Normal.ubulk" 1998
"C:/Users/hanna/Documents/SCHOOL_FILES/Spring 2025/Bachelor/Unreal_Engine_Backups/May 08/Witch_Game/Content/3D_Assets/DimensionHome/Materials/Textures/SM_RandomAssets03_M_RandomAssets03_Normal.uasset" 1999
"C:/Users/hanna/Documents/SCHOOL_FILES/Spring 2025/Bachelor/Unreal_Engine_Backups/May 08/Witch_Game/Content/3D_Assets/DimensionHome/Materials/Textures/SM_RandomAssets03_M_RandomAssets03_Normal.uexp" 2000
"C:/Users/hanna/Documents/SCHOOL_FILES/Spring 2025/Bachelor/Unreal_Engine_Backups/May 08/Witch_Game/Content/3D_Assets/DimensionHome/Materials/M_RandomAssets03.uasset" 2001
"C:/Users/hanna/Documents/SCHOOL_FILES/Spring 2025/Bachelor/Unreal_Engine_Backups/May 08/Witch_Game/Content/3D_Assets/DimensionHome/Materials/M_RandomAssets03.uexp" 2002
"C:/Users/hanna/Documents/SCHOOL_FILES/Spring 2025/Bachelor/Unreal_Engine_Backups/May 08/Witch_Game/Content/3D_Assets/DimensionHome/SM_Crook.ubulk" 2003
"C:/Users/hanna/Documents/SCHOOL_FILES/Spring 2025/Bachelor/Unreal_Engine_Backups/May 08/Witch_Game/Content/3D_Assets/DimensionHome/SM_Crook.uasset" 2004
"C:/Users/hanna/Documents/SCHOOL_FILES/Spring 2025/Bachelor/Unreal_Engine_Backups/May 08/Witch_Game/Content/3D_Assets/DimensionHome/SM_Crook.uexp" 2005
"C:/Users/hanna/Documents/SCHOOL_FILES/Spring 2025/Bachelor/Unreal_Engine_Backups/May 08/Witch_Game/Content/3D_Assets/DimensionHome/Materials/Textures/Plane_SM_Roof_Normal.ubulk" 2006
"C:/Users/hanna/Documents/SCHOOL_FILES/Spring 2025/Bachelor/Unreal_Engine_Backups/May 08/Witch_Game/Content/3D_Assets/DimensionHome/Materials/Textures/Plane_SM_Roof_Normal.uasset" 2007
"C:/Users/hanna/Documents/SCHOOL_FILES/Spring 2025/Bachelor/Unreal_Engine_Backups/May 08/Witch_Game/Content/3D_Assets/DimensionHome/Materials/Textures/Plane_SM_Roof_Normal.uexp" 2008
"C:/Users/hanna/Documents/SCHOOL_FILES/Spring 2025/Bachelor/Unreal_Engine_Backups/May 08/Witch_Game/Content/3D_Assets/DimensionHome/Materials/Textures/Plane_SM_Roof_BaseColor.ubulk" 2009
"C:/Users/hanna/Documents/SCHOOL_FILES/Spring 2025/Bachelor/Unreal_Engine_Backups/May 08/Witch_Game/Content/3D_Assets/DimensionHome/Materials/Textures/Plane_SM_Roof_BaseColor.uasset" 2010
"C:/Users/hanna/Documents/SCHOOL_FILES/Spring 2025/Bachelor/Unreal_Engine_Backups/May 08/Witch_Game/Content/3D_Assets/DimensionHome/Materials/Textures/Plane_SM_Roof_BaseColor.uexp" 2011
"C:/Users/hanna/Documents/SCHOOL_FILES/Spring 2025/Bachelor/Unreal_Engine_Backups/May 08/Witch_Game/Content/3D_Assets/DimensionHome/Materials/Textures/Plane_SM_Roof_OcclusionRoughnessMetallic.ubulk" 2012
"C:/Users/hanna/Documents/SCHOOL_FILES/Spring 2025/Bachelor/Unreal_Engine_Backups/May 08/Witch_Game/Content/3D_Assets/DimensionHome/Materials/Textures/Plane_SM_Roof_OcclusionRoughnessMetallic.uasset" 2013
"C:/Users/hanna/Documents/SCHOOL_FILES/Spring 2025/Bachelor/Unreal_Engine_Backups/May 08/Witch_Game/Content/3D_Assets/DimensionHome/Materials/Textures/Plane_SM_Roof_OcclusionRoughnessMetallic.uexp" 2014
"C:/Users/hanna/Documents/SCHOOL_FILES/Spring 2025/Bachelor/Unreal_Engine_Backups/May 08/Witch_Game/Content/3D_Assets/DimensionHome/Materials/M_Roof.uasset" 2015
"C:/Users/hanna/Documents/SCHOOL_FILES/Spring 2025/Bachelor/Unreal_Engine_Backups/May 08/Witch_Game/Content/3D_Assets/DimensionHome/Materials/M_Roof.uexp" 2016
"C:/Users/hanna/Documents/SCHOOL_FILES/Spring 2025/Bachelor/Unreal_Engine_Backups/May 08/Witch_Game/Content/3D_Assets/DimensionHome/SM_Roof.ubulk" 2017
"C:/Users/hanna/Documents/SCHOOL_FILES/Spring 2025/Bachelor/Unreal_Engine_Backups/May 08/Witch_Game/Content/3D_Assets/DimensionHome/SM_Roof.uasset" 2018
"C:/Users/hanna/Documents/SCHOOL_FILES/Spring 2025/Bachelor/Unreal_Engine_Backups/May 08/Witch_Game/Content/3D_Assets/DimensionHome/SM_Roof.uexp" 2019
"C:/Users/hanna/Documents/SCHOOL_FILES/Spring 2025/Bachelor/Unreal_Engine_Backups/May 08/Witch_Game/Content/3D_Assets/DimensionHome/Materials/Textures/SM_Leaf_standardSurface1_Normal.ubulk" 2020
"C:/Users/hanna/Documents/SCHOOL_FILES/Spring 2025/Bachelor/Unreal_Engine_Backups/May 08/Witch_Game/Content/3D_Assets/DimensionHome/Materials/Textures/SM_Leaf_standardSurface1_Normal.uasset" 2021
"C:/Users/hanna/Documents/SCHOOL_FILES/Spring 2025/Bachelor/Unreal_Engine_Backups/May 08/Witch_Game/Content/3D_Assets/DimensionHome/Materials/Textures/SM_Leaf_standardSurface1_Normal.uexp" 2022
"C:/Users/hanna/Documents/SCHOOL_FILES/Spring 2025/Bachelor/Unreal_Engine_Backups/May 08/Witch_Game/Content/3D_Assets/DimensionHome/Materials/Textures/SM_Leaf_standardSurface1_BaseColor.ubulk" 2023
"C:/Users/hanna/Documents/SCHOOL_FILES/Spring 2025/Bachelor/Unreal_Engine_Backups/May 08/Witch_Game/Content/3D_Assets/DimensionHome/Materials/Textures/SM_Leaf_standardSurface1_BaseColor.uasset" 2024
"C:/Users/hanna/Documents/SCHOOL_FILES/Spring 2025/Bachelor/Unreal_Engine_Backups/May 08/Witch_Game/Content/3D_Assets/DimensionHome/Materials/Textures/SM_Leaf_standardSurface1_BaseColor.uexp" 2025
"C:/Users/hanna/Documents/SCHOOL_FILES/Spring 2025/Bachelor/Unreal_Engine_Backups/May 08/Witch_Game/Content/3D_Assets/DimensionHome/Materials/Textures/SM_Leaf_standardSurface1_OcclusionRoughnessMetallic.ubulk" 2026
"C:/Users/hanna/Documents/SCHOOL_FILES/Spring 2025/Bachelor/Unreal_Engine_Backups/May 08/Witch_Game/Content/3D_Assets/DimensionHome/Materials/Textures/SM_Leaf_standardSurface1_OcclusionRoughnessMetallic.uasset" 2027
"C:/Users/hanna/Documents/SCHOOL_FILES/Spring 2025/Bachelor/Unreal_Engine_Backups/May 08/Witch_Game/Content/3D_Assets/DimensionHome/Materials/Textures/SM_Leaf_standardSurface1_OcclusionRoughnessMetallic.uexp" 2028
"C:/Users/hanna/Documents/SCHOOL_FILES/Spring 2025/Bachelor/Unreal_Engine_Backups/May 08/Witch_Game/Content/3D_Assets/DimensionHome/Materials/M_Leaf.uasset" 2029
"C:/Users/hanna/Documents/SCHOOL_FILES/Spring 2025/Bachelor/Unreal_Engine_Backups/May 08/Witch_Game/Content/3D_Assets/DimensionHome/Materials/M_Leaf.uexp" 2030
"C:/Users/hanna/Documents/SCHOOL_FILES/Spring 2025/Bachelor/Unreal_Engine_Backups/May 08/Witch_Game/Content/3D_Assets/DimensionHome/Materials/Textures/SM_Twig_M_Twig_BaseColor.ubulk" 2031
"C:/Users/hanna/Documents/SCHOOL_FILES/Spring 2025/Bachelor/Unreal_Engine_Backups/May 08/Witch_Game/Content/3D_Assets/DimensionHome/Materials/Textures/SM_Twig_M_Twig_BaseColor.uasset" 2032
"C:/Users/hanna/Documents/SCHOOL_FILES/Spring 2025/Bachelor/Unreal_Engine_Backups/May 08/Witch_Game/Content/3D_Assets/DimensionHome/Materials/Textures/SM_Twig_M_Twig_BaseColor.uexp" 2033
"C:/Users/hanna/Documents/SCHOOL_FILES/Spring 2025/Bachelor/Unreal_Engine_Backups/May 08/Witch_Game/Content/3D_Assets/DimensionHome/Materials/Textures/SM_Twig_M_Twig_OcclusionRoughnessMetallic.ubulk" 2034
"C:/Users/hanna/Documents/SCHOOL_FILES/Spring 2025/Bachelor/Unreal_Engine_Backups/May 08/Witch_Game/Content/3D_Assets/DimensionHome/Materials/Textures/SM_Twig_M_Twig_OcclusionRoughnessMetallic.uasset" 2035
"C:/Users/hanna/Documents/SCHOOL_FILES/Spring 2025/Bachelor/Unreal_Engine_Backups/May 08/Witch_Game/Content/3D_Assets/DimensionHome/Materials/Textures/SM_Twig_M_Twig_OcclusionRoughnessMetallic.uexp" 2036
"C:/Users/hanna/Documents/SCHOOL_FILES/Spring 2025/Bachelor/Unreal_Engine_Backups/May 08/Witch_Game/Content/3D_Assets/DimensionHome/Materials/Textures/SM_Twig_M_Twig_Normal.ubulk" 2037
"C:/Users/hanna/Documents/SCHOOL_FILES/Spring 2025/Bachelor/Unreal_Engine_Backups/May 08/Witch_Game/Content/3D_Assets/DimensionHome/Materials/Textures/SM_Twig_M_Twig_Normal.uasset" 2038
"C:/Users/hanna/Documents/SCHOOL_FILES/Spring 2025/Bachelor/Unreal_Engine_Backups/May 08/Witch_Game/Content/3D_Assets/DimensionHome/Materials/Textures/SM_Twig_M_Twig_Normal.uexp" 2039
"C:/Users/hanna/Documents/SCHOOL_FILES/Spring 2025/Bachelor/Unreal_Engine_Backups/May 08/Witch_Game/Content/3D_Assets/DimensionHome/Materials/M_Twig.uasset" 2040
"C:/Users/hanna/Documents/SCHOOL_FILES/Spring 2025/Bachelor/Unreal_Engine_Backups/May 08/Witch_Game/Content/3D_Assets/DimensionHome/Materials/M_Twig.uexp" 2041
"C:/Users/hanna/Documents/SCHOOL_FILES/Spring 2025/Bachelor/Unreal_Engine_Backups/May 08/Witch_Game/Content/3D_Assets/DimensionHome/SM_Herb.ubulk" 2042
"C:/Users/hanna/Documents/SCHOOL_FILES/Spring 2025/Bachelor/Unreal_Engine_Backups/May 08/Witch_Game/Content/3D_Assets/DimensionHome/SM_Herb.uasset" 2043
"C:/Users/hanna/Documents/SCHOOL_FILES/Spring 2025/Bachelor/Unreal_Engine_Backups/May 08/Witch_Game/Content/3D_Assets/DimensionHome/SM_Herb.uexp" 2044
"C:/Users/hanna/Documents/SCHOOL_FILES/Spring 2025/Bachelor/Unreal_Engine_Backups/May 08/Witch_Game/Content/3D_Assets/DimensionHome/SM_Plate.ubulk" 2045
"C:/Users/hanna/Documents/SCHOOL_FILES/Spring 2025/Bachelor/Unreal_Engine_Backups/May 08/Witch_Game/Content/3D_Assets/DimensionHome/SM_Plate.uasset" 2046
"C:/Users/hanna/Documents/SCHOOL_FILES/Spring 2025/Bachelor/Unreal_Engine_Backups/May 08/Witch_Game/Content/3D_Assets/DimensionHome/SM_Plate.uexp" 2047
"C:/Users/hanna/Documents/SCHOOL_FILES/Spring 2025/Bachelor/Unreal_Engine_Backups/May 08/Witch_Game/Content/3D_Assets/DimensionHome/SM_BookSmall01.ubulk" 2048
"C:/Users/hanna/Documents/SCHOOL_FILES/Spring 2025/Bachelor/Unreal_Engine_Backups/May 08/Witch_Game/Content/3D_Assets/DimensionHome/SM_BookSmall01.uasset" 2049
"C:/Users/hanna/Documents/SCHOOL_FILES/Spring 2025/Bachelor/Unreal_Engine_Backups/May 08/Witch_Game/Content/3D_Assets/DimensionHome/SM_BookSmall01.uexp" 2050
"C:/Users/hanna/Documents/SCHOOL_FILES/Spring 2025/Bachelor/Unreal_Engine_Backups/May 08/Witch_Game/Content/3D_Assets/DimensionHome/Materials/M_MasterbedMatress.uasset" 2051
"C:/Users/hanna/Documents/SCHOOL_FILES/Spring 2025/Bachelor/Unreal_Engine_Backups/May 08/Witch_Game/Content/3D_Assets/DimensionHome/Materials/M_MasterbedMatress.uexp" 2052
"C:/Users/hanna/Documents/SCHOOL_FILES/Spring 2025/Bachelor/Unreal_Engine_Backups/May 08/Witch_Game/Content/3D_Assets/DimensionHome/Materials/Textures/SM_MasterBed_M_MasterBedCurtain_Normal.ubulk" 2053
"C:/Users/hanna/Documents/SCHOOL_FILES/Spring 2025/Bachelor/Unreal_Engine_Backups/May 08/Witch_Game/Content/3D_Assets/DimensionHome/Materials/Textures/SM_MasterBed_M_MasterBedCurtain_Normal.uasset" 2054
"C:/Users/hanna/Documents/SCHOOL_FILES/Spring 2025/Bachelor/Unreal_Engine_Backups/May 08/Witch_Game/Content/3D_Assets/DimensionHome/Materials/Textures/SM_MasterBed_M_MasterBedCurtain_Normal.uexp" 2055
"C:/Users/hanna/Documents/SCHOOL_FILES/Spring 2025/Bachelor/Unreal_Engine_Backups/May 08/Witch_Game/Content/3D_Assets/DimensionHome/Materials/Textures/SM_MasterBed_M_MasterBedCurtain_OcclusionRoughnessMetallic.ubulk" 2056
"C:/Users/hanna/Documents/SCHOOL_FILES/Spring 2025/Bachelor/Unreal_Engine_Backups/May 08/Witch_Game/Content/3D_Assets/DimensionHome/Materials/Textures/SM_MasterBed_M_MasterBedCurtain_OcclusionRoughnessMetallic.uasset" 2057
"C:/Users/hanna/Documents/SCHOOL_FILES/Spring 2025/Bachelor/Unreal_Engine_Backups/May 08/Witch_Game/Content/3D_Assets/DimensionHome/Materials/Textures/SM_MasterBed_M_MasterBedCurtain_OcclusionRoughnessMetallic.uexp" 2058
"C:/Users/hanna/Documents/SCHOOL_FILES/Spring 2025/Bachelor/Unreal_Engine_Backups/May 08/Witch_Game/Content/3D_Assets/DimensionHome/Materials/Textures/SM_MasterBed_M_MasterBedCurtain_BaseColor.ubulk" 2059
"C:/Users/hanna/Documents/SCHOOL_FILES/Spring 2025/Bachelor/Unreal_Engine_Backups/May 08/Witch_Game/Content/3D_Assets/DimensionHome/Materials/Textures/SM_MasterBed_M_MasterBedCurtain_BaseColor.uasset" 2060
"C:/Users/hanna/Documents/SCHOOL_FILES/Spring 2025/Bachelor/Unreal_Engine_Backups/May 08/Witch_Game/Content/3D_Assets/DimensionHome/Materials/Textures/SM_MasterBed_M_MasterBedCurtain_BaseColor.uexp" 2061
"C:/Users/hanna/Documents/SCHOOL_FILES/Spring 2025/Bachelor/Unreal_Engine_Backups/May 08/Witch_Game/Content/3D_Assets/DimensionHome/Materials/M_MasterBedCurtain.uasset" 2062
"C:/Users/hanna/Documents/SCHOOL_FILES/Spring 2025/Bachelor/Unreal_Engine_Backups/May 08/Witch_Game/Content/3D_Assets/DimensionHome/Materials/M_MasterBedCurtain.uexp" 2063
"C:/Users/hanna/Documents/SCHOOL_FILES/Spring 2025/Bachelor/Unreal_Engine_Backups/May 08/Witch_Game/Content/3D_Assets/DimensionHome/Materials/Textures/SM_MasterBed_M_MasterBedRope_Normal.ubulk" 2064
"C:/Users/hanna/Documents/SCHOOL_FILES/Spring 2025/Bachelor/Unreal_Engine_Backups/May 08/Witch_Game/Content/3D_Assets/DimensionHome/Materials/Textures/SM_MasterBed_M_MasterBedRope_Normal.uasset" 2065
"C:/Users/hanna/Documents/SCHOOL_FILES/Spring 2025/Bachelor/Unreal_Engine_Backups/May 08/Witch_Game/Content/3D_Assets/DimensionHome/Materials/Textures/SM_MasterBed_M_MasterBedRope_Normal.uexp" 2066
"C:/Users/hanna/Documents/SCHOOL_FILES/Spring 2025/Bachelor/Unreal_Engine_Backups/May 08/Witch_Game/Content/3D_Assets/DimensionHome/Materials/Textures/SM_MasterBed_M_MasterBedRope_OcclusionRoughnessMetallic.ubulk" 2067
"C:/Users/hanna/Documents/SCHOOL_FILES/Spring 2025/Bachelor/Unreal_Engine_Backups/May 08/Witch_Game/Content/3D_Assets/DimensionHome/Materials/Textures/SM_MasterBed_M_MasterBedRope_OcclusionRoughnessMetallic.uasset" 2068
"C:/Users/hanna/Documents/SCHOOL_FILES/Spring 2025/Bachelor/Unreal_Engine_Backups/May 08/Witch_Game/Content/3D_Assets/DimensionHome/Materials/Textures/SM_MasterBed_M_MasterBedRope_OcclusionRoughnessMetallic.uexp" 2069
"C:/Users/hanna/Documents/SCHOOL_FILES/Spring 2025/Bachelor/Unreal_Engine_Backups/May 08/Witch_Game/Content/3D_Assets/DimensionHome/Materials/Textures/SM_MasterBed_M_MasterBedRope_BaseColor.ubulk" 2070
"C:/Users/hanna/Documents/SCHOOL_FILES/Spring 2025/Bachelor/Unreal_Engine_Backups/May 08/Witch_Game/Content/3D_Assets/DimensionHome/Materials/Textures/SM_MasterBed_M_MasterBedRope_BaseColor.uasset" 2071
"C:/Users/hanna/Documents/SCHOOL_FILES/Spring 2025/Bachelor/Unreal_Engine_Backups/May 08/Witch_Game/Content/3D_Assets/DimensionHome/Materials/Textures/SM_MasterBed_M_MasterBedRope_BaseColor.uexp" 2072
"C:/Users/hanna/Documents/SCHOOL_FILES/Spring 2025/Bachelor/Unreal_Engine_Backups/May 08/Witch_Game/Content/3D_Assets/DimensionHome/Materials/M_MasterBedRope.uasset" 2073
"C:/Users/hanna/Documents/SCHOOL_FILES/Spring 2025/Bachelor/Unreal_Engine_Backups/May 08/Witch_Game/Content/3D_Assets/DimensionHome/Materials/M_MasterBedRope.uexp" 2074
"C:/Users/hanna/Documents/SCHOOL_FILES/Spring 2025/Bachelor/Unreal_Engine_Backups/May 08/Witch_Game/Content/3D_Assets/DimensionHome/Materials/Textures/SM_MasterBed_M_MasterBed_OcclusionRoughnessMetallic.ubulk" 2075
"C:/Users/hanna/Documents/SCHOOL_FILES/Spring 2025/Bachelor/Unreal_Engine_Backups/May 08/Witch_Game/Content/3D_Assets/DimensionHome/Materials/Textures/SM_MasterBed_M_MasterBed_OcclusionRoughnessMetallic.uasset" 2076
"C:/Users/hanna/Documents/SCHOOL_FILES/Spring 2025/Bachelor/Unreal_Engine_Backups/May 08/Witch_Game/Content/3D_Assets/DimensionHome/Materials/Textures/SM_MasterBed_M_MasterBed_OcclusionRoughnessMetallic.uexp" 2077
"C:/Users/hanna/Documents/SCHOOL_FILES/Spring 2025/Bachelor/Unreal_Engine_Backups/May 08/Witch_Game/Content/3D_Assets/DimensionHome/Materials/Textures/SM_MasterBed_M_MasterBed_Normal.ubulk" 2078
"C:/Users/hanna/Documents/SCHOOL_FILES/Spring 2025/Bachelor/Unreal_Engine_Backups/May 08/Witch_Game/Content/3D_Assets/DimensionHome/Materials/Textures/SM_MasterBed_M_MasterBed_Normal.uasset" 2079
"C:/Users/hanna/Documents/SCHOOL_FILES/Spring 2025/Bachelor/Unreal_Engine_Backups/May 08/Witch_Game/Content/3D_Assets/DimensionHome/Materials/Textures/SM_MasterBed_M_MasterBed_Normal.uexp" 2080
"C:/Users/hanna/Documents/SCHOOL_FILES/Spring 2025/Bachelor/Unreal_Engine_Backups/May 08/Witch_Game/Content/3D_Assets/DimensionHome/Materials/Textures/SM_MasterBed_M_MasterBed_BaseColor.ubulk" 2081
"C:/Users/hanna/Documents/SCHOOL_FILES/Spring 2025/Bachelor/Unreal_Engine_Backups/May 08/Witch_Game/Content/3D_Assets/DimensionHome/Materials/Textures/SM_MasterBed_M_MasterBed_BaseColor.uasset" 2082
"C:/Users/hanna/Documents/SCHOOL_FILES/Spring 2025/Bachelor/Unreal_Engine_Backups/May 08/Witch_Game/Content/3D_Assets/DimensionHome/Materials/Textures/SM_MasterBed_M_MasterBed_BaseColor.uexp" 2083
"C:/Users/hanna/Documents/SCHOOL_FILES/Spring 2025/Bachelor/Unreal_Engine_Backups/May 08/Witch_Game/Content/3D_Assets/DimensionHome/Materials/M_MasterBed.uasset" 2084
"C:/Users/hanna/Documents/SCHOOL_FILES/Spring 2025/Bachelor/Unreal_Engine_Backups/May 08/Witch_Game/Content/3D_Assets/DimensionHome/Materials/M_MasterBed.uexp" 2085
"C:/Users/hanna/Documents/SCHOOL_FILES/Spring 2025/Bachelor/Unreal_Engine_Backups/May 08/Witch_Game/Content/3D_Assets/DimensionHome/SM_MasterBed.ubulk" 2086
"C:/Users/hanna/Documents/SCHOOL_FILES/Spring 2025/Bachelor/Unreal_Engine_Backups/May 08/Witch_Game/Content/3D_Assets/DimensionHome/SM_MasterBed.uasset" 2087
"C:/Users/hanna/Documents/SCHOOL_FILES/Spring 2025/Bachelor/Unreal_Engine_Backups/May 08/Witch_Game/Content/3D_Assets/DimensionHome/SM_MasterBed.uexp" 2088
"C:/Users/hanna/Documents/SCHOOL_FILES/Spring 2025/Bachelor/Unreal_Engine_Backups/May 08/Witch_Game/Content/Audio/SE_Rain.ubulk" 2089
"C:/Users/hanna/Documents/SCHOOL_FILES/Spring 2025/Bachelor/Unreal_Engine_Backups/May 08/Witch_Game/Content/Audio/SE_Rain.uasset" 2090
"C:/Users/hanna/Documents/SCHOOL_FILES/Spring 2025/Bachelor/Unreal_Engine_Backups/May 08/Witch_Game/Content/Audio/SE_Rain.uexp" 2091
"C:/Users/hanna/Documents/SCHOOL_FILES/Spring 2025/Bachelor/Unreal_Engine_Backups/May 08/Witch_Game/Content/Audio/SE_Rain_Cue.uasset" 2092
"C:/Users/hanna/Documents/SCHOOL_FILES/Spring 2025/Bachelor/Unreal_Engine_Backups/May 08/Witch_Game/Content/Audio/SE_Rain_Cue.uexp" 2093
"C:/Users/hanna/Documents/SCHOOL_FILES/Spring 2025/Bachelor/Unreal_Engine_Backups/May 08/Witch_Game/Content/3D_Assets/DimensionHome/SM_FishingCrook.ubulk" 2094
"C:/Users/hanna/Documents/SCHOOL_FILES/Spring 2025/Bachelor/Unreal_Engine_Backups/May 08/Witch_Game/Content/3D_Assets/DimensionHome/SM_FishingCrook.uasset" 2095
"C:/Users/hanna/Documents/SCHOOL_FILES/Spring 2025/Bachelor/Unreal_Engine_Backups/May 08/Witch_Game/Content/3D_Assets/DimensionHome/SM_FishingCrook.uexp" 2096
"C:/Users/hanna/Documents/SCHOOL_FILES/Spring 2025/Bachelor/Unreal_Engine_Backups/May 08/Witch_Game/Content/VFX/P_Rain.uasset" 2097
"C:/Users/hanna/Documents/SCHOOL_FILES/Spring 2025/Bachelor/Unreal_Engine_Backups/May 08/Witch_Game/Content/VFX/P_Rain.uexp" 2098
"C:/Users/hanna/Documents/SCHOOL_FILES/Spring 2025/Bachelor/Unreal_Engine_Backups/May 08/Witch_Game/Content/3D_Assets/DimensionHome/Materials/Textures/SM_ShortShelf_M_ShortShelf_OcclusionRoughnessMetallic.ubulk" 2099
"C:/Users/hanna/Documents/SCHOOL_FILES/Spring 2025/Bachelor/Unreal_Engine_Backups/May 08/Witch_Game/Content/3D_Assets/DimensionHome/Materials/Textures/SM_ShortShelf_M_ShortShelf_OcclusionRoughnessMetallic.uasset" 2100
"C:/Users/hanna/Documents/SCHOOL_FILES/Spring 2025/Bachelor/Unreal_Engine_Backups/May 08/Witch_Game/Content/3D_Assets/DimensionHome/Materials/Textures/SM_ShortShelf_M_ShortShelf_OcclusionRoughnessMetallic.uexp" 2101
"C:/Users/hanna/Documents/SCHOOL_FILES/Spring 2025/Bachelor/Unreal_Engine_Backups/May 08/Witch_Game/Content/3D_Assets/DimensionHome/Materials/Textures/SM_ShortShelf_M_ShortShelf_Normal.ubulk" 2102
"C:/Users/hanna/Documents/SCHOOL_FILES/Spring 2025/Bachelor/Unreal_Engine_Backups/May 08/Witch_Game/Content/3D_Assets/DimensionHome/Materials/Textures/SM_ShortShelf_M_ShortShelf_Normal.uasset" 2103
"C:/Users/hanna/Documents/SCHOOL_FILES/Spring 2025/Bachelor/Unreal_Engine_Backups/May 08/Witch_Game/Content/3D_Assets/DimensionHome/Materials/Textures/SM_ShortShelf_M_ShortShelf_Normal.uexp" 2104
"C:/Users/hanna/Documents/SCHOOL_FILES/Spring 2025/Bachelor/Unreal_Engine_Backups/May 08/Witch_Game/Content/3D_Assets/DimensionHome/Materials/Textures/SM_ShortShelf_M_ShortShelf_BaseColor.ubulk" 2105
"C:/Users/hanna/Documents/SCHOOL_FILES/Spring 2025/Bachelor/Unreal_Engine_Backups/May 08/Witch_Game/Content/3D_Assets/DimensionHome/Materials/Textures/SM_ShortShelf_M_ShortShelf_BaseColor.uasset" 2106
"C:/Users/hanna/Documents/SCHOOL_FILES/Spring 2025/Bachelor/Unreal_Engine_Backups/May 08/Witch_Game/Content/3D_Assets/DimensionHome/Materials/Textures/SM_ShortShelf_M_ShortShelf_BaseColor.uexp" 2107
"C:/Users/hanna/Documents/SCHOOL_FILES/Spring 2025/Bachelor/Unreal_Engine_Backups/May 08/Witch_Game/Content/3D_Assets/DimensionHome/Materials/M_ShortShelf.uasset" 2108
"C:/Users/hanna/Documents/SCHOOL_FILES/Spring 2025/Bachelor/Unreal_Engine_Backups/May 08/Witch_Game/Content/3D_Assets/DimensionHome/Materials/M_ShortShelf.uexp" 2109
"C:/Users/hanna/Documents/SCHOOL_FILES/Spring 2025/Bachelor/Unreal_Engine_Backups/May 08/Witch_Game/Content/3D_Assets/DimensionHome/SM_ShortShelf.ubulk" 2110
"C:/Users/hanna/Documents/SCHOOL_FILES/Spring 2025/Bachelor/Unreal_Engine_Backups/May 08/Witch_Game/Content/3D_Assets/DimensionHome/SM_ShortShelf.uasset" 2111
"C:/Users/hanna/Documents/SCHOOL_FILES/Spring 2025/Bachelor/Unreal_Engine_Backups/May 08/Witch_Game/Content/3D_Assets/DimensionHome/SM_ShortShelf.uexp" 2112
"C:/Users/hanna/Documents/SCHOOL_FILES/Spring 2025/Bachelor/Unreal_Engine_Backups/May 08/Witch_Game/Content/3D_Assets/DimensionHome/SM_ShoesSuzanna.ubulk" 2113
"C:/Users/hanna/Documents/SCHOOL_FILES/Spring 2025/Bachelor/Unreal_Engine_Backups/May 08/Witch_Game/Content/3D_Assets/DimensionHome/SM_ShoesSuzanna.uasset" 2114
"C:/Users/hanna/Documents/SCHOOL_FILES/Spring 2025/Bachelor/Unreal_Engine_Backups/May 08/Witch_Game/Content/3D_Assets/DimensionHome/SM_ShoesSuzanna.uexp" 2115
"C:/Users/hanna/Documents/SCHOOL_FILES/Spring 2025/Bachelor/Unreal_Engine_Backups/May 08/Witch_Game/Content/3D_Assets/DimensionHome/SM_ShoesAnne.ubulk" 2116
"C:/Users/hanna/Documents/SCHOOL_FILES/Spring 2025/Bachelor/Unreal_Engine_Backups/May 08/Witch_Game/Content/3D_Assets/DimensionHome/SM_ShoesAnne.uasset" 2117
"C:/Users/hanna/Documents/SCHOOL_FILES/Spring 2025/Bachelor/Unreal_Engine_Backups/May 08/Witch_Game/Content/3D_Assets/DimensionHome/SM_ShoesAnne.uexp" 2118
"C:/Users/hanna/Documents/SCHOOL_FILES/Spring 2025/Bachelor/Unreal_Engine_Backups/May 08/Witch_Game/Content/Interactable_Objects/BP_Interact_Shoes.uasset" 2119
"C:/Users/hanna/Documents/SCHOOL_FILES/Spring 2025/Bachelor/Unreal_Engine_Backups/May 08/Witch_Game/Content/Interactable_Objects/BP_Interact_Shoes.uexp" 2120
"C:/Users/hanna/Documents/SCHOOL_FILES/Spring 2025/Bachelor/Unreal_Engine_Backups/May 08/Witch_Game/Content/Levels/Level_HomeDimension_BuiltData.uasset" 2121
"C:/Users/hanna/Documents/SCHOOL_FILES/Spring 2025/Bachelor/Unreal_Engine_Backups/May 08/Witch_Game/Content/Levels/Level_HomeDimension_BuiltData.uexp" 2122
"C:/Users/hanna/Documents/SCHOOL_FILES/Spring 2025/Bachelor/Unreal_Engine_Backups/May 08/Witch_Game/Content/Audio/SE_Breakfast.ubulk" 2123
"C:/Users/hanna/Documents/SCHOOL_FILES/Spring 2025/Bachelor/Unreal_Engine_Backups/May 08/Witch_Game/Content/Audio/SE_Breakfast.uasset" 2124
"C:/Users/hanna/Documents/SCHOOL_FILES/Spring 2025/Bachelor/Unreal_Engine_Backups/May 08/Witch_Game/Content/Audio/SE_Breakfast.uexp" 2125
"C:/Users/hanna/Documents/SCHOOL_FILES/Spring 2025/Bachelor/Unreal_Engine_Backups/May 08/Witch_Game/Content/VFX/M_FireFlickering.uasset" 2126
"C:/Users/hanna/Documents/SCHOOL_FILES/Spring 2025/Bachelor/Unreal_Engine_Backups/May 08/Witch_Game/Content/VFX/M_FireFlickering.uexp" 2127
"../../../Engine/Plugins/FX/NiagaraFluids/Content/Enums/ENiagaraFluidAttributeListReduced.uasset" 2128
"../../../Engine/Plugins/FX/NiagaraFluids/Content/Enums/ENiagaraFluidAttributeListReduced.uexp" 2129
"../../../Engine/Plugins/FX/NiagaraFluids/Content/Enums/ENiagaraCompositingMethod.uasset" 2130
"../../../Engine/Plugins/FX/NiagaraFluids/Content/Enums/ENiagaraCompositingMethod.uexp" 2131
"../../../Engine/Content/EngineMeshes/s_cube_1cm_flippednormals.ubulk" 2132
"../../../Engine/Content/EngineMeshes/s_cube_1cm_flippednormals.uasset" 2133
"../../../Engine/Content/EngineMeshes/s_cube_1cm_flippednormals.uexp" 2134
"../../../Engine/Plugins/FX/NiagaraFluids/Content/Enums/ENiagaraDebugVectorAttributeList.uasset" 2135
"../../../Engine/Plugins/FX/NiagaraFluids/Content/Enums/ENiagaraDebugVectorAttributeList.uexp" 2136
"../../../Engine/Plugins/FX/NiagaraFluids/Content/Enums/ENiagaraInterpolationMethod.uasset" 2137
"../../../Engine/Plugins/FX/NiagaraFluids/Content/Enums/ENiagaraInterpolationMethod.uexp" 2138
"../../../Engine/Plugins/FX/NiagaraFluids/Content/Materials/Grid3D/M_DebugVolumeSlice.uasset" 2139
"../../../Engine/Plugins/FX/NiagaraFluids/Content/Materials/Grid3D/M_DebugVolumeSlice.uexp" 2140
"../../../Engine/Plugins/FX/NiagaraFluids/Content/Materials/Grid3D/Instances/MI_DebugVolumeSlice.uasset" 2141
"../../../Engine/Plugins/FX/NiagaraFluids/Content/Materials/Grid3D/Instances/MI_DebugVolumeSlice.uexp" 2142
"../../../Engine/Plugins/FX/NiagaraFluids/Content/Enums/ENiagaraGasDensityRenderTypes.uasset" 2143
"../../../Engine/Plugins/FX/NiagaraFluids/Content/Enums/ENiagaraGasDensityRenderTypes.uexp" 2144
"../../../Engine/Plugins/FX/NiagaraFluids/Content/NDC_Grid3D_Gas.uasset" 2145
"../../../Engine/Plugins/FX/NiagaraFluids/Content/NDC_Grid3D_Gas.uexp" 2146
"../../../Engine/Plugins/FX/NiagaraFluids/Content/Enums/ENiagaraDebugSliceAttributeList.uasset" 2147
"../../../Engine/Plugins/FX/NiagaraFluids/Content/Enums/ENiagaraDebugSliceAttributeList.uexp" 2148
"../../../Engine/Plugins/FX/NiagaraFluids/Content/Enums/ENiagaraScalabilityQualityLevels.uasset" 2149
"../../../Engine/Plugins/FX/NiagaraFluids/Content/Enums/ENiagaraScalabilityQualityLevels.uexp" 2150
"../../../Engine/Plugins/FX/NiagaraFluids/Content/Enums/ENiagaraGasTemperatureOpacityRenderTypes.uasset" 2151
"../../../Engine/Plugins/FX/NiagaraFluids/Content/Enums/ENiagaraGasTemperatureOpacityRenderTypes.uexp" 2152
"../../../Engine/Plugins/FX/NiagaraFluids/Content/Enums/ENiagaraParticleSourceAttributeList.uasset" 2153
"../../../Engine/Plugins/FX/NiagaraFluids/Content/Enums/ENiagaraParticleSourceAttributeList.uexp" 2154
"../../../Engine/Plugins/FX/NiagaraFluids/Content/Enums/ENiagaraGasTemperatureRenderTypes.uasset" 2155
"../../../Engine/Plugins/FX/NiagaraFluids/Content/Enums/ENiagaraGasTemperatureRenderTypes.uexp" 2156
"../../../Engine/Content/EngineResources/DefaultVolumeTexture2D.uasset" 2157
"../../../Engine/Content/EngineResources/DefaultVolumeTexture2D.uexp" 2158
"../../../Engine/Content/EngineResources/DefaultVolumeTexture.uasset" 2159
"../../../Engine/Content/EngineResources/DefaultVolumeTexture.uexp" 2160
"../../../Engine/Plugins/FX/NiagaraFluids/Content/Materials/Grid3D/M_3DGas_Base.uasset" 2161
"../../../Engine/Plugins/FX/NiagaraFluids/Content/Materials/Grid3D/M_3DGas_Base.uexp" 2162
"../../../Engine/Plugins/FX/NiagaraFluids/Content/Materials/Grid3D/Instances/MI_3DGas_Base.uasset" 2163
"../../../Engine/Plugins/FX/NiagaraFluids/Content/Materials/Grid3D/Instances/MI_3DGas_Base.uexp" 2164
"C:/Users/hanna/Documents/SCHOOL_FILES/Spring 2025/Bachelor/Unreal_Engine_Backups/May 08/Witch_Game/Content/VFX/P_Fire.uasset" 2165
"C:/Users/hanna/Documents/SCHOOL_FILES/Spring 2025/Bachelor/Unreal_Engine_Backups/May 08/Witch_Game/Content/VFX/P_Fire.uexp" 2166
"C:/Users/hanna/Documents/SCHOOL_FILES/Spring 2025/Bachelor/Unreal_Engine_Backups/May 08/Witch_Game/Content/3D_Assets/DimensionHome/Materials/Textures/SM_Fireplace_M_FireplaceWood_OcclusionRoughnessMetallic.ubulk" 2167
"C:/Users/hanna/Documents/SCHOOL_FILES/Spring 2025/Bachelor/Unreal_Engine_Backups/May 08/Witch_Game/Content/3D_Assets/DimensionHome/Materials/Textures/SM_Fireplace_M_FireplaceWood_OcclusionRoughnessMetallic.uasset" 2168
"C:/Users/hanna/Documents/SCHOOL_FILES/Spring 2025/Bachelor/Unreal_Engine_Backups/May 08/Witch_Game/Content/3D_Assets/DimensionHome/Materials/Textures/SM_Fireplace_M_FireplaceWood_OcclusionRoughnessMetallic.uexp" 2169
"C:/Users/hanna/Documents/SCHOOL_FILES/Spring 2025/Bachelor/Unreal_Engine_Backups/May 08/Witch_Game/Content/3D_Assets/DimensionHome/Materials/Textures/SM_Fireplace_M_FireplaceWood_Normal.ubulk" 2170
"C:/Users/hanna/Documents/SCHOOL_FILES/Spring 2025/Bachelor/Unreal_Engine_Backups/May 08/Witch_Game/Content/3D_Assets/DimensionHome/Materials/Textures/SM_Fireplace_M_FireplaceWood_Normal.uasset" 2171
"C:/Users/hanna/Documents/SCHOOL_FILES/Spring 2025/Bachelor/Unreal_Engine_Backups/May 08/Witch_Game/Content/3D_Assets/DimensionHome/Materials/Textures/SM_Fireplace_M_FireplaceWood_Normal.uexp" 2172
"C:/Users/hanna/Documents/SCHOOL_FILES/Spring 2025/Bachelor/Unreal_Engine_Backups/May 08/Witch_Game/Content/3D_Assets/DimensionHome/Materials/Textures/SM_Fireplace_M_FireplaceWood_BaseColor.ubulk" 2173
"C:/Users/hanna/Documents/SCHOOL_FILES/Spring 2025/Bachelor/Unreal_Engine_Backups/May 08/Witch_Game/Content/3D_Assets/DimensionHome/Materials/Textures/SM_Fireplace_M_FireplaceWood_BaseColor.uasset" 2174
"C:/Users/hanna/Documents/SCHOOL_FILES/Spring 2025/Bachelor/Unreal_Engine_Backups/May 08/Witch_Game/Content/3D_Assets/DimensionHome/Materials/Textures/SM_Fireplace_M_FireplaceWood_BaseColor.uexp" 2175
"C:/Users/hanna/Documents/SCHOOL_FILES/Spring 2025/Bachelor/Unreal_Engine_Backups/May 08/Witch_Game/Content/3D_Assets/DimensionHome/Materials/M_FireplaceWood.uasset" 2176
"C:/Users/hanna/Documents/SCHOOL_FILES/Spring 2025/Bachelor/Unreal_Engine_Backups/May 08/Witch_Game/Content/3D_Assets/DimensionHome/Materials/M_FireplaceWood.uexp" 2177
"C:/Users/hanna/Documents/SCHOOL_FILES/Spring 2025/Bachelor/Unreal_Engine_Backups/May 08/Witch_Game/Content/3D_Assets/DimensionHome/Materials/Textures/SM_Fireplace_M_MetalRod_BaseColor.ubulk" 2178
"C:/Users/hanna/Documents/SCHOOL_FILES/Spring 2025/Bachelor/Unreal_Engine_Backups/May 08/Witch_Game/Content/3D_Assets/DimensionHome/Materials/Textures/SM_Fireplace_M_MetalRod_BaseColor.uasset" 2179
"C:/Users/hanna/Documents/SCHOOL_FILES/Spring 2025/Bachelor/Unreal_Engine_Backups/May 08/Witch_Game/Content/3D_Assets/DimensionHome/Materials/Textures/SM_Fireplace_M_MetalRod_BaseColor.uexp" 2180
"C:/Users/hanna/Documents/SCHOOL_FILES/Spring 2025/Bachelor/Unreal_Engine_Backups/May 08/Witch_Game/Content/3D_Assets/DimensionHome/Materials/Textures/SM_Fireplace_M_MetalRod_OcclusionRoughnessMetallic.ubulk" 2181
"C:/Users/hanna/Documents/SCHOOL_FILES/Spring 2025/Bachelor/Unreal_Engine_Backups/May 08/Witch_Game/Content/3D_Assets/DimensionHome/Materials/Textures/SM_Fireplace_M_MetalRod_OcclusionRoughnessMetallic.uasset" 2182
"C:/Users/hanna/Documents/SCHOOL_FILES/Spring 2025/Bachelor/Unreal_Engine_Backups/May 08/Witch_Game/Content/3D_Assets/DimensionHome/Materials/Textures/SM_Fireplace_M_MetalRod_OcclusionRoughnessMetallic.uexp" 2183
"C:/Users/hanna/Documents/SCHOOL_FILES/Spring 2025/Bachelor/Unreal_Engine_Backups/May 08/Witch_Game/Content/3D_Assets/DimensionHome/Materials/Textures/SM_Fireplace_M_MetalRod_Normal.ubulk" 2184
"C:/Users/hanna/Documents/SCHOOL_FILES/Spring 2025/Bachelor/Unreal_Engine_Backups/May 08/Witch_Game/Content/3D_Assets/DimensionHome/Materials/Textures/SM_Fireplace_M_MetalRod_Normal.uasset" 2185
"C:/Users/hanna/Documents/SCHOOL_FILES/Spring 2025/Bachelor/Unreal_Engine_Backups/May 08/Witch_Game/Content/3D_Assets/DimensionHome/Materials/Textures/SM_Fireplace_M_MetalRod_Normal.uexp" 2186
"C:/Users/hanna/Documents/SCHOOL_FILES/Spring 2025/Bachelor/Unreal_Engine_Backups/May 08/Witch_Game/Content/3D_Assets/DimensionHome/Materials/M_MetalRod.uasset" 2187
"C:/Users/hanna/Documents/SCHOOL_FILES/Spring 2025/Bachelor/Unreal_Engine_Backups/May 08/Witch_Game/Content/3D_Assets/DimensionHome/Materials/M_MetalRod.uexp" 2188
"C:/Users/hanna/Documents/SCHOOL_FILES/Spring 2025/Bachelor/Unreal_Engine_Backups/May 08/Witch_Game/Content/3D_Assets/DimensionHome/Materials/Textures/SM_Fireplace_M_FireplaceStone_OcclusionRoughnessMetallic.ubulk" 2189
"C:/Users/hanna/Documents/SCHOOL_FILES/Spring 2025/Bachelor/Unreal_Engine_Backups/May 08/Witch_Game/Content/3D_Assets/DimensionHome/Materials/Textures/SM_Fireplace_M_FireplaceStone_OcclusionRoughnessMetallic.uasset" 2190
"C:/Users/hanna/Documents/SCHOOL_FILES/Spring 2025/Bachelor/Unreal_Engine_Backups/May 08/Witch_Game/Content/3D_Assets/DimensionHome/Materials/Textures/SM_Fireplace_M_FireplaceStone_OcclusionRoughnessMetallic.uexp" 2191
"C:/Users/hanna/Documents/SCHOOL_FILES/Spring 2025/Bachelor/Unreal_Engine_Backups/May 08/Witch_Game/Content/3D_Assets/DimensionHome/Materials/Textures/SM_Fireplace_M_FireplaceStone_Normal.ubulk" 2192
"C:/Users/hanna/Documents/SCHOOL_FILES/Spring 2025/Bachelor/Unreal_Engine_Backups/May 08/Witch_Game/Content/3D_Assets/DimensionHome/Materials/Textures/SM_Fireplace_M_FireplaceStone_Normal.uasset" 2193
"C:/Users/hanna/Documents/SCHOOL_FILES/Spring 2025/Bachelor/Unreal_Engine_Backups/May 08/Witch_Game/Content/3D_Assets/DimensionHome/Materials/Textures/SM_Fireplace_M_FireplaceStone_Normal.uexp" 2194
"C:/Users/hanna/Documents/SCHOOL_FILES/Spring 2025/Bachelor/Unreal_Engine_Backups/May 08/Witch_Game/Content/3D_Assets/DimensionHome/Materials/Textures/SM_Fireplace_M_FireplaceStone_BaseColor.ubulk" 2195
"C:/Users/hanna/Documents/SCHOOL_FILES/Spring 2025/Bachelor/Unreal_Engine_Backups/May 08/Witch_Game/Content/3D_Assets/DimensionHome/Materials/Textures/SM_Fireplace_M_FireplaceStone_BaseColor.uasset" 2196
"C:/Users/hanna/Documents/SCHOOL_FILES/Spring 2025/Bachelor/Unreal_Engine_Backups/May 08/Witch_Game/Content/3D_Assets/DimensionHome/Materials/Textures/SM_Fireplace_M_FireplaceStone_BaseColor.uexp" 2197
"C:/Users/hanna/Documents/SCHOOL_FILES/Spring 2025/Bachelor/Unreal_Engine_Backups/May 08/Witch_Game/Content/3D_Assets/DimensionHome/Materials/M_FireplaceStone.uasset" 2198
"C:/Users/hanna/Documents/SCHOOL_FILES/Spring 2025/Bachelor/Unreal_Engine_Backups/May 08/Witch_Game/Content/3D_Assets/DimensionHome/Materials/M_FireplaceStone.uexp" 2199
"C:/Users/hanna/Documents/SCHOOL_FILES/Spring 2025/Bachelor/Unreal_Engine_Backups/May 08/Witch_Game/Content/3D_Assets/DimensionHome/Materials/Textures/SM_Fireplace_M_Wood_Normal.ubulk" 2200
"C:/Users/hanna/Documents/SCHOOL_FILES/Spring 2025/Bachelor/Unreal_Engine_Backups/May 08/Witch_Game/Content/3D_Assets/DimensionHome/Materials/Textures/SM_Fireplace_M_Wood_Normal.uasset" 2201
"C:/Users/hanna/Documents/SCHOOL_FILES/Spring 2025/Bachelor/Unreal_Engine_Backups/May 08/Witch_Game/Content/3D_Assets/DimensionHome/Materials/Textures/SM_Fireplace_M_Wood_Normal.uexp" 2202
"C:/Users/hanna/Documents/SCHOOL_FILES/Spring 2025/Bachelor/Unreal_Engine_Backups/May 08/Witch_Game/Content/3D_Assets/DimensionHome/Materials/Textures/SM_Fireplace_M_Wood_OcclusionRoughnessMetallic.ubulk" 2203
"C:/Users/hanna/Documents/SCHOOL_FILES/Spring 2025/Bachelor/Unreal_Engine_Backups/May 08/Witch_Game/Content/3D_Assets/DimensionHome/Materials/Textures/SM_Fireplace_M_Wood_OcclusionRoughnessMetallic.uasset" 2204
"C:/Users/hanna/Documents/SCHOOL_FILES/Spring 2025/Bachelor/Unreal_Engine_Backups/May 08/Witch_Game/Content/3D_Assets/DimensionHome/Materials/Textures/SM_Fireplace_M_Wood_OcclusionRoughnessMetallic.uexp" 2205
"C:/Users/hanna/Documents/SCHOOL_FILES/Spring 2025/Bachelor/Unreal_Engine_Backups/May 08/Witch_Game/Content/3D_Assets/DimensionHome/Materials/Textures/SM_Fireplace_M_Wood_BaseColor.ubulk" 2206
"C:/Users/hanna/Documents/SCHOOL_FILES/Spring 2025/Bachelor/Unreal_Engine_Backups/May 08/Witch_Game/Content/3D_Assets/DimensionHome/Materials/Textures/SM_Fireplace_M_Wood_BaseColor.uasset" 2207
"C:/Users/hanna/Documents/SCHOOL_FILES/Spring 2025/Bachelor/Unreal_Engine_Backups/May 08/Witch_Game/Content/3D_Assets/DimensionHome/Materials/Textures/SM_Fireplace_M_Wood_BaseColor.uexp" 2208
"C:/Users/hanna/Documents/SCHOOL_FILES/Spring 2025/Bachelor/Unreal_Engine_Backups/May 08/Witch_Game/Content/3D_Assets/DimensionHome/Materials/M_Wood.uasset" 2209
"C:/Users/hanna/Documents/SCHOOL_FILES/Spring 2025/Bachelor/Unreal_Engine_Backups/May 08/Witch_Game/Content/3D_Assets/DimensionHome/Materials/M_Wood.uexp" 2210
"C:/Users/hanna/Documents/SCHOOL_FILES/Spring 2025/Bachelor/Unreal_Engine_Backups/May 08/Witch_Game/Content/3D_Assets/DimensionHome/Materials/Textures/SM_Fireplace_M_FireplaceBricks_OcclusionRoughnessMetallic.ubulk" 2211
"C:/Users/hanna/Documents/SCHOOL_FILES/Spring 2025/Bachelor/Unreal_Engine_Backups/May 08/Witch_Game/Content/3D_Assets/DimensionHome/Materials/Textures/SM_Fireplace_M_FireplaceBricks_OcclusionRoughnessMetallic.uasset" 2212
"C:/Users/hanna/Documents/SCHOOL_FILES/Spring 2025/Bachelor/Unreal_Engine_Backups/May 08/Witch_Game/Content/3D_Assets/DimensionHome/Materials/Textures/SM_Fireplace_M_FireplaceBricks_OcclusionRoughnessMetallic.uexp" 2213
"C:/Users/hanna/Documents/SCHOOL_FILES/Spring 2025/Bachelor/Unreal_Engine_Backups/May 08/Witch_Game/Content/3D_Assets/DimensionHome/Materials/Textures/SM_Fireplace_M_FireplaceBricks_BaseColor.ubulk" 2214
"C:/Users/hanna/Documents/SCHOOL_FILES/Spring 2025/Bachelor/Unreal_Engine_Backups/May 08/Witch_Game/Content/3D_Assets/DimensionHome/Materials/Textures/SM_Fireplace_M_FireplaceBricks_BaseColor.uasset" 2215
"C:/Users/hanna/Documents/SCHOOL_FILES/Spring 2025/Bachelor/Unreal_Engine_Backups/May 08/Witch_Game/Content/3D_Assets/DimensionHome/Materials/Textures/SM_Fireplace_M_FireplaceBricks_BaseColor.uexp" 2216
"C:/Users/hanna/Documents/SCHOOL_FILES/Spring 2025/Bachelor/Unreal_Engine_Backups/May 08/Witch_Game/Content/3D_Assets/DimensionHome/Materials/Textures/SM_Fireplace_M_FireplaceBricks_Normal.ubulk" 2217
"C:/Users/hanna/Documents/SCHOOL_FILES/Spring 2025/Bachelor/Unreal_Engine_Backups/May 08/Witch_Game/Content/3D_Assets/DimensionHome/Materials/Textures/SM_Fireplace_M_FireplaceBricks_Normal.uasset" 2218
"C:/Users/hanna/Documents/SCHOOL_FILES/Spring 2025/Bachelor/Unreal_Engine_Backups/May 08/Witch_Game/Content/3D_Assets/DimensionHome/Materials/Textures/SM_Fireplace_M_FireplaceBricks_Normal.uexp" 2219
"C:/Users/hanna/Documents/SCHOOL_FILES/Spring 2025/Bachelor/Unreal_Engine_Backups/May 08/Witch_Game/Content/3D_Assets/DimensionHome/Materials/M_FireplaceBricks.uasset" 2220
"C:/Users/hanna/Documents/SCHOOL_FILES/Spring 2025/Bachelor/Unreal_Engine_Backups/May 08/Witch_Game/Content/3D_Assets/DimensionHome/Materials/M_FireplaceBricks.uexp" 2221
"C:/Users/hanna/Documents/SCHOOL_FILES/Spring 2025/Bachelor/Unreal_Engine_Backups/May 08/Witch_Game/Content/3D_Assets/DimensionHome/SM_Fireplace.ubulk" 2222
"C:/Users/hanna/Documents/SCHOOL_FILES/Spring 2025/Bachelor/Unreal_Engine_Backups/May 08/Witch_Game/Content/3D_Assets/DimensionHome/SM_Fireplace.uasset" 2223
"C:/Users/hanna/Documents/SCHOOL_FILES/Spring 2025/Bachelor/Unreal_Engine_Backups/May 08/Witch_Game/Content/3D_Assets/DimensionHome/SM_Fireplace.uexp" 2224
"C:/Users/hanna/Documents/SCHOOL_FILES/Spring 2025/Bachelor/Unreal_Engine_Backups/May 08/Witch_Game/Content/Interactable_Objects/BP_Interact_Fireplace.uasset" 2225
"C:/Users/hanna/Documents/SCHOOL_FILES/Spring 2025/Bachelor/Unreal_Engine_Backups/May 08/Witch_Game/Content/Interactable_Objects/BP_Interact_Fireplace.uexp" 2226
"C:/Users/hanna/Documents/SCHOOL_FILES/Spring 2025/Bachelor/Unreal_Engine_Backups/May 08/Witch_Game/Content/3D_Assets/DimensionHome/SM_BedSheet01.ubulk" 2227
"C:/Users/hanna/Documents/SCHOOL_FILES/Spring 2025/Bachelor/Unreal_Engine_Backups/May 08/Witch_Game/Content/3D_Assets/DimensionHome/SM_BedSheet01.uasset" 2228
"C:/Users/hanna/Documents/SCHOOL_FILES/Spring 2025/Bachelor/Unreal_Engine_Backups/May 08/Witch_Game/Content/3D_Assets/DimensionHome/SM_BedSheet01.uexp" 2229
"C:/Users/hanna/Documents/SCHOOL_FILES/Spring 2025/Bachelor/Unreal_Engine_Backups/May 08/Witch_Game/Content/3D_Assets/DimensionHome/Materials/Textures/Plane_NewFloor_BaseColor.ubulk" 2230
"C:/Users/hanna/Documents/SCHOOL_FILES/Spring 2025/Bachelor/Unreal_Engine_Backups/May 08/Witch_Game/Content/3D_Assets/DimensionHome/Materials/Textures/Plane_NewFloor_BaseColor.uasset" 2231
"C:/Users/hanna/Documents/SCHOOL_FILES/Spring 2025/Bachelor/Unreal_Engine_Backups/May 08/Witch_Game/Content/3D_Assets/DimensionHome/Materials/Textures/Plane_NewFloor_BaseColor.uexp" 2232
"C:/Users/hanna/Documents/SCHOOL_FILES/Spring 2025/Bachelor/Unreal_Engine_Backups/May 08/Witch_Game/Content/3D_Assets/DimensionHome/Materials/Textures/Plane_NewFloor_Normal.ubulk" 2233
"C:/Users/hanna/Documents/SCHOOL_FILES/Spring 2025/Bachelor/Unreal_Engine_Backups/May 08/Witch_Game/Content/3D_Assets/DimensionHome/Materials/Textures/Plane_NewFloor_Normal.uasset" 2234
"C:/Users/hanna/Documents/SCHOOL_FILES/Spring 2025/Bachelor/Unreal_Engine_Backups/May 08/Witch_Game/Content/3D_Assets/DimensionHome/Materials/Textures/Plane_NewFloor_Normal.uexp" 2235
"C:/Users/hanna/Documents/SCHOOL_FILES/Spring 2025/Bachelor/Unreal_Engine_Backups/May 08/Witch_Game/Content/3D_Assets/DimensionHome/Materials/Textures/Plane_NewFloor_OcclusionRoughnessMetallic.ubulk" 2236
"C:/Users/hanna/Documents/SCHOOL_FILES/Spring 2025/Bachelor/Unreal_Engine_Backups/May 08/Witch_Game/Content/3D_Assets/DimensionHome/Materials/Textures/Plane_NewFloor_OcclusionRoughnessMetallic.uasset" 2237
"C:/Users/hanna/Documents/SCHOOL_FILES/Spring 2025/Bachelor/Unreal_Engine_Backups/May 08/Witch_Game/Content/3D_Assets/DimensionHome/Materials/Textures/Plane_NewFloor_OcclusionRoughnessMetallic.uexp" 2238
"C:/Users/hanna/Documents/SCHOOL_FILES/Spring 2025/Bachelor/Unreal_Engine_Backups/May 08/Witch_Game/Content/3D_Assets/DimensionHome/Materials/M_Floor.uasset" 2239
"C:/Users/hanna/Documents/SCHOOL_FILES/Spring 2025/Bachelor/Unreal_Engine_Backups/May 08/Witch_Game/Content/3D_Assets/DimensionHome/Materials/M_Floor.uexp" 2240
"C:/Users/hanna/Documents/SCHOOL_FILES/Spring 2025/Bachelor/Unreal_Engine_Backups/May 08/Witch_Game/Content/3D_Assets/DimensionHome/SM_Floor.ubulk" 2241
"C:/Users/hanna/Documents/SCHOOL_FILES/Spring 2025/Bachelor/Unreal_Engine_Backups/May 08/Witch_Game/Content/3D_Assets/DimensionHome/SM_Floor.uasset" 2242
"C:/Users/hanna/Documents/SCHOOL_FILES/Spring 2025/Bachelor/Unreal_Engine_Backups/May 08/Witch_Game/Content/3D_Assets/DimensionHome/SM_Floor.uexp" 2243
"C:/Users/hanna/Documents/SCHOOL_FILES/Spring 2025/Bachelor/Unreal_Engine_Backups/May 08/Witch_Game/Content/3D_Assets/DimensionHome/SM_Paper03.ubulk" 2244
"C:/Users/hanna/Documents/SCHOOL_FILES/Spring 2025/Bachelor/Unreal_Engine_Backups/May 08/Witch_Game/Content/3D_Assets/DimensionHome/SM_Paper03.uasset" 2245
"C:/Users/hanna/Documents/SCHOOL_FILES/Spring 2025/Bachelor/Unreal_Engine_Backups/May 08/Witch_Game/Content/3D_Assets/DimensionHome/SM_Paper03.uexp" 2246
"C:/Users/hanna/Documents/SCHOOL_FILES/Spring 2025/Bachelor/Unreal_Engine_Backups/May 08/Witch_Game/Content/3D_Assets/DimensionHome/SM_GrindingStick.ubulk" 2247
"C:/Users/hanna/Documents/SCHOOL_FILES/Spring 2025/Bachelor/Unreal_Engine_Backups/May 08/Witch_Game/Content/3D_Assets/DimensionHome/SM_GrindingStick.uasset" 2248
"C:/Users/hanna/Documents/SCHOOL_FILES/Spring 2025/Bachelor/Unreal_Engine_Backups/May 08/Witch_Game/Content/3D_Assets/DimensionHome/SM_GrindingStick.uexp" 2249
"C:/Users/hanna/Documents/SCHOOL_FILES/Spring 2025/Bachelor/Unreal_Engine_Backups/May 08/Witch_Game/Content/3D_Assets/DimensionHome/SM_Cuttingboard.ubulk" 2250
"C:/Users/hanna/Documents/SCHOOL_FILES/Spring 2025/Bachelor/Unreal_Engine_Backups/May 08/Witch_Game/Content/3D_Assets/DimensionHome/SM_Cuttingboard.uasset" 2251
"C:/Users/hanna/Documents/SCHOOL_FILES/Spring 2025/Bachelor/Unreal_Engine_Backups/May 08/Witch_Game/Content/3D_Assets/DimensionHome/SM_Cuttingboard.uexp" 2252
"C:/Users/hanna/Documents/SCHOOL_FILES/Spring 2025/Bachelor/Unreal_Engine_Backups/May 08/Witch_Game/Content/3D_Assets/DimensionHome/Materials/Textures/SM_Chest_M_Chest_OcclusionRoughnessMetallic.ubulk" 2253
"C:/Users/hanna/Documents/SCHOOL_FILES/Spring 2025/Bachelor/Unreal_Engine_Backups/May 08/Witch_Game/Content/3D_Assets/DimensionHome/Materials/Textures/SM_Chest_M_Chest_OcclusionRoughnessMetallic.uasset" 2254
"C:/Users/hanna/Documents/SCHOOL_FILES/Spring 2025/Bachelor/Unreal_Engine_Backups/May 08/Witch_Game/Content/3D_Assets/DimensionHome/Materials/Textures/SM_Chest_M_Chest_OcclusionRoughnessMetallic.uexp" 2255
"C:/Users/hanna/Documents/SCHOOL_FILES/Spring 2025/Bachelor/Unreal_Engine_Backups/May 08/Witch_Game/Content/3D_Assets/DimensionHome/Materials/Textures/SM_Chest_M_Chest_BaseColor.ubulk" 2256
"C:/Users/hanna/Documents/SCHOOL_FILES/Spring 2025/Bachelor/Unreal_Engine_Backups/May 08/Witch_Game/Content/3D_Assets/DimensionHome/Materials/Textures/SM_Chest_M_Chest_BaseColor.uasset" 2257
"C:/Users/hanna/Documents/SCHOOL_FILES/Spring 2025/Bachelor/Unreal_Engine_Backups/May 08/Witch_Game/Content/3D_Assets/DimensionHome/Materials/Textures/SM_Chest_M_Chest_BaseColor.uexp" 2258
"C:/Users/hanna/Documents/SCHOOL_FILES/Spring 2025/Bachelor/Unreal_Engine_Backups/May 08/Witch_Game/Content/3D_Assets/DimensionHome/Materials/Textures/SM_Chest_M_Chest_Normal.ubulk" 2259
"C:/Users/hanna/Documents/SCHOOL_FILES/Spring 2025/Bachelor/Unreal_Engine_Backups/May 08/Witch_Game/Content/3D_Assets/DimensionHome/Materials/Textures/SM_Chest_M_Chest_Normal.uasset" 2260
"C:/Users/hanna/Documents/SCHOOL_FILES/Spring 2025/Bachelor/Unreal_Engine_Backups/May 08/Witch_Game/Content/3D_Assets/DimensionHome/Materials/Textures/SM_Chest_M_Chest_Normal.uexp" 2261
"C:/Users/hanna/Documents/SCHOOL_FILES/Spring 2025/Bachelor/Unreal_Engine_Backups/May 08/Witch_Game/Content/3D_Assets/DimensionHome/Materials/M_Chest.uasset" 2262
"C:/Users/hanna/Documents/SCHOOL_FILES/Spring 2025/Bachelor/Unreal_Engine_Backups/May 08/Witch_Game/Content/3D_Assets/DimensionHome/Materials/M_Chest.uexp" 2263
"C:/Users/hanna/Documents/SCHOOL_FILES/Spring 2025/Bachelor/Unreal_Engine_Backups/May 08/Witch_Game/Content/3D_Assets/DimensionHome/Materials/Textures/SM_Chest_M_ChestMetal_OcclusionRoughnessMetallic.ubulk" 2264
"C:/Users/hanna/Documents/SCHOOL_FILES/Spring 2025/Bachelor/Unreal_Engine_Backups/May 08/Witch_Game/Content/3D_Assets/DimensionHome/Materials/Textures/SM_Chest_M_ChestMetal_OcclusionRoughnessMetallic.uasset" 2265
"C:/Users/hanna/Documents/SCHOOL_FILES/Spring 2025/Bachelor/Unreal_Engine_Backups/May 08/Witch_Game/Content/3D_Assets/DimensionHome/Materials/Textures/SM_Chest_M_ChestMetal_OcclusionRoughnessMetallic.uexp" 2266
"C:/Users/hanna/Documents/SCHOOL_FILES/Spring 2025/Bachelor/Unreal_Engine_Backups/May 08/Witch_Game/Content/3D_Assets/DimensionHome/Materials/Textures/SM_Chest_M_ChestMetal_Normal.ubulk" 2267
"C:/Users/hanna/Documents/SCHOOL_FILES/Spring 2025/Bachelor/Unreal_Engine_Backups/May 08/Witch_Game/Content/3D_Assets/DimensionHome/Materials/Textures/SM_Chest_M_ChestMetal_Normal.uasset" 2268
"C:/Users/hanna/Documents/SCHOOL_FILES/Spring 2025/Bachelor/Unreal_Engine_Backups/May 08/Witch_Game/Content/3D_Assets/DimensionHome/Materials/Textures/SM_Chest_M_ChestMetal_Normal.uexp" 2269
"C:/Users/hanna/Documents/SCHOOL_FILES/Spring 2025/Bachelor/Unreal_Engine_Backups/May 08/Witch_Game/Content/3D_Assets/DimensionHome/Materials/Textures/SM_Chest_M_ChestMetal_BaseColor.ubulk" 2270
"C:/Users/hanna/Documents/SCHOOL_FILES/Spring 2025/Bachelor/Unreal_Engine_Backups/May 08/Witch_Game/Content/3D_Assets/DimensionHome/Materials/Textures/SM_Chest_M_ChestMetal_BaseColor.uasset" 2271
"C:/Users/hanna/Documents/SCHOOL_FILES/Spring 2025/Bachelor/Unreal_Engine_Backups/May 08/Witch_Game/Content/3D_Assets/DimensionHome/Materials/Textures/SM_Chest_M_ChestMetal_BaseColor.uexp" 2272
"C:/Users/hanna/Documents/SCHOOL_FILES/Spring 2025/Bachelor/Unreal_Engine_Backups/May 08/Witch_Game/Content/3D_Assets/DimensionHome/Materials/M_ChestMetal.uasset" 2273
"C:/Users/hanna/Documents/SCHOOL_FILES/Spring 2025/Bachelor/Unreal_Engine_Backups/May 08/Witch_Game/Content/3D_Assets/DimensionHome/Materials/M_ChestMetal.uexp" 2274
"C:/Users/hanna/Documents/SCHOOL_FILES/Spring 2025/Bachelor/Unreal_Engine_Backups/May 08/Witch_Game/Content/3D_Assets/DimensionHome/SM_Chest.ubulk" 2275
"C:/Users/hanna/Documents/SCHOOL_FILES/Spring 2025/Bachelor/Unreal_Engine_Backups/May 08/Witch_Game/Content/3D_Assets/DimensionHome/SM_Chest.uasset" 2276
"C:/Users/hanna/Documents/SCHOOL_FILES/Spring 2025/Bachelor/Unreal_Engine_Backups/May 08/Witch_Game/Content/3D_Assets/DimensionHome/SM_Chest.uexp" 2277
"C:/Users/hanna/Documents/SCHOOL_FILES/Spring 2025/Bachelor/Unreal_Engine_Backups/May 08/Witch_Game/Content/3D_Assets/DimensionHome/Materials/Textures/SM_SmallBookshelf_M_SmallBookshelf_Normal.ubulk" 2278
"C:/Users/hanna/Documents/SCHOOL_FILES/Spring 2025/Bachelor/Unreal_Engine_Backups/May 08/Witch_Game/Content/3D_Assets/DimensionHome/Materials/Textures/SM_SmallBookshelf_M_SmallBookshelf_Normal.uasset" 2279
"C:/Users/hanna/Documents/SCHOOL_FILES/Spring 2025/Bachelor/Unreal_Engine_Backups/May 08/Witch_Game/Content/3D_Assets/DimensionHome/Materials/Textures/SM_SmallBookshelf_M_SmallBookshelf_Normal.uexp" 2280
"C:/Users/hanna/Documents/SCHOOL_FILES/Spring 2025/Bachelor/Unreal_Engine_Backups/May 08/Witch_Game/Content/3D_Assets/DimensionHome/Materials/Textures/SM_SmallBookshelf_M_SmallBookshelf_OcclusionRoughnessMetallic.ubulk" 2281
"C:/Users/hanna/Documents/SCHOOL_FILES/Spring 2025/Bachelor/Unreal_Engine_Backups/May 08/Witch_Game/Content/3D_Assets/DimensionHome/Materials/Textures/SM_SmallBookshelf_M_SmallBookshelf_OcclusionRoughnessMetallic.uasset" 2282
"C:/Users/hanna/Documents/SCHOOL_FILES/Spring 2025/Bachelor/Unreal_Engine_Backups/May 08/Witch_Game/Content/3D_Assets/DimensionHome/Materials/Textures/SM_SmallBookshelf_M_SmallBookshelf_OcclusionRoughnessMetallic.uexp" 2283
"C:/Users/hanna/Documents/SCHOOL_FILES/Spring 2025/Bachelor/Unreal_Engine_Backups/May 08/Witch_Game/Content/3D_Assets/DimensionHome/Materials/Textures/SM_SmallBookshelf_M_SmallBookshelf_BaseColor.ubulk" 2284
"C:/Users/hanna/Documents/SCHOOL_FILES/Spring 2025/Bachelor/Unreal_Engine_Backups/May 08/Witch_Game/Content/3D_Assets/DimensionHome/Materials/Textures/SM_SmallBookshelf_M_SmallBookshelf_BaseColor.uasset" 2285
"C:/Users/hanna/Documents/SCHOOL_FILES/Spring 2025/Bachelor/Unreal_Engine_Backups/May 08/Witch_Game/Content/3D_Assets/DimensionHome/Materials/Textures/SM_SmallBookshelf_M_SmallBookshelf_BaseColor.uexp" 2286
"C:/Users/hanna/Documents/SCHOOL_FILES/Spring 2025/Bachelor/Unreal_Engine_Backups/May 08/Witch_Game/Content/3D_Assets/DimensionHome/Materials/M_SmallBookshelf.uasset" 2287
"C:/Users/hanna/Documents/SCHOOL_FILES/Spring 2025/Bachelor/Unreal_Engine_Backups/May 08/Witch_Game/Content/3D_Assets/DimensionHome/Materials/M_SmallBookshelf.uexp" 2288
"C:/Users/hanna/Documents/SCHOOL_FILES/Spring 2025/Bachelor/Unreal_Engine_Backups/May 08/Witch_Game/Content/3D_Assets/DimensionHome/SM_SmallBookshelf.ubulk" 2289
"C:/Users/hanna/Documents/SCHOOL_FILES/Spring 2025/Bachelor/Unreal_Engine_Backups/May 08/Witch_Game/Content/3D_Assets/DimensionHome/SM_SmallBookshelf.uasset" 2290
"C:/Users/hanna/Documents/SCHOOL_FILES/Spring 2025/Bachelor/Unreal_Engine_Backups/May 08/Witch_Game/Content/3D_Assets/DimensionHome/SM_SmallBookshelf.uexp" 2291
"C:/Users/hanna/Documents/SCHOOL_FILES/Spring 2025/Bachelor/Unreal_Engine_Backups/May 08/Witch_Game/Content/3D_Assets/DimensionHome/SM_Fork.ubulk" 2292
"C:/Users/hanna/Documents/SCHOOL_FILES/Spring 2025/Bachelor/Unreal_Engine_Backups/May 08/Witch_Game/Content/3D_Assets/DimensionHome/SM_Fork.uasset" 2293
"C:/Users/hanna/Documents/SCHOOL_FILES/Spring 2025/Bachelor/Unreal_Engine_Backups/May 08/Witch_Game/Content/3D_Assets/DimensionHome/SM_Fork.uexp" 2294
"C:/Users/hanna/Documents/SCHOOL_FILES/Spring 2025/Bachelor/Unreal_Engine_Backups/May 08/Witch_Game/Content/3D_Assets/DimensionHome/SM_PaintingUp.ubulk" 2295
"C:/Users/hanna/Documents/SCHOOL_FILES/Spring 2025/Bachelor/Unreal_Engine_Backups/May 08/Witch_Game/Content/3D_Assets/DimensionHome/SM_PaintingUp.uasset" 2296
"C:/Users/hanna/Documents/SCHOOL_FILES/Spring 2025/Bachelor/Unreal_Engine_Backups/May 08/Witch_Game/Content/3D_Assets/DimensionHome/SM_PaintingUp.uexp" 2297
"C:/Users/hanna/Documents/SCHOOL_FILES/Spring 2025/Bachelor/Unreal_Engine_Backups/May 08/Witch_Game/Content/3D_Assets/DimensionHome/Materials/Textures/SM_Bench_M_Bench_Normal.ubulk" 2298
"C:/Users/hanna/Documents/SCHOOL_FILES/Spring 2025/Bachelor/Unreal_Engine_Backups/May 08/Witch_Game/Content/3D_Assets/DimensionHome/Materials/Textures/SM_Bench_M_Bench_Normal.uasset" 2299
"C:/Users/hanna/Documents/SCHOOL_FILES/Spring 2025/Bachelor/Unreal_Engine_Backups/May 08/Witch_Game/Content/3D_Assets/DimensionHome/Materials/Textures/SM_Bench_M_Bench_Normal.uexp" 2300
"C:/Users/hanna/Documents/SCHOOL_FILES/Spring 2025/Bachelor/Unreal_Engine_Backups/May 08/Witch_Game/Content/3D_Assets/DimensionHome/Materials/Textures/SM_Bench_M_Bench_OcclusionRoughnessMetallic.ubulk" 2301
"C:/Users/hanna/Documents/SCHOOL_FILES/Spring 2025/Bachelor/Unreal_Engine_Backups/May 08/Witch_Game/Content/3D_Assets/DimensionHome/Materials/Textures/SM_Bench_M_Bench_OcclusionRoughnessMetallic.uasset" 2302
"C:/Users/hanna/Documents/SCHOOL_FILES/Spring 2025/Bachelor/Unreal_Engine_Backups/May 08/Witch_Game/Content/3D_Assets/DimensionHome/Materials/Textures/SM_Bench_M_Bench_OcclusionRoughnessMetallic.uexp" 2303
"C:/Users/hanna/Documents/SCHOOL_FILES/Spring 2025/Bachelor/Unreal_Engine_Backups/May 08/Witch_Game/Content/3D_Assets/DimensionHome/Materials/Textures/SM_Bench_M_Bench_BaseColor.ubulk" 2304
"C:/Users/hanna/Documents/SCHOOL_FILES/Spring 2025/Bachelor/Unreal_Engine_Backups/May 08/Witch_Game/Content/3D_Assets/DimensionHome/Materials/Textures/SM_Bench_M_Bench_BaseColor.uasset" 2305
"C:/Users/hanna/Documents/SCHOOL_FILES/Spring 2025/Bachelor/Unreal_Engine_Backups/May 08/Witch_Game/Content/3D_Assets/DimensionHome/Materials/Textures/SM_Bench_M_Bench_BaseColor.uexp" 2306
"C:/Users/hanna/Documents/SCHOOL_FILES/Spring 2025/Bachelor/Unreal_Engine_Backups/May 08/Witch_Game/Content/3D_Assets/DimensionHome/Materials/M_Bench.uasset" 2307
"C:/Users/hanna/Documents/SCHOOL_FILES/Spring 2025/Bachelor/Unreal_Engine_Backups/May 08/Witch_Game/Content/3D_Assets/DimensionHome/Materials/M_Bench.uexp" 2308
"C:/Users/hanna/Documents/SCHOOL_FILES/Spring 2025/Bachelor/Unreal_Engine_Backups/May 08/Witch_Game/Content/3D_Assets/DimensionHome/SM_Bench.ubulk" 2309
"C:/Users/hanna/Documents/SCHOOL_FILES/Spring 2025/Bachelor/Unreal_Engine_Backups/May 08/Witch_Game/Content/3D_Assets/DimensionHome/SM_Bench.uasset" 2310
"C:/Users/hanna/Documents/SCHOOL_FILES/Spring 2025/Bachelor/Unreal_Engine_Backups/May 08/Witch_Game/Content/3D_Assets/DimensionHome/SM_Bench.uexp" 2311
"C:/Users/hanna/Documents/SCHOOL_FILES/Spring 2025/Bachelor/Unreal_Engine_Backups/May 08/Witch_Game/Content/3D_Assets/DimensionHome/SM_Toy01.ubulk" 2312
"C:/Users/hanna/Documents/SCHOOL_FILES/Spring 2025/Bachelor/Unreal_Engine_Backups/May 08/Witch_Game/Content/3D_Assets/DimensionHome/SM_Toy01.uasset" 2313
"C:/Users/hanna/Documents/SCHOOL_FILES/Spring 2025/Bachelor/Unreal_Engine_Backups/May 08/Witch_Game/Content/3D_Assets/DimensionHome/SM_Toy01.uexp" 2314
"C:/Users/hanna/Documents/SCHOOL_FILES/Spring 2025/Bachelor/Unreal_Engine_Backups/May 08/Witch_Game/Content/3D_Assets/DimensionHome/SM_BookSmall02.ubulk" 2315
"C:/Users/hanna/Documents/SCHOOL_FILES/Spring 2025/Bachelor/Unreal_Engine_Backups/May 08/Witch_Game/Content/3D_Assets/DimensionHome/SM_BookSmall02.uasset" 2316
"C:/Users/hanna/Documents/SCHOOL_FILES/Spring 2025/Bachelor/Unreal_Engine_Backups/May 08/Witch_Game/Content/3D_Assets/DimensionHome/SM_BookSmall02.uexp" 2317
"C:/Users/hanna/Documents/SCHOOL_FILES/Spring 2025/Bachelor/Unreal_Engine_Backups/May 08/Witch_Game/Content/3D_Assets/DimensionHome/Materials/Textures/SM_WallNew_M_Wall_BaseColor.ubulk" 2318
"C:/Users/hanna/Documents/SCHOOL_FILES/Spring 2025/Bachelor/Unreal_Engine_Backups/May 08/Witch_Game/Content/3D_Assets/DimensionHome/Materials/Textures/SM_WallNew_M_Wall_BaseColor.uasset" 2319
"C:/Users/hanna/Documents/SCHOOL_FILES/Spring 2025/Bachelor/Unreal_Engine_Backups/May 08/Witch_Game/Content/3D_Assets/DimensionHome/Materials/Textures/SM_WallNew_M_Wall_BaseColor.uexp" 2320
"C:/Users/hanna/Documents/SCHOOL_FILES/Spring 2025/Bachelor/Unreal_Engine_Backups/May 08/Witch_Game/Content/3D_Assets/DimensionHome/Materials/Textures/SM_WallNew_M_Wall_OcclusionRoughnessMetallic.ubulk" 2321
"C:/Users/hanna/Documents/SCHOOL_FILES/Spring 2025/Bachelor/Unreal_Engine_Backups/May 08/Witch_Game/Content/3D_Assets/DimensionHome/Materials/Textures/SM_WallNew_M_Wall_OcclusionRoughnessMetallic.uasset" 2322
"C:/Users/hanna/Documents/SCHOOL_FILES/Spring 2025/Bachelor/Unreal_Engine_Backups/May 08/Witch_Game/Content/3D_Assets/DimensionHome/Materials/Textures/SM_WallNew_M_Wall_OcclusionRoughnessMetallic.uexp" 2323
"C:/Users/hanna/Documents/SCHOOL_FILES/Spring 2025/Bachelor/Unreal_Engine_Backups/May 08/Witch_Game/Content/3D_Assets/DimensionHome/Materials/Textures/SM_WallNew_M_Wall_Normal.ubulk" 2324
"C:/Users/hanna/Documents/SCHOOL_FILES/Spring 2025/Bachelor/Unreal_Engine_Backups/May 08/Witch_Game/Content/3D_Assets/DimensionHome/Materials/Textures/SM_WallNew_M_Wall_Normal.uasset" 2325
"C:/Users/hanna/Documents/SCHOOL_FILES/Spring 2025/Bachelor/Unreal_Engine_Backups/May 08/Witch_Game/Content/3D_Assets/DimensionHome/Materials/Textures/SM_WallNew_M_Wall_Normal.uexp" 2326
"C:/Users/hanna/Documents/SCHOOL_FILES/Spring 2025/Bachelor/Unreal_Engine_Backups/May 08/Witch_Game/Content/3D_Assets/DimensionHome/Materials/M_Wall.uasset" 2327
"C:/Users/hanna/Documents/SCHOOL_FILES/Spring 2025/Bachelor/Unreal_Engine_Backups/May 08/Witch_Game/Content/3D_Assets/DimensionHome/Materials/M_Wall.uexp" 2328
"C:/Users/hanna/Documents/SCHOOL_FILES/Spring 2025/Bachelor/Unreal_Engine_Backups/May 08/Witch_Game/Content/3D_Assets/DimensionHome/SM_WallNew.ubulk" 2329
"C:/Users/hanna/Documents/SCHOOL_FILES/Spring 2025/Bachelor/Unreal_Engine_Backups/May 08/Witch_Game/Content/3D_Assets/DimensionHome/SM_WallNew.uasset" 2330
"C:/Users/hanna/Documents/SCHOOL_FILES/Spring 2025/Bachelor/Unreal_Engine_Backups/May 08/Witch_Game/Content/3D_Assets/DimensionHome/SM_WallNew.uexp" 2331
"C:/Users/hanna/Documents/SCHOOL_FILES/Spring 2025/Bachelor/Unreal_Engine_Backups/May 08/Witch_Game/Content/3D_Assets/DimensionHome/SM_BookMedium02.ubulk" 2332
"C:/Users/hanna/Documents/SCHOOL_FILES/Spring 2025/Bachelor/Unreal_Engine_Backups/May 08/Witch_Game/Content/3D_Assets/DimensionHome/SM_BookMedium02.uasset" 2333
"C:/Users/hanna/Documents/SCHOOL_FILES/Spring 2025/Bachelor/Unreal_Engine_Backups/May 08/Witch_Game/Content/3D_Assets/DimensionHome/SM_BookMedium02.uexp" 2334
"../../../Engine/Content/BasicShapes/BasicShapeMaterial.uasset" 2335
"../../../Engine/Content/BasicShapes/BasicShapeMaterial.uexp" 2336
"C:/Users/hanna/Documents/SCHOOL_FILES/Spring 2025/Bachelor/Unreal_Engine_Backups/May 08/Witch_Game/Content/3D_Assets/DimensionHome/SM_GrindingBowl.ubulk" 2337
"C:/Users/hanna/Documents/SCHOOL_FILES/Spring 2025/Bachelor/Unreal_Engine_Backups/May 08/Witch_Game/Content/3D_Assets/DimensionHome/SM_GrindingBowl.uasset" 2338
"C:/Users/hanna/Documents/SCHOOL_FILES/Spring 2025/Bachelor/Unreal_Engine_Backups/May 08/Witch_Game/Content/3D_Assets/DimensionHome/SM_GrindingBowl.uexp" 2339
"C:/Users/hanna/Documents/SCHOOL_FILES/Spring 2025/Bachelor/Unreal_Engine_Backups/May 08/Witch_Game/Content/3D_Assets/DimensionHome/Materials/Textures/SM_Roofbeam_M_Roofbeam_OcclusionRoughnessMetallic.ubulk" 2340
"C:/Users/hanna/Documents/SCHOOL_FILES/Spring 2025/Bachelor/Unreal_Engine_Backups/May 08/Witch_Game/Content/3D_Assets/DimensionHome/Materials/Textures/SM_Roofbeam_M_Roofbeam_OcclusionRoughnessMetallic.uasset" 2341
"C:/Users/hanna/Documents/SCHOOL_FILES/Spring 2025/Bachelor/Unreal_Engine_Backups/May 08/Witch_Game/Content/3D_Assets/DimensionHome/Materials/Textures/SM_Roofbeam_M_Roofbeam_OcclusionRoughnessMetallic.uexp" 2342
"C:/Users/hanna/Documents/SCHOOL_FILES/Spring 2025/Bachelor/Unreal_Engine_Backups/May 08/Witch_Game/Content/3D_Assets/DimensionHome/Materials/Textures/SM_Roofbeam_M_Roofbeam_BaseColor.ubulk" 2343
"C:/Users/hanna/Documents/SCHOOL_FILES/Spring 2025/Bachelor/Unreal_Engine_Backups/May 08/Witch_Game/Content/3D_Assets/DimensionHome/Materials/Textures/SM_Roofbeam_M_Roofbeam_BaseColor.uasset" 2344
"C:/Users/hanna/Documents/SCHOOL_FILES/Spring 2025/Bachelor/Unreal_Engine_Backups/May 08/Witch_Game/Content/3D_Assets/DimensionHome/Materials/Textures/SM_Roofbeam_M_Roofbeam_BaseColor.uexp" 2345
"C:/Users/hanna/Documents/SCHOOL_FILES/Spring 2025/Bachelor/Unreal_Engine_Backups/May 08/Witch_Game/Content/3D_Assets/DimensionHome/Materials/Textures/SM_Roofbeam_M_Roofbeam_Normal.ubulk" 2346
"C:/Users/hanna/Documents/SCHOOL_FILES/Spring 2025/Bachelor/Unreal_Engine_Backups/May 08/Witch_Game/Content/3D_Assets/DimensionHome/Materials/Textures/SM_Roofbeam_M_Roofbeam_Normal.uasset" 2347
"C:/Users/hanna/Documents/SCHOOL_FILES/Spring 2025/Bachelor/Unreal_Engine_Backups/May 08/Witch_Game/Content/3D_Assets/DimensionHome/Materials/Textures/SM_Roofbeam_M_Roofbeam_Normal.uexp" 2348
"C:/Users/hanna/Documents/SCHOOL_FILES/Spring 2025/Bachelor/Unreal_Engine_Backups/May 08/Witch_Game/Content/3D_Assets/DimensionHome/Materials/M_Roofbeam.uasset" 2349
"C:/Users/hanna/Documents/SCHOOL_FILES/Spring 2025/Bachelor/Unreal_Engine_Backups/May 08/Witch_Game/Content/3D_Assets/DimensionHome/Materials/M_Roofbeam.uexp" 2350
"C:/Users/hanna/Documents/SCHOOL_FILES/Spring 2025/Bachelor/Unreal_Engine_Backups/May 08/Witch_Game/Content/3D_Assets/DimensionHome/SM_Roofbeam_SM_RoofBeam.ubulk" 2351
"C:/Users/hanna/Documents/SCHOOL_FILES/Spring 2025/Bachelor/Unreal_Engine_Backups/May 08/Witch_Game/Content/3D_Assets/DimensionHome/SM_Roofbeam_SM_RoofBeam.uasset" 2352
"C:/Users/hanna/Documents/SCHOOL_FILES/Spring 2025/Bachelor/Unreal_Engine_Backups/May 08/Witch_Game/Content/3D_Assets/DimensionHome/SM_Roofbeam_SM_RoofBeam.uexp" 2353
"C:/Users/hanna/Documents/SCHOOL_FILES/Spring 2025/Bachelor/Unreal_Engine_Backups/May 08/Witch_Game/Content/3D_Assets/DimensionHome/Materials/Textures/SM_ServantBed_M_ServantBed_BaseColor.ubulk" 2354
"C:/Users/hanna/Documents/SCHOOL_FILES/Spring 2025/Bachelor/Unreal_Engine_Backups/May 08/Witch_Game/Content/3D_Assets/DimensionHome/Materials/Textures/SM_ServantBed_M_ServantBed_BaseColor.uasset" 2355
"C:/Users/hanna/Documents/SCHOOL_FILES/Spring 2025/Bachelor/Unreal_Engine_Backups/May 08/Witch_Game/Content/3D_Assets/DimensionHome/Materials/Textures/SM_ServantBed_M_ServantBed_BaseColor.uexp" 2356
"C:/Users/hanna/Documents/SCHOOL_FILES/Spring 2025/Bachelor/Unreal_Engine_Backups/May 08/Witch_Game/Content/3D_Assets/DimensionHome/Materials/Textures/SM_ServantBed_M_ServantBed_Normal.ubulk" 2357
"C:/Users/hanna/Documents/SCHOOL_FILES/Spring 2025/Bachelor/Unreal_Engine_Backups/May 08/Witch_Game/Content/3D_Assets/DimensionHome/Materials/Textures/SM_ServantBed_M_ServantBed_Normal.uasset" 2358
"C:/Users/hanna/Documents/SCHOOL_FILES/Spring 2025/Bachelor/Unreal_Engine_Backups/May 08/Witch_Game/Content/3D_Assets/DimensionHome/Materials/Textures/SM_ServantBed_M_ServantBed_Normal.uexp" 2359
"C:/Users/hanna/Documents/SCHOOL_FILES/Spring 2025/Bachelor/Unreal_Engine_Backups/May 08/Witch_Game/Content/3D_Assets/DimensionHome/Materials/Textures/SM_ServantBed_M_ServantBed_OcclusionRoughnessMetallic.ubulk" 2360
"C:/Users/hanna/Documents/SCHOOL_FILES/Spring 2025/Bachelor/Unreal_Engine_Backups/May 08/Witch_Game/Content/3D_Assets/DimensionHome/Materials/Textures/SM_ServantBed_M_ServantBed_OcclusionRoughnessMetallic.uasset" 2361
"C:/Users/hanna/Documents/SCHOOL_FILES/Spring 2025/Bachelor/Unreal_Engine_Backups/May 08/Witch_Game/Content/3D_Assets/DimensionHome/Materials/Textures/SM_ServantBed_M_ServantBed_OcclusionRoughnessMetallic.uexp" 2362
"C:/Users/hanna/Documents/SCHOOL_FILES/Spring 2025/Bachelor/Unreal_Engine_Backups/May 08/Witch_Game/Content/3D_Assets/DimensionHome/Materials/M_ServantBed.uasset" 2363
"C:/Users/hanna/Documents/SCHOOL_FILES/Spring 2025/Bachelor/Unreal_Engine_Backups/May 08/Witch_Game/Content/3D_Assets/DimensionHome/Materials/M_ServantBed.uexp" 2364
"C:/Users/hanna/Documents/SCHOOL_FILES/Spring 2025/Bachelor/Unreal_Engine_Backups/May 08/Witch_Game/Content/3D_Assets/DimensionHome/Materials/Textures/SM_ServantBed_M_ServantBedRope_BaseColor.ubulk" 2365
"C:/Users/hanna/Documents/SCHOOL_FILES/Spring 2025/Bachelor/Unreal_Engine_Backups/May 08/Witch_Game/Content/3D_Assets/DimensionHome/Materials/Textures/SM_ServantBed_M_ServantBedRope_BaseColor.uasset" 2366
"C:/Users/hanna/Documents/SCHOOL_FILES/Spring 2025/Bachelor/Unreal_Engine_Backups/May 08/Witch_Game/Content/3D_Assets/DimensionHome/Materials/Textures/SM_ServantBed_M_ServantBedRope_BaseColor.uexp" 2367
"C:/Users/hanna/Documents/SCHOOL_FILES/Spring 2025/Bachelor/Unreal_Engine_Backups/May 08/Witch_Game/Content/3D_Assets/DimensionHome/Materials/Textures/SM_ServantBed_M_ServantBedRope_OcclusionRoughnessMetallic.ubulk" 2368
"C:/Users/hanna/Documents/SCHOOL_FILES/Spring 2025/Bachelor/Unreal_Engine_Backups/May 08/Witch_Game/Content/3D_Assets/DimensionHome/Materials/Textures/SM_ServantBed_M_ServantBedRope_OcclusionRoughnessMetallic.uasset" 2369
"C:/Users/hanna/Documents/SCHOOL_FILES/Spring 2025/Bachelor/Unreal_Engine_Backups/May 08/Witch_Game/Content/3D_Assets/DimensionHome/Materials/Textures/SM_ServantBed_M_ServantBedRope_OcclusionRoughnessMetallic.uexp" 2370
"C:/Users/hanna/Documents/SCHOOL_FILES/Spring 2025/Bachelor/Unreal_Engine_Backups/May 08/Witch_Game/Content/3D_Assets/DimensionHome/Materials/Textures/SM_ServantBed_M_ServantBedRope_Normal.ubulk" 2371
"C:/Users/hanna/Documents/SCHOOL_FILES/Spring 2025/Bachelor/Unreal_Engine_Backups/May 08/Witch_Game/Content/3D_Assets/DimensionHome/Materials/Textures/SM_ServantBed_M_ServantBedRope_Normal.uasset" 2372
"C:/Users/hanna/Documents/SCHOOL_FILES/Spring 2025/Bachelor/Unreal_Engine_Backups/May 08/Witch_Game/Content/3D_Assets/DimensionHome/Materials/Textures/SM_ServantBed_M_ServantBedRope_Normal.uexp" 2373
"C:/Users/hanna/Documents/SCHOOL_FILES/Spring 2025/Bachelor/Unreal_Engine_Backups/May 08/Witch_Game/Content/3D_Assets/DimensionHome/Materials/M_ServantBedRope.uasset" 2374
"C:/Users/hanna/Documents/SCHOOL_FILES/Spring 2025/Bachelor/Unreal_Engine_Backups/May 08/Witch_Game/Content/3D_Assets/DimensionHome/Materials/M_ServantBedRope.uexp" 2375
"C:/Users/hanna/Documents/SCHOOL_FILES/Spring 2025/Bachelor/Unreal_Engine_Backups/May 08/Witch_Game/Content/3D_Assets/DimensionHome/Materials/Textures/SM_ServantBed_M_ServantBedMatress_Normal.ubulk" 2376
"C:/Users/hanna/Documents/SCHOOL_FILES/Spring 2025/Bachelor/Unreal_Engine_Backups/May 08/Witch_Game/Content/3D_Assets/DimensionHome/Materials/Textures/SM_ServantBed_M_ServantBedMatress_Normal.uasset" 2377
"C:/Users/hanna/Documents/SCHOOL_FILES/Spring 2025/Bachelor/Unreal_Engine_Backups/May 08/Witch_Game/Content/3D_Assets/DimensionHome/Materials/Textures/SM_ServantBed_M_ServantBedMatress_Normal.uexp" 2378
"C:/Users/hanna/Documents/SCHOOL_FILES/Spring 2025/Bachelor/Unreal_Engine_Backups/May 08/Witch_Game/Content/3D_Assets/DimensionHome/Materials/Textures/SM_ServantBed_M_ServantBedMatress_BaseColor.ubulk" 2379
"C:/Users/hanna/Documents/SCHOOL_FILES/Spring 2025/Bachelor/Unreal_Engine_Backups/May 08/Witch_Game/Content/3D_Assets/DimensionHome/Materials/Textures/SM_ServantBed_M_ServantBedMatress_BaseColor.uasset" 2380
"C:/Users/hanna/Documents/SCHOOL_FILES/Spring 2025/Bachelor/Unreal_Engine_Backups/May 08/Witch_Game/Content/3D_Assets/DimensionHome/Materials/Textures/SM_ServantBed_M_ServantBedMatress_BaseColor.uexp" 2381
"C:/Users/hanna/Documents/SCHOOL_FILES/Spring 2025/Bachelor/Unreal_Engine_Backups/May 08/Witch_Game/Content/3D_Assets/DimensionHome/Materials/Textures/SM_ServantBed_M_ServantBedMatress_OcclusionRoughnessMetallic.ubulk" 2382
"C:/Users/hanna/Documents/SCHOOL_FILES/Spring 2025/Bachelor/Unreal_Engine_Backups/May 08/Witch_Game/Content/3D_Assets/DimensionHome/Materials/Textures/SM_ServantBed_M_ServantBedMatress_OcclusionRoughnessMetallic.uasset" 2383
"C:/Users/hanna/Documents/SCHOOL_FILES/Spring 2025/Bachelor/Unreal_Engine_Backups/May 08/Witch_Game/Content/3D_Assets/DimensionHome/Materials/Textures/SM_ServantBed_M_ServantBedMatress_OcclusionRoughnessMetallic.uexp" 2384
"C:/Users/hanna/Documents/SCHOOL_FILES/Spring 2025/Bachelor/Unreal_Engine_Backups/May 08/Witch_Game/Content/3D_Assets/DimensionHome/Materials/M_ServantBedMatress.uasset" 2385
"C:/Users/hanna/Documents/SCHOOL_FILES/Spring 2025/Bachelor/Unreal_Engine_Backups/May 08/Witch_Game/Content/3D_Assets/DimensionHome/Materials/M_ServantBedMatress.uexp" 2386
"C:/Users/hanna/Documents/SCHOOL_FILES/Spring 2025/Bachelor/Unreal_Engine_Backups/May 08/Witch_Game/Content/3D_Assets/DimensionHome/SM_ServantBed.ubulk" 2387
"C:/Users/hanna/Documents/SCHOOL_FILES/Spring 2025/Bachelor/Unreal_Engine_Backups/May 08/Witch_Game/Content/3D_Assets/DimensionHome/SM_ServantBed.uasset" 2388
"C:/Users/hanna/Documents/SCHOOL_FILES/Spring 2025/Bachelor/Unreal_Engine_Backups/May 08/Witch_Game/Content/3D_Assets/DimensionHome/SM_ServantBed.uexp" 2389
"C:/Users/hanna/Documents/SCHOOL_FILES/Spring 2025/Bachelor/Unreal_Engine_Backups/May 08/Witch_Game/Content/3D_Assets/DimensionHome/SM_Bowl.ubulk" 2390
"C:/Users/hanna/Documents/SCHOOL_FILES/Spring 2025/Bachelor/Unreal_Engine_Backups/May 08/Witch_Game/Content/3D_Assets/DimensionHome/SM_Bowl.uasset" 2391
"C:/Users/hanna/Documents/SCHOOL_FILES/Spring 2025/Bachelor/Unreal_Engine_Backups/May 08/Witch_Game/Content/3D_Assets/DimensionHome/SM_Bowl.uexp" 2392
"C:/Users/hanna/Documents/SCHOOL_FILES/Spring 2025/Bachelor/Unreal_Engine_Backups/May 08/Witch_Game/Content/3D_Assets/DimensionHome/Materials/Textures/SM_MetalRack_M_MetalRack_OcclusionRoughnessMetallic.ubulk" 2393
"C:/Users/hanna/Documents/SCHOOL_FILES/Spring 2025/Bachelor/Unreal_Engine_Backups/May 08/Witch_Game/Content/3D_Assets/DimensionHome/Materials/Textures/SM_MetalRack_M_MetalRack_OcclusionRoughnessMetallic.uasset" 2394
"C:/Users/hanna/Documents/SCHOOL_FILES/Spring 2025/Bachelor/Unreal_Engine_Backups/May 08/Witch_Game/Content/3D_Assets/DimensionHome/Materials/Textures/SM_MetalRack_M_MetalRack_OcclusionRoughnessMetallic.uexp" 2395
"C:/Users/hanna/Documents/SCHOOL_FILES/Spring 2025/Bachelor/Unreal_Engine_Backups/May 08/Witch_Game/Content/3D_Assets/DimensionHome/Materials/Textures/SM_MetalRack_M_MetalRack_BaseColor.ubulk" 2396
"C:/Users/hanna/Documents/SCHOOL_FILES/Spring 2025/Bachelor/Unreal_Engine_Backups/May 08/Witch_Game/Content/3D_Assets/DimensionHome/Materials/Textures/SM_MetalRack_M_MetalRack_BaseColor.uasset" 2397
"C:/Users/hanna/Documents/SCHOOL_FILES/Spring 2025/Bachelor/Unreal_Engine_Backups/May 08/Witch_Game/Content/3D_Assets/DimensionHome/Materials/Textures/SM_MetalRack_M_MetalRack_BaseColor.uexp" 2398
"C:/Users/hanna/Documents/SCHOOL_FILES/Spring 2025/Bachelor/Unreal_Engine_Backups/May 08/Witch_Game/Content/3D_Assets/DimensionHome/Materials/M_MetalRack.uasset" 2399
"C:/Users/hanna/Documents/SCHOOL_FILES/Spring 2025/Bachelor/Unreal_Engine_Backups/May 08/Witch_Game/Content/3D_Assets/DimensionHome/Materials/M_MetalRack.uexp" 2400
"C:/Users/hanna/Documents/SCHOOL_FILES/Spring 2025/Bachelor/Unreal_Engine_Backups/May 08/Witch_Game/Content/3D_Assets/DimensionHome/SM_MetalRack.ubulk" 2401
"C:/Users/hanna/Documents/SCHOOL_FILES/Spring 2025/Bachelor/Unreal_Engine_Backups/May 08/Witch_Game/Content/3D_Assets/DimensionHome/SM_MetalRack.uasset" 2402
"C:/Users/hanna/Documents/SCHOOL_FILES/Spring 2025/Bachelor/Unreal_Engine_Backups/May 08/Witch_Game/Content/3D_Assets/DimensionHome/SM_MetalRack.uexp" 2403
"C:/Users/hanna/Documents/SCHOOL_FILES/Spring 2025/Bachelor/Unreal_Engine_Backups/May 08/Witch_Game/Content/3D_Assets/DimensionHome/SM_PaintingSide.ubulk" 2404
"C:/Users/hanna/Documents/SCHOOL_FILES/Spring 2025/Bachelor/Unreal_Engine_Backups/May 08/Witch_Game/Content/3D_Assets/DimensionHome/SM_PaintingSide.uasset" 2405
"C:/Users/hanna/Documents/SCHOOL_FILES/Spring 2025/Bachelor/Unreal_Engine_Backups/May 08/Witch_Game/Content/3D_Assets/DimensionHome/SM_PaintingSide.uexp" 2406
"C:/Users/hanna/Documents/SCHOOL_FILES/Spring 2025/Bachelor/Unreal_Engine_Backups/May 08/Witch_Game/Content/3D_Assets/DimensionHome/Materials/Textures/SM_Chair_M_Chair_OcclusionRoughnessMetallic.ubulk" 2407
"C:/Users/hanna/Documents/SCHOOL_FILES/Spring 2025/Bachelor/Unreal_Engine_Backups/May 08/Witch_Game/Content/3D_Assets/DimensionHome/Materials/Textures/SM_Chair_M_Chair_OcclusionRoughnessMetallic.uasset" 2408
"C:/Users/hanna/Documents/SCHOOL_FILES/Spring 2025/Bachelor/Unreal_Engine_Backups/May 08/Witch_Game/Content/3D_Assets/DimensionHome/Materials/Textures/SM_Chair_M_Chair_OcclusionRoughnessMetallic.uexp" 2409
"C:/Users/hanna/Documents/SCHOOL_FILES/Spring 2025/Bachelor/Unreal_Engine_Backups/May 08/Witch_Game/Content/3D_Assets/DimensionHome/Materials/Textures/SM_Chair_M_Chair_Normal.ubulk" 2410
"C:/Users/hanna/Documents/SCHOOL_FILES/Spring 2025/Bachelor/Unreal_Engine_Backups/May 08/Witch_Game/Content/3D_Assets/DimensionHome/Materials/Textures/SM_Chair_M_Chair_Normal.uasset" 2411
"C:/Users/hanna/Documents/SCHOOL_FILES/Spring 2025/Bachelor/Unreal_Engine_Backups/May 08/Witch_Game/Content/3D_Assets/DimensionHome/Materials/Textures/SM_Chair_M_Chair_Normal.uexp" 2412
"C:/Users/hanna/Documents/SCHOOL_FILES/Spring 2025/Bachelor/Unreal_Engine_Backups/May 08/Witch_Game/Content/3D_Assets/DimensionHome/Materials/Textures/SM_Chair_M_Chair_BaseColor.ubulk" 2413
"C:/Users/hanna/Documents/SCHOOL_FILES/Spring 2025/Bachelor/Unreal_Engine_Backups/May 08/Witch_Game/Content/3D_Assets/DimensionHome/Materials/Textures/SM_Chair_M_Chair_BaseColor.uasset" 2414
"C:/Users/hanna/Documents/SCHOOL_FILES/Spring 2025/Bachelor/Unreal_Engine_Backups/May 08/Witch_Game/Content/3D_Assets/DimensionHome/Materials/Textures/SM_Chair_M_Chair_BaseColor.uexp" 2415
"C:/Users/hanna/Documents/SCHOOL_FILES/Spring 2025/Bachelor/Unreal_Engine_Backups/May 08/Witch_Game/Content/3D_Assets/DimensionHome/Materials/M_Chair.uasset" 2416
"C:/Users/hanna/Documents/SCHOOL_FILES/Spring 2025/Bachelor/Unreal_Engine_Backups/May 08/Witch_Game/Content/3D_Assets/DimensionHome/Materials/M_Chair.uexp" 2417
"C:/Users/hanna/Documents/SCHOOL_FILES/Spring 2025/Bachelor/Unreal_Engine_Backups/May 08/Witch_Game/Content/3D_Assets/DimensionHome/SM_Chair.ubulk" 2418
"C:/Users/hanna/Documents/SCHOOL_FILES/Spring 2025/Bachelor/Unreal_Engine_Backups/May 08/Witch_Game/Content/3D_Assets/DimensionHome/SM_Chair.uasset" 2419
"C:/Users/hanna/Documents/SCHOOL_FILES/Spring 2025/Bachelor/Unreal_Engine_Backups/May 08/Witch_Game/Content/3D_Assets/DimensionHome/SM_Chair.uexp" 2420
"C:/Users/hanna/Documents/SCHOOL_FILES/Spring 2025/Bachelor/Unreal_Engine_Backups/May 08/Witch_Game/Content/Audio/SE_KeyUnlock_Travel.ubulk" 2421
"C:/Users/hanna/Documents/SCHOOL_FILES/Spring 2025/Bachelor/Unreal_Engine_Backups/May 08/Witch_Game/Content/Audio/SE_KeyUnlock_Travel.uasset" 2422
"C:/Users/hanna/Documents/SCHOOL_FILES/Spring 2025/Bachelor/Unreal_Engine_Backups/May 08/Witch_Game/Content/Audio/SE_KeyUnlock_Travel.uexp" 2423
"C:/Users/hanna/Documents/SCHOOL_FILES/Spring 2025/Bachelor/Unreal_Engine_Backups/May 08/Witch_Game/Content/Audio/SE_Key_PickUp.ubulk" 2424
"C:/Users/hanna/Documents/SCHOOL_FILES/Spring 2025/Bachelor/Unreal_Engine_Backups/May 08/Witch_Game/Content/Audio/SE_Key_PickUp.uasset" 2425
"C:/Users/hanna/Documents/SCHOOL_FILES/Spring 2025/Bachelor/Unreal_Engine_Backups/May 08/Witch_Game/Content/Audio/SE_Key_PickUp.uexp" 2426
"C:/Users/hanna/Documents/SCHOOL_FILES/Spring 2025/Bachelor/Unreal_Engine_Backups/May 08/Witch_Game/Content/Audio/SE_Knock.ubulk" 2427
"C:/Users/hanna/Documents/SCHOOL_FILES/Spring 2025/Bachelor/Unreal_Engine_Backups/May 08/Witch_Game/Content/Audio/SE_Knock.uasset" 2428
"C:/Users/hanna/Documents/SCHOOL_FILES/Spring 2025/Bachelor/Unreal_Engine_Backups/May 08/Witch_Game/Content/Audio/SE_Knock.uexp" 2429
"C:/Users/hanna/Documents/SCHOOL_FILES/Spring 2025/Bachelor/Unreal_Engine_Backups/May 08/Witch_Game/Content/2D_Assets/TX_Entity.uasset" 2430
"C:/Users/hanna/Documents/SCHOOL_FILES/Spring 2025/Bachelor/Unreal_Engine_Backups/May 08/Witch_Game/Content/2D_Assets/TX_Entity.uexp" 2431
"C:/Users/hanna/Documents/SCHOOL_FILES/Spring 2025/Bachelor/Unreal_Engine_Backups/May 08/Witch_Game/Content/2D_Assets/M_Entity.uasset" 2432
"C:/Users/hanna/Documents/SCHOOL_FILES/Spring 2025/Bachelor/Unreal_Engine_Backups/May 08/Witch_Game/Content/2D_Assets/M_Entity.uexp" 2433
"C:/Users/hanna/Documents/SCHOOL_FILES/Spring 2025/Bachelor/Unreal_Engine_Backups/May 08/Witch_Game/Content/Interactable_Objects/BP_Entity.uasset" 2434
"C:/Users/hanna/Documents/SCHOOL_FILES/Spring 2025/Bachelor/Unreal_Engine_Backups/May 08/Witch_Game/Content/Interactable_Objects/BP_Entity.uexp" 2435
"C:/Users/hanna/Documents/SCHOOL_FILES/Spring 2025/Bachelor/Unreal_Engine_Backups/May 08/Witch_Game/Content/3D_Assets/DimensionHome/SM_FishSpear.ubulk" 2436
"C:/Users/hanna/Documents/SCHOOL_FILES/Spring 2025/Bachelor/Unreal_Engine_Backups/May 08/Witch_Game/Content/3D_Assets/DimensionHome/SM_FishSpear.uasset" 2437
"C:/Users/hanna/Documents/SCHOOL_FILES/Spring 2025/Bachelor/Unreal_Engine_Backups/May 08/Witch_Game/Content/3D_Assets/DimensionHome/SM_FishSpear.uexp" 2438
"C:/Users/hanna/Documents/SCHOOL_FILES/Spring 2025/Bachelor/Unreal_Engine_Backups/May 08/Witch_Game/Content/3D_Assets/DimensionHome/Materials/Textures/SM_Cabinet_M_Cabinet_Normal.ubulk" 2439
"C:/Users/hanna/Documents/SCHOOL_FILES/Spring 2025/Bachelor/Unreal_Engine_Backups/May 08/Witch_Game/Content/3D_Assets/DimensionHome/Materials/Textures/SM_Cabinet_M_Cabinet_Normal.uasset" 2440
"C:/Users/hanna/Documents/SCHOOL_FILES/Spring 2025/Bachelor/Unreal_Engine_Backups/May 08/Witch_Game/Content/3D_Assets/DimensionHome/Materials/Textures/SM_Cabinet_M_Cabinet_Normal.uexp" 2441
"C:/Users/hanna/Documents/SCHOOL_FILES/Spring 2025/Bachelor/Unreal_Engine_Backups/May 08/Witch_Game/Content/3D_Assets/DimensionHome/Materials/Textures/SM_Cabinet_M_Cabinet_OcclusionRoughnessMetallic.ubulk" 2442
"C:/Users/hanna/Documents/SCHOOL_FILES/Spring 2025/Bachelor/Unreal_Engine_Backups/May 08/Witch_Game/Content/3D_Assets/DimensionHome/Materials/Textures/SM_Cabinet_M_Cabinet_OcclusionRoughnessMetallic.uasset" 2443
"C:/Users/hanna/Documents/SCHOOL_FILES/Spring 2025/Bachelor/Unreal_Engine_Backups/May 08/Witch_Game/Content/3D_Assets/DimensionHome/Materials/Textures/SM_Cabinet_M_Cabinet_OcclusionRoughnessMetallic.uexp" 2444
"C:/Users/hanna/Documents/SCHOOL_FILES/Spring 2025/Bachelor/Unreal_Engine_Backups/May 08/Witch_Game/Content/3D_Assets/DimensionHome/Materials/Textures/SM_Cabinet_M_Cabinet_BaseColor.ubulk" 2445
"C:/Users/hanna/Documents/SCHOOL_FILES/Spring 2025/Bachelor/Unreal_Engine_Backups/May 08/Witch_Game/Content/3D_Assets/DimensionHome/Materials/Textures/SM_Cabinet_M_Cabinet_BaseColor.uasset" 2446
"C:/Users/hanna/Documents/SCHOOL_FILES/Spring 2025/Bachelor/Unreal_Engine_Backups/May 08/Witch_Game/Content/3D_Assets/DimensionHome/Materials/Textures/SM_Cabinet_M_Cabinet_BaseColor.uexp" 2447
"C:/Users/hanna/Documents/SCHOOL_FILES/Spring 2025/Bachelor/Unreal_Engine_Backups/May 08/Witch_Game/Content/3D_Assets/DimensionHome/Materials/M_Cabinet.uasset" 2448
"C:/Users/hanna/Documents/SCHOOL_FILES/Spring 2025/Bachelor/Unreal_Engine_Backups/May 08/Witch_Game/Content/3D_Assets/DimensionHome/Materials/M_Cabinet.uexp" 2449
"C:/Users/hanna/Documents/SCHOOL_FILES/Spring 2025/Bachelor/Unreal_Engine_Backups/May 08/Witch_Game/Content/3D_Assets/DimensionHome/Materials/Textures/SM_Cabinet_M_CabinetMetal_Normal.ubulk" 2450
"C:/Users/hanna/Documents/SCHOOL_FILES/Spring 2025/Bachelor/Unreal_Engine_Backups/May 08/Witch_Game/Content/3D_Assets/DimensionHome/Materials/Textures/SM_Cabinet_M_CabinetMetal_Normal.uasset" 2451
"C:/Users/hanna/Documents/SCHOOL_FILES/Spring 2025/Bachelor/Unreal_Engine_Backups/May 08/Witch_Game/Content/3D_Assets/DimensionHome/Materials/Textures/SM_Cabinet_M_CabinetMetal_Normal.uexp" 2452
"C:/Users/hanna/Documents/SCHOOL_FILES/Spring 2025/Bachelor/Unreal_Engine_Backups/May 08/Witch_Game/Content/3D_Assets/DimensionHome/Materials/Textures/SM_Cabinet_M_CabinetMetal_BaseColor.ubulk" 2453
"C:/Users/hanna/Documents/SCHOOL_FILES/Spring 2025/Bachelor/Unreal_Engine_Backups/May 08/Witch_Game/Content/3D_Assets/DimensionHome/Materials/Textures/SM_Cabinet_M_CabinetMetal_BaseColor.uasset" 2454
"C:/Users/hanna/Documents/SCHOOL_FILES/Spring 2025/Bachelor/Unreal_Engine_Backups/May 08/Witch_Game/Content/3D_Assets/DimensionHome/Materials/Textures/SM_Cabinet_M_CabinetMetal_BaseColor.uexp" 2455
"C:/Users/hanna/Documents/SCHOOL_FILES/Spring 2025/Bachelor/Unreal_Engine_Backups/May 08/Witch_Game/Content/3D_Assets/DimensionHome/Materials/Textures/SM_Cabinet_M_CabinetMetal_OcclusionRoughnessMetallic.ubulk" 2456
"C:/Users/hanna/Documents/SCHOOL_FILES/Spring 2025/Bachelor/Unreal_Engine_Backups/May 08/Witch_Game/Content/3D_Assets/DimensionHome/Materials/Textures/SM_Cabinet_M_CabinetMetal_OcclusionRoughnessMetallic.uasset" 2457
"C:/Users/hanna/Documents/SCHOOL_FILES/Spring 2025/Bachelor/Unreal_Engine_Backups/May 08/Witch_Game/Content/3D_Assets/DimensionHome/Materials/Textures/SM_Cabinet_M_CabinetMetal_OcclusionRoughnessMetallic.uexp" 2458
"C:/Users/hanna/Documents/SCHOOL_FILES/Spring 2025/Bachelor/Unreal_Engine_Backups/May 08/Witch_Game/Content/3D_Assets/DimensionHome/Materials/M_CabinetMetal.uasset" 2459
"C:/Users/hanna/Documents/SCHOOL_FILES/Spring 2025/Bachelor/Unreal_Engine_Backups/May 08/Witch_Game/Content/3D_Assets/DimensionHome/Materials/M_CabinetMetal.uexp" 2460
"C:/Users/hanna/Documents/SCHOOL_FILES/Spring 2025/Bachelor/Unreal_Engine_Backups/May 08/Witch_Game/Content/3D_Assets/DimensionHome/SM_Cabinet.ubulk" 2461
"C:/Users/hanna/Documents/SCHOOL_FILES/Spring 2025/Bachelor/Unreal_Engine_Backups/May 08/Witch_Game/Content/3D_Assets/DimensionHome/SM_Cabinet.uasset" 2462
"C:/Users/hanna/Documents/SCHOOL_FILES/Spring 2025/Bachelor/Unreal_Engine_Backups/May 08/Witch_Game/Content/3D_Assets/DimensionHome/SM_Cabinet.uexp" 2463
"C:/Users/hanna/Documents/SCHOOL_FILES/Spring 2025/Bachelor/Unreal_Engine_Backups/May 08/Witch_Game/Content/3D_Assets/DimensionHome/SM_CookingPot.ubulk" 2464
"C:/Users/hanna/Documents/SCHOOL_FILES/Spring 2025/Bachelor/Unreal_Engine_Backups/May 08/Witch_Game/Content/3D_Assets/DimensionHome/SM_CookingPot.uasset" 2465
"C:/Users/hanna/Documents/SCHOOL_FILES/Spring 2025/Bachelor/Unreal_Engine_Backups/May 08/Witch_Game/Content/3D_Assets/DimensionHome/SM_CookingPot.uexp" 2466
"C:/Users/hanna/Documents/SCHOOL_FILES/Spring 2025/Bachelor/Unreal_Engine_Backups/May 08/Witch_Game/Content/3D_Assets/DimensionHome/Materials/Textures/SM_Door_T_DoorMetal_BaseColor.ubulk" 2467
"C:/Users/hanna/Documents/SCHOOL_FILES/Spring 2025/Bachelor/Unreal_Engine_Backups/May 08/Witch_Game/Content/3D_Assets/DimensionHome/Materials/Textures/SM_Door_T_DoorMetal_BaseColor.uasset" 2468
"C:/Users/hanna/Documents/SCHOOL_FILES/Spring 2025/Bachelor/Unreal_Engine_Backups/May 08/Witch_Game/Content/3D_Assets/DimensionHome/Materials/Textures/SM_Door_T_DoorMetal_BaseColor.uexp" 2469
"C:/Users/hanna/Documents/SCHOOL_FILES/Spring 2025/Bachelor/Unreal_Engine_Backups/May 08/Witch_Game/Content/3D_Assets/DimensionHome/Materials/Textures/SM_Door_T_DoorMetal_OcclusionRoughnessMetallic.ubulk" 2470
"C:/Users/hanna/Documents/SCHOOL_FILES/Spring 2025/Bachelor/Unreal_Engine_Backups/May 08/Witch_Game/Content/3D_Assets/DimensionHome/Materials/Textures/SM_Door_T_DoorMetal_OcclusionRoughnessMetallic.uasset" 2471
"C:/Users/hanna/Documents/SCHOOL_FILES/Spring 2025/Bachelor/Unreal_Engine_Backups/May 08/Witch_Game/Content/3D_Assets/DimensionHome/Materials/Textures/SM_Door_T_DoorMetal_OcclusionRoughnessMetallic.uexp" 2472
"C:/Users/hanna/Documents/SCHOOL_FILES/Spring 2025/Bachelor/Unreal_Engine_Backups/May 08/Witch_Game/Content/3D_Assets/DimensionHome/Materials/Textures/SM_Door_T_DoorMetal_Normal.ubulk" 2473
"C:/Users/hanna/Documents/SCHOOL_FILES/Spring 2025/Bachelor/Unreal_Engine_Backups/May 08/Witch_Game/Content/3D_Assets/DimensionHome/Materials/Textures/SM_Door_T_DoorMetal_Normal.uasset" 2474
"C:/Users/hanna/Documents/SCHOOL_FILES/Spring 2025/Bachelor/Unreal_Engine_Backups/May 08/Witch_Game/Content/3D_Assets/DimensionHome/Materials/Textures/SM_Door_T_DoorMetal_Normal.uexp" 2475
"C:/Users/hanna/Documents/SCHOOL_FILES/Spring 2025/Bachelor/Unreal_Engine_Backups/May 08/Witch_Game/Content/3D_Assets/DimensionHome/Materials/M_DoorMetal.uasset" 2476
"C:/Users/hanna/Documents/SCHOOL_FILES/Spring 2025/Bachelor/Unreal_Engine_Backups/May 08/Witch_Game/Content/3D_Assets/DimensionHome/Materials/M_DoorMetal.uexp" 2477
"C:/Users/hanna/Documents/SCHOOL_FILES/Spring 2025/Bachelor/Unreal_Engine_Backups/May 08/Witch_Game/Content/3D_Assets/DimensionHome/Materials/Textures/SM_Door_T_DoorWood_OcclusionRoughnessMetallic.ubulk" 2478
"C:/Users/hanna/Documents/SCHOOL_FILES/Spring 2025/Bachelor/Unreal_Engine_Backups/May 08/Witch_Game/Content/3D_Assets/DimensionHome/Materials/Textures/SM_Door_T_DoorWood_OcclusionRoughnessMetallic.uasset" 2479
"C:/Users/hanna/Documents/SCHOOL_FILES/Spring 2025/Bachelor/Unreal_Engine_Backups/May 08/Witch_Game/Content/3D_Assets/DimensionHome/Materials/Textures/SM_Door_T_DoorWood_OcclusionRoughnessMetallic.uexp" 2480
"C:/Users/hanna/Documents/SCHOOL_FILES/Spring 2025/Bachelor/Unreal_Engine_Backups/May 08/Witch_Game/Content/3D_Assets/DimensionHome/Materials/Textures/SM_Door_T_DoorWood_BaseColor.ubulk" 2481
"C:/Users/hanna/Documents/SCHOOL_FILES/Spring 2025/Bachelor/Unreal_Engine_Backups/May 08/Witch_Game/Content/3D_Assets/DimensionHome/Materials/Textures/SM_Door_T_DoorWood_BaseColor.uasset" 2482
"C:/Users/hanna/Documents/SCHOOL_FILES/Spring 2025/Bachelor/Unreal_Engine_Backups/May 08/Witch_Game/Content/3D_Assets/DimensionHome/Materials/Textures/SM_Door_T_DoorWood_BaseColor.uexp" 2483
"C:/Users/hanna/Documents/SCHOOL_FILES/Spring 2025/Bachelor/Unreal_Engine_Backups/May 08/Witch_Game/Content/3D_Assets/DimensionHome/Materials/Textures/SM_Door_T_DoorWood_Normal.ubulk" 2484
"C:/Users/hanna/Documents/SCHOOL_FILES/Spring 2025/Bachelor/Unreal_Engine_Backups/May 08/Witch_Game/Content/3D_Assets/DimensionHome/Materials/Textures/SM_Door_T_DoorWood_Normal.uasset" 2485
"C:/Users/hanna/Documents/SCHOOL_FILES/Spring 2025/Bachelor/Unreal_Engine_Backups/May 08/Witch_Game/Content/3D_Assets/DimensionHome/Materials/Textures/SM_Door_T_DoorWood_Normal.uexp" 2486
"C:/Users/hanna/Documents/SCHOOL_FILES/Spring 2025/Bachelor/Unreal_Engine_Backups/May 08/Witch_Game/Content/3D_Assets/DimensionHome/Materials/M_DoorWood.uasset" 2487
"C:/Users/hanna/Documents/SCHOOL_FILES/Spring 2025/Bachelor/Unreal_Engine_Backups/May 08/Witch_Game/Content/3D_Assets/DimensionHome/Materials/M_DoorWood.uexp" 2488
"C:/Users/hanna/Documents/SCHOOL_FILES/Spring 2025/Bachelor/Unreal_Engine_Backups/May 08/Witch_Game/Content/3D_Assets/DimensionHome/SM_Door.ubulk" 2489
"C:/Users/hanna/Documents/SCHOOL_FILES/Spring 2025/Bachelor/Unreal_Engine_Backups/May 08/Witch_Game/Content/3D_Assets/DimensionHome/SM_Door.uasset" 2490
"C:/Users/hanna/Documents/SCHOOL_FILES/Spring 2025/Bachelor/Unreal_Engine_Backups/May 08/Witch_Game/Content/3D_Assets/DimensionHome/SM_Door.uexp" 2491
"C:/Users/hanna/Documents/SCHOOL_FILES/Spring 2025/Bachelor/Unreal_Engine_Backups/May 08/Witch_Game/Content/Audio/SE_Door.ubulk" 2492
"C:/Users/hanna/Documents/SCHOOL_FILES/Spring 2025/Bachelor/Unreal_Engine_Backups/May 08/Witch_Game/Content/Audio/SE_Door.uasset" 2493
"C:/Users/hanna/Documents/SCHOOL_FILES/Spring 2025/Bachelor/Unreal_Engine_Backups/May 08/Witch_Game/Content/Audio/SE_Door.uexp" 2494
"C:/Users/hanna/Documents/SCHOOL_FILES/Spring 2025/Bachelor/Unreal_Engine_Backups/May 08/Witch_Game/Content/Interactable_Objects/BP_Interact_Door.uasset" 2495
"C:/Users/hanna/Documents/SCHOOL_FILES/Spring 2025/Bachelor/Unreal_Engine_Backups/May 08/Witch_Game/Content/Interactable_Objects/BP_Interact_Door.uexp" 2496
"C:/Users/hanna/Documents/SCHOOL_FILES/Spring 2025/Bachelor/Unreal_Engine_Backups/May 08/Witch_Game/Content/3D_Assets/DimensionHome/SM_Rope.ubulk" 2497
"C:/Users/hanna/Documents/SCHOOL_FILES/Spring 2025/Bachelor/Unreal_Engine_Backups/May 08/Witch_Game/Content/3D_Assets/DimensionHome/SM_Rope.uasset" 2498
"C:/Users/hanna/Documents/SCHOOL_FILES/Spring 2025/Bachelor/Unreal_Engine_Backups/May 08/Witch_Game/Content/3D_Assets/DimensionHome/SM_Rope.uexp" 2499
"C:/Users/hanna/Documents/SCHOOL_FILES/Spring 2025/Bachelor/Unreal_Engine_Backups/May 08/Witch_Game/Content/3D_Assets/DimensionHome/SM_Bottle01.ubulk" 2500
"C:/Users/hanna/Documents/SCHOOL_FILES/Spring 2025/Bachelor/Unreal_Engine_Backups/May 08/Witch_Game/Content/3D_Assets/DimensionHome/SM_Bottle01.uasset" 2501
"C:/Users/hanna/Documents/SCHOOL_FILES/Spring 2025/Bachelor/Unreal_Engine_Backups/May 08/Witch_Game/Content/3D_Assets/DimensionHome/SM_Bottle01.uexp" 2502
"C:/Users/hanna/Documents/SCHOOL_FILES/Spring 2025/Bachelor/Unreal_Engine_Backups/May 08/Witch_Game/Content/Levels/Level_HomeDimension.uexp" 2503
"C:/Users/hanna/Documents/SCHOOL_FILES/Spring 2025/Bachelor/Unreal_Engine_Backups/May 08/Witch_Game/Content/Levels/Level_HomeDimension.ubulk" 2504
"C:/Users/hanna/Documents/SCHOOL_FILES/Spring 2025/Bachelor/Unreal_Engine_Backups/May 08/Witch_Game/Content/Levels/Level_HomeDimension.umap" 2505
"../../../Engine/Content/Functions/Engine_MaterialFunctions01/Gradient/LinearGradient.uasset" 2506
"../../../Engine/Content/Functions/Engine_MaterialFunctions01/Gradient/LinearGradient.uexp" 2507
"../../../Engine/Content/Functions/Engine_MaterialFunctions01/ImageAdjustment/CheapContrast.uasset" 2508
"../../../Engine/Content/Functions/Engine_MaterialFunctions01/ImageAdjustment/CheapContrast.uexp" 2509
"../../../Engine/Content/Functions/Engine_MaterialFunctions02/Texturing/HeightLerp.uasset" 2510
"../../../Engine/Content/Functions/Engine_MaterialFunctions02/Texturing/HeightLerp.uexp" 2511
"../../../Engine/Plugins/Experimental/Water/Content/Materials/MPC/MPC_Water.uasset" 2512
"../../../Engine/Plugins/Experimental/Water/Content/Materials/MPC/MPC_Water.uexp" 2513
"../../../Engine/Content/Functions/Engine_MaterialFunctions01/Gradient/BoxMask-2D.uasset" 2514
"../../../Engine/Content/Functions/Engine_MaterialFunctions01/Gradient/BoxMask-2D.uexp" 2515
"../../../Engine/Plugins/Experimental/Water/Content/FluidSimulation/WaveFoam/FoamRT.uasset" 2516
"../../../Engine/Plugins/Experimental/Water/Content/FluidSimulation/WaveFoam/FoamRT.uexp" 2517
"../../../Engine/Plugins/Experimental/Water/Content/Textures/Foam/T_WaterFlow_01_Foam_Tiled.ubulk" 2518
"../../../Engine/Plugins/Experimental/Water/Content/Textures/Foam/T_WaterFlow_01_Foam_Tiled.uasset" 2519
"../../../Engine/Plugins/Experimental/Water/Content/Textures/Foam/T_WaterFlow_01_Foam_Tiled.uexp" 2520
"../../../Engine/Plugins/Experimental/Water/Content/Materials/Functions/WaterZoneData.uasset" 2521
"../../../Engine/Plugins/Experimental/Water/Content/Materials/Functions/WaterZoneData.uexp" 2522
"../../../Engine/Plugins/Experimental/Water/Content/Textures/Black.uasset" 2523
"../../../Engine/Plugins/Experimental/Water/Content/Textures/Black.uexp" 2524
"../../../Engine/Plugins/Experimental/Water/Content/Materials/Functions/HighQualityTextureFiltering.uasset" 2525
"../../../Engine/Plugins/Experimental/Water/Content/Materials/Functions/HighQualityTextureFiltering.uexp" 2526
"../../../Engine/Plugins/Experimental/Water/Content/Materials/Functions/WaterBodyData.uasset" 2527
"../../../Engine/Plugins/Experimental/Water/Content/Materials/Functions/WaterBodyData.uexp" 2528
"../../../Engine/Plugins/Experimental/Water/Content/Textures/Foam/T_WaterFlow_01_Foam_Tiled_N.ubulk" 2529
"../../../Engine/Plugins/Experimental/Water/Content/Textures/Foam/T_WaterFlow_01_Foam_Tiled_N.uasset" 2530
"../../../Engine/Plugins/Experimental/Water/Content/Textures/Foam/T_WaterFlow_01_Foam_Tiled_N.uexp" 2531
"../../../Engine/Content/EngineSky/VolumetricClouds/T_VolumeNoiseShape128.uasset" 2532
"../../../Engine/Content/EngineSky/VolumetricClouds/T_VolumeNoiseShape128.uexp" 2533
"../../../Engine/Plugins/Experimental/Water/Content/Materials/Layers/BeachFoam.uasset" 2534
"../../../Engine/Plugins/Experimental/Water/Content/Materials/Layers/BeachFoam.uexp" 2535
"../../../Engine/Plugins/Experimental/Water/Content/Materials/Functions/WaterOpacityMaskFromDepth.uasset" 2536
"../../../Engine/Plugins/Experimental/Water/Content/Materials/Functions/WaterOpacityMaskFromDepth.uexp" 2537
"../../../Engine/Plugins/Experimental/Water/Content/Textures/Flowmaps/RiverFlowmap_Diffuse.ubulk" 2538
"../../../Engine/Plugins/Experimental/Water/Content/Textures/Flowmaps/RiverFlowmap_Diffuse.uasset" 2539
"../../../Engine/Plugins/Experimental/Water/Content/Textures/Flowmaps/RiverFlowmap_Diffuse.uexp" 2540
"../../../Engine/Content/Functions/Engine_MaterialFunctions01/Coordinates/WorldPosition-XY.uasset" 2541
"../../../Engine/Content/Functions/Engine_MaterialFunctions01/Coordinates/WorldPosition-XY.uexp" 2542
"../../../Engine/Plugins/Experimental/Water/Content/Textures/Flowmaps/RiverFlowmap_Normal.ubulk" 2543
"../../../Engine/Plugins/Experimental/Water/Content/Textures/Flowmaps/RiverFlowmap_Normal.uasset" 2544
"../../../Engine/Plugins/Experimental/Water/Content/Textures/Flowmaps/RiverFlowmap_Normal.uexp" 2545
"../../../Engine/Content/Functions/Engine_MaterialFunctions02/Utility/BlendAngleCorrectedNormals.uasset" 2546
"../../../Engine/Content/Functions/Engine_MaterialFunctions02/Utility/BlendAngleCorrectedNormals.uexp" 2547
"../../../Engine/Content/Functions/Engine_MaterialFunctions02/Math/MakeVectorsOrthogonal.uasset" 2548
"../../../Engine/Content/Functions/Engine_MaterialFunctions02/Math/MakeVectorsOrthogonal.uexp" 2549
"../../../Engine/Content/Functions/Engine_MaterialFunctions01/Texturing/ComputeMipLevel.uasset" 2550
"../../../Engine/Content/Functions/Engine_MaterialFunctions01/Texturing/ComputeMipLevel.uexp" 2551
"../../../Engine/Content/EngineMaterials/DefaultNormal.ubulk" 2552
"../../../Engine/Content/EngineMaterials/DefaultNormal.uasset" 2553
"../../../Engine/Content/EngineMaterials/DefaultNormal.uexp" 2554
"../../../Engine/Content/Functions/Engine_MaterialFunctions02/Math/TimeWithSpeedVariable.uasset" 2555
"../../../Engine/Content/Functions/Engine_MaterialFunctions02/Math/TimeWithSpeedVariable.uexp" 2556
"../../../Engine/Content/Functions/Engine_MaterialFunctions02/Utility/LinearSine.uasset" 2557
"../../../Engine/Content/Functions/Engine_MaterialFunctions02/Utility/LinearSine.uexp" 2558
"../../../Engine/Content/Functions/Engine_MaterialFunctions02/Texturing/Flowmaps.uasset" 2559
"../../../Engine/Content/Functions/Engine_MaterialFunctions02/Texturing/Flowmaps.uexp" 2560
"../../../Engine/Plugins/Experimental/Water/Content/Materials/Functions/WaterRiverFlowmaps.uasset" 2561
"../../../Engine/Plugins/Experimental/Water/Content/Materials/Functions/WaterRiverFlowmaps.uexp" 2562
"../../../Engine/Plugins/Experimental/Water/Content/Materials/Layers/WaterAttributes.uasset" 2563
"../../../Engine/Plugins/Experimental/Water/Content/Materials/Layers/WaterAttributes.uexp" 2564
"../../../Engine/Plugins/Experimental/Water/Content/Materials/Functions/ClipDynamicBounds.uasset" 2565
"../../../Engine/Plugins/Experimental/Water/Content/Materials/Functions/ClipDynamicBounds.uexp" 2566
"../../../Engine/Plugins/Experimental/Water/Content/Materials/Functions/Water_Underside.uasset" 2567
"../../../Engine/Plugins/Experimental/Water/Content/Materials/Functions/Water_Underside.uexp" 2568
"../../../Engine/Plugins/Experimental/Water/Content/Materials/Functions/ComputeWavesAttenuationFactor.uasset" 2569
"../../../Engine/Plugins/Experimental/Water/Content/Materials/Functions/ComputeWavesAttenuationFactor.uexp" 2570
"../../../Engine/Plugins/Experimental/Water/Content/Materials/Functions/WaveDepthFalloff_Overrides.uasset" 2571
"../../../Engine/Plugins/Experimental/Water/Content/Materials/Functions/WaveDepthFalloff_Overrides.uexp" 2572
"../../../Engine/Plugins/Experimental/Water/Content/Materials/Functions/ComputeGerstnerWaves.uasset" 2573
"../../../Engine/Plugins/Experimental/Water/Content/Materials/Functions/ComputeGerstnerWaves.uexp" 2574
"../../../Engine/Content/Functions/Engine_MaterialFunctions01/Opacity/AlphaOffset.uasset" 2575
"../../../Engine/Content/Functions/Engine_MaterialFunctions01/Opacity/AlphaOffset.uexp" 2576
"../../../Engine/Plugins/Experimental/Water/Content/FluidSimulation/Materials/Functions/Fluidsim_WorldPosition_to_UV.uasset" 2577
"../../../Engine/Plugins/Experimental/Water/Content/FluidSimulation/Materials/Functions/Fluidsim_WorldPosition_to_UV.uexp" 2578
"../../../Engine/Plugins/Experimental/Water/Content/FluidSimulation/WaveFoam/WaterDistanceField.uasset" 2579
"../../../Engine/Plugins/Experimental/Water/Content/FluidSimulation/WaveFoam/WaterDistanceField.uexp" 2580
"../../../Engine/Plugins/Experimental/Water/Content/Materials/Functions/SampleFluidSimulation.uasset" 2581
"../../../Engine/Plugins/Experimental/Water/Content/Materials/Functions/SampleFluidSimulation.uexp" 2582
"../../../Engine/Plugins/Experimental/Water/Content/Materials/Functions/WaterTextureWaves.uasset" 2583
"../../../Engine/Plugins/Experimental/Water/Content/Materials/Functions/WaterTextureWaves.uexp" 2584
"../../../Engine/Plugins/Experimental/Water/Content/Textures/Normals/T_Water_TilingNormal_With_Height_02_Softened.ubulk" 2585
"../../../Engine/Plugins/Experimental/Water/Content/Textures/Normals/T_Water_TilingNormal_With_Height_02_Softened.uasset" 2586
"../../../Engine/Plugins/Experimental/Water/Content/Textures/Normals/T_Water_TilingNormal_With_Height_02_Softened.uexp" 2587
"../../../Engine/Plugins/Experimental/Water/Content/Materials/Functions/WaterTextureSurface.uasset" 2588
"../../../Engine/Plugins/Experimental/Water/Content/Materials/Functions/WaterTextureSurface.uexp" 2589
"../../../Engine/Plugins/Experimental/Water/Content/Caustics/Materials/Functions/GetDistortionUV.uasset" 2590
"../../../Engine/Plugins/Experimental/Water/Content/Caustics/Materials/Functions/GetDistortionUV.uexp" 2591
"../../../Engine/Plugins/Experimental/Water/Content/Materials/Functions/WorldNormalBehindWater.uasset" 2592
"../../../Engine/Plugins/Experimental/Water/Content/Materials/Functions/WorldNormalBehindWater.uexp" 2593
"../../../Engine/Plugins/Experimental/Water/Content/Materials/Functions/GetWaterTime.uasset" 2594
"../../../Engine/Plugins/Experimental/Water/Content/Materials/Functions/GetWaterTime.uexp" 2595
"../../../Engine/Plugins/Experimental/Water/Content/Materials/Functions/WorldPositionBehindWater.uasset" 2596
"../../../Engine/Plugins/Experimental/Water/Content/Materials/Functions/WorldPositionBehindWater.uexp" 2597
"../../../Engine/Plugins/Experimental/Water/Content/Caustics/Materials/Functions/WaterCaustics_GerstnerWaves.uasset" 2598
"../../../Engine/Plugins/Experimental/Water/Content/Caustics/Materials/Functions/WaterCaustics_GerstnerWaves.uexp" 2599
"../../../Engine/Plugins/Experimental/Water/Content/Materials/Functions/SetWaveAttributes.uasset" 2600
"../../../Engine/Plugins/Experimental/Water/Content/Materials/Functions/SetWaveAttributes.uexp" 2601
"../../../Engine/Plugins/Experimental/Water/Content/Materials/Functions/WaterHeightMappingVS.uasset" 2602
"../../../Engine/Plugins/Experimental/Water/Content/Materials/Functions/WaterHeightMappingVS.uexp" 2603
"../../../Engine/Plugins/Experimental/Water/Content/Materials/Functions/WaveVelocityMask.uasset" 2604
"../../../Engine/Plugins/Experimental/Water/Content/Materials/Functions/WaveVelocityMask.uexp" 2605
"../../../Engine/Plugins/Experimental/Water/Content/Materials/Functions/WaterCoefficientMask.uasset" 2606
"../../../Engine/Plugins/Experimental/Water/Content/Materials/Functions/WaterCoefficientMask.uexp" 2607
"../../../Engine/Plugins/Experimental/Water/Content/Materials/WaterSurface/Water_Material.uasset" 2608
"../../../Engine/Plugins/Experimental/Water/Content/Materials/WaterSurface/Water_Material.uexp" 2609
"../../../Engine/Plugins/Experimental/Water/Content/Materials/WaterSurface/Water_FarMesh.uasset" 2610
"../../../Engine/Plugins/Experimental/Water/Content/Materials/WaterSurface/Water_FarMesh.uexp" 2611
"C:/Users/hanna/Documents/SCHOOL_FILES/Spring 2025/Bachelor/Unreal_Engine_Backups/May 08/Witch_Game/Content/3D_Assets/DimensionX/Materials/Textures/Stones_low_StonesV2_BaseColor.ubulk" 2612
"C:/Users/hanna/Documents/SCHOOL_FILES/Spring 2025/Bachelor/Unreal_Engine_Backups/May 08/Witch_Game/Content/3D_Assets/DimensionX/Materials/Textures/Stones_low_StonesV2_BaseColor.uasset" 2613
"C:/Users/hanna/Documents/SCHOOL_FILES/Spring 2025/Bachelor/Unreal_Engine_Backups/May 08/Witch_Game/Content/3D_Assets/DimensionX/Materials/Textures/Stones_low_StonesV2_BaseColor.uexp" 2614
"C:/Users/hanna/Documents/SCHOOL_FILES/Spring 2025/Bachelor/Unreal_Engine_Backups/May 08/Witch_Game/Content/3D_Assets/DimensionX/Materials/M_STONES_V2.uasset" 2615
"C:/Users/hanna/Documents/SCHOOL_FILES/Spring 2025/Bachelor/Unreal_Engine_Backups/May 08/Witch_Game/Content/3D_Assets/DimensionX/Materials/M_STONES_V2.uexp" 2616
"C:/Users/hanna/Documents/SCHOOL_FILES/Spring 2025/Bachelor/Unreal_Engine_Backups/May 08/Witch_Game/Content/3D_Assets/DimensionX/SM_MIDSTONE_V2.ubulk" 2617
"C:/Users/hanna/Documents/SCHOOL_FILES/Spring 2025/Bachelor/Unreal_Engine_Backups/May 08/Witch_Game/Content/3D_Assets/DimensionX/SM_MIDSTONE_V2.uasset" 2618
"C:/Users/hanna/Documents/SCHOOL_FILES/Spring 2025/Bachelor/Unreal_Engine_Backups/May 08/Witch_Game/Content/3D_Assets/DimensionX/SM_MIDSTONE_V2.uexp" 2619
"C:/Users/hanna/Documents/SCHOOL_FILES/Spring 2025/Bachelor/Unreal_Engine_Backups/May 08/Witch_Game/Content/3D_Assets/DimensionX/SM_MIDSTONE_MOSS_V3.ubulk" 2620
"C:/Users/hanna/Documents/SCHOOL_FILES/Spring 2025/Bachelor/Unreal_Engine_Backups/May 08/Witch_Game/Content/3D_Assets/DimensionX/SM_MIDSTONE_MOSS_V3.uasset" 2621
"C:/Users/hanna/Documents/SCHOOL_FILES/Spring 2025/Bachelor/Unreal_Engine_Backups/May 08/Witch_Game/Content/3D_Assets/DimensionX/SM_MIDSTONE_MOSS_V3.uexp" 2622
"../../../Engine/Content/Functions/Engine_MaterialFunctions02/ExampleContent/Textures/water_d.ubulk" 2623
"../../../Engine/Content/Functions/Engine_MaterialFunctions02/ExampleContent/Textures/water_d.uasset" 2624
"../../../Engine/Content/Functions/Engine_MaterialFunctions02/ExampleContent/Textures/water_d.uexp" 2625
"../../../Engine/Content/Functions/Engine_MaterialFunctions02/ExampleContent/Textures/water_n.ubulk" 2626
"../../../Engine/Content/Functions/Engine_MaterialFunctions02/ExampleContent/Textures/water_n.uasset" 2627
"../../../Engine/Content/Functions/Engine_MaterialFunctions02/ExampleContent/Textures/water_n.uexp" 2628
"../../../Engine/Content/EngineResources/DefaultTexture.ubulk" 2629
"../../../Engine/Content/EngineResources/DefaultTexture.uasset" 2630
"../../../Engine/Content/EngineResources/DefaultTexture.uexp" 2631
"../../../Engine/Plugins/Experimental/Water/Content/Materials/WaterSurface/Water_Material_Inst.uasset" 2632
"../../../Engine/Plugins/Experimental/Water/Content/Materials/WaterSurface/Water_Material_Inst.uexp" 2633
"../../../Engine/Plugins/Experimental/Water/Content/Materials/WaterSurface/Water_Material_River.uasset" 2634
"../../../Engine/Plugins/Experimental/Water/Content/Materials/WaterSurface/Water_Material_River.uexp" 2635
"../../../Engine/Plugins/Experimental/Water/Content/Materials/WaterSurface/Transitions/Water_Material_River_To_Ocean_Transition.uasset" 2636
"../../../Engine/Plugins/Experimental/Water/Content/Materials/WaterSurface/Transitions/Water_Material_River_To_Ocean_Transition.uexp" 2637
"../../../Engine/Plugins/Experimental/Water/Content/Meshes/LakeMesh.ubulk" 2638
"../../../Engine/Plugins/Experimental/Water/Content/Meshes/LakeMesh.uasset" 2639
"../../../Engine/Plugins/Experimental/Water/Content/Meshes/LakeMesh.uexp" 2640
"../../../Engine/Content/EngineSky/C_Sky_Horizon_Color.uasset" 2641
"../../../Engine/Content/EngineSky/C_Sky_Horizon_Color.uexp" 2642
"../../../Engine/Content/EngineSky/C_Sky_Cloud_Color.uasset" 2643
"../../../Engine/Content/EngineSky/C_Sky_Cloud_Color.uexp" 2644
"../../../Engine/Content/EngineSky/C_Sky_Zenith_Color.uasset" 2645
"../../../Engine/Content/EngineSky/C_Sky_Zenith_Color.uexp" 2646
"../../../Engine/Content/EngineSky/BP_Sky_Sphere.uasset" 2647
"../../../Engine/Content/EngineSky/BP_Sky_Sphere.uexp" 2648
"C:/Users/hanna/Documents/SCHOOL_FILES/Spring 2025/Bachelor/Unreal_Engine_Backups/May 08/Witch_Game/Content/3D_Assets/DimensionX/Materials/Textures/T_EYEFLOWER_BaseColor.ubulk" 2649
"C:/Users/hanna/Documents/SCHOOL_FILES/Spring 2025/Bachelor/Unreal_Engine_Backups/May 08/Witch_Game/Content/3D_Assets/DimensionX/Materials/Textures/T_EYEFLOWER_BaseColor.uasset" 2650
"C:/Users/hanna/Documents/SCHOOL_FILES/Spring 2025/Bachelor/Unreal_Engine_Backups/May 08/Witch_Game/Content/3D_Assets/DimensionX/Materials/Textures/T_EYEFLOWER_BaseColor.uexp" 2651
"C:/Users/hanna/Documents/SCHOOL_FILES/Spring 2025/Bachelor/Unreal_Engine_Backups/May 08/Witch_Game/Content/3D_Assets/DimensionX/Materials/M_FLOWER_MOVEABLE.uasset" 2652
"C:/Users/hanna/Documents/SCHOOL_FILES/Spring 2025/Bachelor/Unreal_Engine_Backups/May 08/Witch_Game/Content/3D_Assets/DimensionX/Materials/M_FLOWER_MOVEABLE.uexp" 2653
"C:/Users/hanna/Documents/SCHOOL_FILES/Spring 2025/Bachelor/Unreal_Engine_Backups/May 08/Witch_Game/Content/3D_Assets/DimensionX/SM_FLOWER_MOVEABLE_Flower.ubulk" 2654
"C:/Users/hanna/Documents/SCHOOL_FILES/Spring 2025/Bachelor/Unreal_Engine_Backups/May 08/Witch_Game/Content/3D_Assets/DimensionX/SM_FLOWER_MOVEABLE_Flower.uasset" 2655
"C:/Users/hanna/Documents/SCHOOL_FILES/Spring 2025/Bachelor/Unreal_Engine_Backups/May 08/Witch_Game/Content/3D_Assets/DimensionX/SM_FLOWER_MOVEABLE_Flower.uexp" 2656
"C:/Users/hanna/Documents/SCHOOL_FILES/Spring 2025/Bachelor/Unreal_Engine_Backups/May 08/Witch_Game/Content/3D_Assets/DimensionX/SM_FLOWER_MOVEABLE_Flower_leaves.ubulk" 2657
"C:/Users/hanna/Documents/SCHOOL_FILES/Spring 2025/Bachelor/Unreal_Engine_Backups/May 08/Witch_Game/Content/3D_Assets/DimensionX/SM_FLOWER_MOVEABLE_Flower_leaves.uasset" 2658
"C:/Users/hanna/Documents/SCHOOL_FILES/Spring 2025/Bachelor/Unreal_Engine_Backups/May 08/Witch_Game/Content/3D_Assets/DimensionX/SM_FLOWER_MOVEABLE_Flower_leaves.uexp" 2659
"C:/Users/hanna/Documents/SCHOOL_FILES/Spring 2025/Bachelor/Unreal_Engine_Backups/May 08/Witch_Game/Content/3D_Assets/DimensionX/BP_EyeFlower.uasset" 2660
"C:/Users/hanna/Documents/SCHOOL_FILES/Spring 2025/Bachelor/Unreal_Engine_Backups/May 08/Witch_Game/Content/3D_Assets/DimensionX/BP_EyeFlower.uexp" 2661
"../../../Engine/Plugins/Experimental/Water/Content/Materials/WaterSurface/Water_Material_Lake.uasset" 2662
"../../../Engine/Plugins/Experimental/Water/Content/Materials/WaterSurface/Water_Material_Lake.uexp" 2663
"../../../Engine/Plugins/Experimental/Water/Content/Materials/WaterSurface/LODs/Water_Material_Lake_LOD.uasset" 2664
"../../../Engine/Plugins/Experimental/Water/Content/Materials/WaterSurface/LODs/Water_Material_Lake_LOD.uexp" 2665
"C:/Users/hanna/Documents/SCHOOL_FILES/Spring 2025/Bachelor/Unreal_Engine_Backups/May 08/Witch_Game/Content/3D_Assets/DimensionX/ParticleTest.uasset" 2666
"C:/Users/hanna/Documents/SCHOOL_FILES/Spring 2025/Bachelor/Unreal_Engine_Backups/May 08/Witch_Game/Content/3D_Assets/DimensionX/ParticleTest.uexp" 2667
"C:/Users/hanna/Documents/SCHOOL_FILES/Spring 2025/Bachelor/Unreal_Engine_Backups/May 08/Witch_Game/Content/3D_Assets/DimensionX/SM_SMALLSTONE_MOSS_V1.ubulk" 2668
"C:/Users/hanna/Documents/SCHOOL_FILES/Spring 2025/Bachelor/Unreal_Engine_Backups/May 08/Witch_Game/Content/3D_Assets/DimensionX/SM_SMALLSTONE_MOSS_V1.uasset" 2669
"C:/Users/hanna/Documents/SCHOOL_FILES/Spring 2025/Bachelor/Unreal_Engine_Backups/May 08/Witch_Game/Content/3D_Assets/DimensionX/SM_SMALLSTONE_MOSS_V1.uexp" 2670
"C:/Users/hanna/Documents/SCHOOL_FILES/Spring 2025/Bachelor/Unreal_Engine_Backups/May 08/Witch_Game/Content/3D_Assets/DimensionX/Materials/Textures/SM_BRIBLOM_LOW_briblomv3_BaseColor.ubulk" 2671
"C:/Users/hanna/Documents/SCHOOL_FILES/Spring 2025/Bachelor/Unreal_Engine_Backups/May 08/Witch_Game/Content/3D_Assets/DimensionX/Materials/Textures/SM_BRIBLOM_LOW_briblomv3_BaseColor.uasset" 2672
"C:/Users/hanna/Documents/SCHOOL_FILES/Spring 2025/Bachelor/Unreal_Engine_Backups/May 08/Witch_Game/Content/3D_Assets/DimensionX/Materials/Textures/SM_BRIBLOM_LOW_briblomv3_BaseColor.uexp" 2673
"C:/Users/hanna/Documents/SCHOOL_FILES/Spring 2025/Bachelor/Unreal_Engine_Backups/May 08/Witch_Game/Content/3D_Assets/DimensionX/Materials/M_BRIBLOM_V3.uasset" 2674
"C:/Users/hanna/Documents/SCHOOL_FILES/Spring 2025/Bachelor/Unreal_Engine_Backups/May 08/Witch_Game/Content/3D_Assets/DimensionX/Materials/M_BRIBLOM_V3.uexp" 2675
"C:/Users/hanna/Documents/SCHOOL_FILES/Spring 2025/Bachelor/Unreal_Engine_Backups/May 08/Witch_Game/Content/3D_Assets/DimensionX/SM_BRIBLOM_V3.ubulk" 2676
"C:/Users/hanna/Documents/SCHOOL_FILES/Spring 2025/Bachelor/Unreal_Engine_Backups/May 08/Witch_Game/Content/3D_Assets/DimensionX/SM_BRIBLOM_V3.uasset" 2677
"C:/Users/hanna/Documents/SCHOOL_FILES/Spring 2025/Bachelor/Unreal_Engine_Backups/May 08/Witch_Game/Content/3D_Assets/DimensionX/SM_BRIBLOM_V3.uexp" 2678
"C:/Users/hanna/Documents/SCHOOL_FILES/Spring 2025/Bachelor/Unreal_Engine_Backups/May 08/Witch_Game/Content/3D_Assets/DimensionX/Materials/M_EYEFLOWER.uasset" 2679
"C:/Users/hanna/Documents/SCHOOL_FILES/Spring 2025/Bachelor/Unreal_Engine_Backups/May 08/Witch_Game/Content/3D_Assets/DimensionX/Materials/M_EYEFLOWER.uexp" 2680
"C:/Users/hanna/Documents/SCHOOL_FILES/Spring 2025/Bachelor/Unreal_Engine_Backups/May 08/Witch_Game/Content/3D_Assets/DimensionX/SM_EYEFLOWER.ubulk" 2681
"C:/Users/hanna/Documents/SCHOOL_FILES/Spring 2025/Bachelor/Unreal_Engine_Backups/May 08/Witch_Game/Content/3D_Assets/DimensionX/SM_EYEFLOWER.uasset" 2682
"C:/Users/hanna/Documents/SCHOOL_FILES/Spring 2025/Bachelor/Unreal_Engine_Backups/May 08/Witch_Game/Content/3D_Assets/DimensionX/SM_EYEFLOWER.uexp" 2683
"C:/Users/hanna/Documents/SCHOOL_FILES/Spring 2025/Bachelor/Unreal_Engine_Backups/May 08/Witch_Game/Content/3D_Assets/DimensionX/Materials/Textures/T_STARTREE_V3_BaseColor.ubulk" 2684
"C:/Users/hanna/Documents/SCHOOL_FILES/Spring 2025/Bachelor/Unreal_Engine_Backups/May 08/Witch_Game/Content/3D_Assets/DimensionX/Materials/Textures/T_STARTREE_V3_BaseColor.uasset" 2685
"C:/Users/hanna/Documents/SCHOOL_FILES/Spring 2025/Bachelor/Unreal_Engine_Backups/May 08/Witch_Game/Content/3D_Assets/DimensionX/Materials/Textures/T_STARTREE_V3_BaseColor.uexp" 2686
"C:/Users/hanna/Documents/SCHOOL_FILES/Spring 2025/Bachelor/Unreal_Engine_Backups/May 08/Witch_Game/Content/3D_Assets/DimensionX/Materials/M_STARTREE_V2.uasset" 2687
"C:/Users/hanna/Documents/SCHOOL_FILES/Spring 2025/Bachelor/Unreal_Engine_Backups/May 08/Witch_Game/Content/3D_Assets/DimensionX/Materials/M_STARTREE_V2.uexp" 2688
"C:/Users/hanna/Documents/SCHOOL_FILES/Spring 2025/Bachelor/Unreal_Engine_Backups/May 08/Witch_Game/Content/3D_Assets/DimensionX/SM_STARTREE_V2.ubulk" 2689
"C:/Users/hanna/Documents/SCHOOL_FILES/Spring 2025/Bachelor/Unreal_Engine_Backups/May 08/Witch_Game/Content/3D_Assets/DimensionX/SM_STARTREE_V2.uasset" 2690
"C:/Users/hanna/Documents/SCHOOL_FILES/Spring 2025/Bachelor/Unreal_Engine_Backups/May 08/Witch_Game/Content/3D_Assets/DimensionX/SM_STARTREE_V2.uexp" 2691
"C:/Users/hanna/Documents/SCHOOL_FILES/Spring 2025/Bachelor/Unreal_Engine_Backups/May 08/Witch_Game/Content/3D_Assets/DimensionX/SM_SMALLSTONE_V3.ubulk" 2692
"C:/Users/hanna/Documents/SCHOOL_FILES/Spring 2025/Bachelor/Unreal_Engine_Backups/May 08/Witch_Game/Content/3D_Assets/DimensionX/SM_SMALLSTONE_V3.uasset" 2693
"C:/Users/hanna/Documents/SCHOOL_FILES/Spring 2025/Bachelor/Unreal_Engine_Backups/May 08/Witch_Game/Content/3D_Assets/DimensionX/SM_SMALLSTONE_V3.uexp" 2694
"C:/Users/hanna/Documents/SCHOOL_FILES/Spring 2025/Bachelor/Unreal_Engine_Backups/May 08/Witch_Game/Content/3D_Assets/DimensionX_Placeholders/PLACEHOLDER_M_Grass.ubulk" 2695
"C:/Users/hanna/Documents/SCHOOL_FILES/Spring 2025/Bachelor/Unreal_Engine_Backups/May 08/Witch_Game/Content/3D_Assets/DimensionX_Placeholders/PLACEHOLDER_M_Grass.uasset" 2696
"C:/Users/hanna/Documents/SCHOOL_FILES/Spring 2025/Bachelor/Unreal_Engine_Backups/May 08/Witch_Game/Content/3D_Assets/DimensionX_Placeholders/PLACEHOLDER_M_Grass.uexp" 2697
"C:/Users/hanna/Documents/SCHOOL_FILES/Spring 2025/Bachelor/Unreal_Engine_Backups/May 08/Witch_Game/Content/3D_Assets/DimensionX_Placeholders/PLACEHOLDER_T_Grass.uasset" 2698
"C:/Users/hanna/Documents/SCHOOL_FILES/Spring 2025/Bachelor/Unreal_Engine_Backups/May 08/Witch_Game/Content/3D_Assets/DimensionX_Placeholders/PLACEHOLDER_T_Grass.uexp" 2699
"C:/Users/hanna/Documents/SCHOOL_FILES/Spring 2025/Bachelor/Unreal_Engine_Backups/May 08/Witch_Game/Content/3D_Assets/DimensionX_Placeholders/PLACEHOLDER_Grass.ubulk" 2700
"C:/Users/hanna/Documents/SCHOOL_FILES/Spring 2025/Bachelor/Unreal_Engine_Backups/May 08/Witch_Game/Content/3D_Assets/DimensionX_Placeholders/PLACEHOLDER_Grass.uasset" 2701
"C:/Users/hanna/Documents/SCHOOL_FILES/Spring 2025/Bachelor/Unreal_Engine_Backups/May 08/Witch_Game/Content/3D_Assets/DimensionX_Placeholders/PLACEHOLDER_Grass.uexp" 2702
"C:/Users/hanna/Documents/SCHOOL_FILES/Spring 2025/Bachelor/Unreal_Engine_Backups/May 08/Witch_Game/Content/Interactable_Objects/BP_Interact_Flower.uasset" 2703
"C:/Users/hanna/Documents/SCHOOL_FILES/Spring 2025/Bachelor/Unreal_Engine_Backups/May 08/Witch_Game/Content/Interactable_Objects/BP_Interact_Flower.uexp" 2704
"C:/Users/hanna/Documents/SCHOOL_FILES/Spring 2025/Bachelor/Unreal_Engine_Backups/May 08/Witch_Game/Content/3D_Assets/DimensionX/Materials/DimensionX_Materials/Stone_LayerInfo.uasset" 2705
"C:/Users/hanna/Documents/SCHOOL_FILES/Spring 2025/Bachelor/Unreal_Engine_Backups/May 08/Witch_Game/Content/3D_Assets/DimensionX/Materials/DimensionX_Materials/Stone_LayerInfo.uexp" 2706
"../../../Engine/Plugins/Experimental/Water/Content/Materials/HLOD/HLODWater.uasset" 2707
"../../../Engine/Plugins/Experimental/Water/Content/Materials/HLOD/HLODWater.uexp" 2708
"C:/Users/hanna/Documents/SCHOOL_FILES/Spring 2025/Bachelor/Unreal_Engine_Backups/May 08/Witch_Game/Content/3D_Assets/DimensionX/Materials/Textures/T_MUSHROOM_BaseColor.ubulk" 2709
"C:/Users/hanna/Documents/SCHOOL_FILES/Spring 2025/Bachelor/Unreal_Engine_Backups/May 08/Witch_Game/Content/3D_Assets/DimensionX/Materials/Textures/T_MUSHROOM_BaseColor.uasset" 2710
"C:/Users/hanna/Documents/SCHOOL_FILES/Spring 2025/Bachelor/Unreal_Engine_Backups/May 08/Witch_Game/Content/3D_Assets/DimensionX/Materials/Textures/T_MUSHROOM_BaseColor.uexp" 2711
"C:/Users/hanna/Documents/SCHOOL_FILES/Spring 2025/Bachelor/Unreal_Engine_Backups/May 08/Witch_Game/Content/3D_Assets/DimensionX/Materials/Textures/T_MUSHROOM_Emissive.ubulk" 2712
"C:/Users/hanna/Documents/SCHOOL_FILES/Spring 2025/Bachelor/Unreal_Engine_Backups/May 08/Witch_Game/Content/3D_Assets/DimensionX/Materials/Textures/T_MUSHROOM_Emissive.uasset" 2713
"C:/Users/hanna/Documents/SCHOOL_FILES/Spring 2025/Bachelor/Unreal_Engine_Backups/May 08/Witch_Game/Content/3D_Assets/DimensionX/Materials/Textures/T_MUSHROOM_Emissive.uexp" 2714
"C:/Users/hanna/Documents/SCHOOL_FILES/Spring 2025/Bachelor/Unreal_Engine_Backups/May 08/Witch_Game/Content/3D_Assets/DimensionX/Materials/M_MUSHROOM.uasset" 2715
"C:/Users/hanna/Documents/SCHOOL_FILES/Spring 2025/Bachelor/Unreal_Engine_Backups/May 08/Witch_Game/Content/3D_Assets/DimensionX/Materials/M_MUSHROOM.uexp" 2716
"C:/Users/hanna/Documents/SCHOOL_FILES/Spring 2025/Bachelor/Unreal_Engine_Backups/May 08/Witch_Game/Content/3D_Assets/DimensionX/SM_MUSHROOM.ubulk" 2717
"C:/Users/hanna/Documents/SCHOOL_FILES/Spring 2025/Bachelor/Unreal_Engine_Backups/May 08/Witch_Game/Content/3D_Assets/DimensionX/SM_MUSHROOM.uasset" 2718
"C:/Users/hanna/Documents/SCHOOL_FILES/Spring 2025/Bachelor/Unreal_Engine_Backups/May 08/Witch_Game/Content/3D_Assets/DimensionX/SM_MUSHROOM.uexp" 2719
"C:/Users/hanna/Documents/SCHOOL_FILES/Spring 2025/Bachelor/Unreal_Engine_Backups/May 08/Witch_Game/Content/3D_Assets/DimensionX/Materials/Textures/SM_STARBUSH_LP_V2_T_STARBUSH_BaseColor_BaseColor.ubulk" 2720
"C:/Users/hanna/Documents/SCHOOL_FILES/Spring 2025/Bachelor/Unreal_Engine_Backups/May 08/Witch_Game/Content/3D_Assets/DimensionX/Materials/Textures/SM_STARBUSH_LP_V2_T_STARBUSH_BaseColor_BaseColor.uasset" 2721
"C:/Users/hanna/Documents/SCHOOL_FILES/Spring 2025/Bachelor/Unreal_Engine_Backups/May 08/Witch_Game/Content/3D_Assets/DimensionX/Materials/Textures/SM_STARBUSH_LP_V2_T_STARBUSH_BaseColor_BaseColor.uexp" 2722
"C:/Users/hanna/Documents/SCHOOL_FILES/Spring 2025/Bachelor/Unreal_Engine_Backups/May 08/Witch_Game/Content/3D_Assets/DimensionX/Materials/M_STARBUSH.uasset" 2723
"C:/Users/hanna/Documents/SCHOOL_FILES/Spring 2025/Bachelor/Unreal_Engine_Backups/May 08/Witch_Game/Content/3D_Assets/DimensionX/Materials/M_STARBUSH.uexp" 2724
"C:/Users/hanna/Documents/SCHOOL_FILES/Spring 2025/Bachelor/Unreal_Engine_Backups/May 08/Witch_Game/Content/3D_Assets/DimensionX/SM_STARBUSH.ubulk" 2725
"C:/Users/hanna/Documents/SCHOOL_FILES/Spring 2025/Bachelor/Unreal_Engine_Backups/May 08/Witch_Game/Content/3D_Assets/DimensionX/SM_STARBUSH.uasset" 2726
"C:/Users/hanna/Documents/SCHOOL_FILES/Spring 2025/Bachelor/Unreal_Engine_Backups/May 08/Witch_Game/Content/3D_Assets/DimensionX/SM_STARBUSH.uexp" 2727
"C:/Users/hanna/Documents/SCHOOL_FILES/Spring 2025/Bachelor/Unreal_Engine_Backups/May 08/Witch_Game/Content/3D_Assets/DimensionX/Materials/Textures/LongFruitTree_low_longfruittree_BaseColor.ubulk" 2728
"C:/Users/hanna/Documents/SCHOOL_FILES/Spring 2025/Bachelor/Unreal_Engine_Backups/May 08/Witch_Game/Content/3D_Assets/DimensionX/Materials/Textures/LongFruitTree_low_longfruittree_BaseColor.uasset" 2729
"C:/Users/hanna/Documents/SCHOOL_FILES/Spring 2025/Bachelor/Unreal_Engine_Backups/May 08/Witch_Game/Content/3D_Assets/DimensionX/Materials/Textures/LongFruitTree_low_longfruittree_BaseColor.uexp" 2730
"C:/Users/hanna/Documents/SCHOOL_FILES/Spring 2025/Bachelor/Unreal_Engine_Backups/May 08/Witch_Game/Content/3D_Assets/DimensionX/Materials/Textures/LongFruitTree_low_longfruittree_Emissive.ubulk" 2731
"C:/Users/hanna/Documents/SCHOOL_FILES/Spring 2025/Bachelor/Unreal_Engine_Backups/May 08/Witch_Game/Content/3D_Assets/DimensionX/Materials/Textures/LongFruitTree_low_longfruittree_Emissive.uasset" 2732
"C:/Users/hanna/Documents/SCHOOL_FILES/Spring 2025/Bachelor/Unreal_Engine_Backups/May 08/Witch_Game/Content/3D_Assets/DimensionX/Materials/Textures/LongFruitTree_low_longfruittree_Emissive.uexp" 2733
"C:/Users/hanna/Documents/SCHOOL_FILES/Spring 2025/Bachelor/Unreal_Engine_Backups/May 08/Witch_Game/Content/3D_Assets/DimensionX/Materials/M_LONGFRUITTREE.uasset" 2734
"C:/Users/hanna/Documents/SCHOOL_FILES/Spring 2025/Bachelor/Unreal_Engine_Backups/May 08/Witch_Game/Content/3D_Assets/DimensionX/Materials/M_LONGFRUITTREE.uexp" 2735
"C:/Users/hanna/Documents/SCHOOL_FILES/Spring 2025/Bachelor/Unreal_Engine_Backups/May 08/Witch_Game/Content/3D_Assets/DimensionX/SM_LONGFRUITTREE.ubulk" 2736
"C:/Users/hanna/Documents/SCHOOL_FILES/Spring 2025/Bachelor/Unreal_Engine_Backups/May 08/Witch_Game/Content/3D_Assets/DimensionX/SM_LONGFRUITTREE.uasset" 2737
"C:/Users/hanna/Documents/SCHOOL_FILES/Spring 2025/Bachelor/Unreal_Engine_Backups/May 08/Witch_Game/Content/3D_Assets/DimensionX/SM_LONGFRUITTREE.uexp" 2738
"C:/Users/hanna/Documents/SCHOOL_FILES/Spring 2025/Bachelor/Unreal_Engine_Backups/May 08/Witch_Game/Content/Audio/SE_WaterSplash.ubulk" 2739
"C:/Users/hanna/Documents/SCHOOL_FILES/Spring 2025/Bachelor/Unreal_Engine_Backups/May 08/Witch_Game/Content/Audio/SE_WaterSplash.uasset" 2740
"C:/Users/hanna/Documents/SCHOOL_FILES/Spring 2025/Bachelor/Unreal_Engine_Backups/May 08/Witch_Game/Content/Audio/SE_WaterSplash.uexp" 2741
"C:/Users/hanna/Documents/SCHOOL_FILES/Spring 2025/Bachelor/Unreal_Engine_Backups/May 08/Witch_Game/Content/Interactable_Objects/BP_Entity_Dimension.uasset" 2742
"C:/Users/hanna/Documents/SCHOOL_FILES/Spring 2025/Bachelor/Unreal_Engine_Backups/May 08/Witch_Game/Content/Interactable_Objects/BP_Entity_Dimension.uexp" 2743
"../../../Engine/Plugins/Experimental/Water/Content/Materials/WaterSurface/Transitions/Water_Material_River_To_Lake_Transition.uasset" 2744
"../../../Engine/Plugins/Experimental/Water/Content/Materials/WaterSurface/Transitions/Water_Material_River_To_Lake_Transition.uexp" 2745
"C:/Users/hanna/Documents/SCHOOL_FILES/Spring 2025/Bachelor/Unreal_Engine_Backups/May 08/Witch_Game/Content/3D_Assets/DimensionX/SM_TALLSTONE_V2.ubulk" 2746
"C:/Users/hanna/Documents/SCHOOL_FILES/Spring 2025/Bachelor/Unreal_Engine_Backups/May 08/Witch_Game/Content/3D_Assets/DimensionX/SM_TALLSTONE_V2.uasset" 2747
"C:/Users/hanna/Documents/SCHOOL_FILES/Spring 2025/Bachelor/Unreal_Engine_Backups/May 08/Witch_Game/Content/3D_Assets/DimensionX/SM_TALLSTONE_V2.uexp" 2748
"C:/Users/hanna/Documents/SCHOOL_FILES/Spring 2025/Bachelor/Unreal_Engine_Backups/May 08/Witch_Game/Content/3D_Assets/DimensionX/Materials/DimensionX_Materials/Sand_LayerInfo.uasset" 2749
"C:/Users/hanna/Documents/SCHOOL_FILES/Spring 2025/Bachelor/Unreal_Engine_Backups/May 08/Witch_Game/Content/3D_Assets/DimensionX/Materials/DimensionX_Materials/Sand_LayerInfo.uexp" 2750
"C:/Users/hanna/Documents/SCHOOL_FILES/Spring 2025/Bachelor/Unreal_Engine_Backups/May 08/Witch_Game/Content/3D_Assets/DimensionX/Materials/Textures/T_ROOTBRIDGE_BaseColor.ubulk" 2751
"C:/Users/hanna/Documents/SCHOOL_FILES/Spring 2025/Bachelor/Unreal_Engine_Backups/May 08/Witch_Game/Content/3D_Assets/DimensionX/Materials/Textures/T_ROOTBRIDGE_BaseColor.uasset" 2752
"C:/Users/hanna/Documents/SCHOOL_FILES/Spring 2025/Bachelor/Unreal_Engine_Backups/May 08/Witch_Game/Content/3D_Assets/DimensionX/Materials/Textures/T_ROOTBRIDGE_BaseColor.uexp" 2753
"C:/Users/hanna/Documents/SCHOOL_FILES/Spring 2025/Bachelor/Unreal_Engine_Backups/May 08/Witch_Game/Content/3D_Assets/DimensionX/Materials/M_ROOTBRIDGE.uasset" 2754
"C:/Users/hanna/Documents/SCHOOL_FILES/Spring 2025/Bachelor/Unreal_Engine_Backups/May 08/Witch_Game/Content/3D_Assets/DimensionX/Materials/M_ROOTBRIDGE.uexp" 2755
"C:/Users/hanna/Documents/SCHOOL_FILES/Spring 2025/Bachelor/Unreal_Engine_Backups/May 08/Witch_Game/Content/3D_Assets/DimensionX/SM_RootBridge.ubulk" 2756
"C:/Users/hanna/Documents/SCHOOL_FILES/Spring 2025/Bachelor/Unreal_Engine_Backups/May 08/Witch_Game/Content/3D_Assets/DimensionX/SM_RootBridge.uasset" 2757
"C:/Users/hanna/Documents/SCHOOL_FILES/Spring 2025/Bachelor/Unreal_Engine_Backups/May 08/Witch_Game/Content/3D_Assets/DimensionX/SM_RootBridge.uexp" 2758
"C:/Users/hanna/Documents/SCHOOL_FILES/Spring 2025/Bachelor/Unreal_Engine_Backups/May 08/Witch_Game/Content/3D_Assets/DimensionX/Materials/Textures/T_STARTREE_BaseColor.ubulk" 2759
"C:/Users/hanna/Documents/SCHOOL_FILES/Spring 2025/Bachelor/Unreal_Engine_Backups/May 08/Witch_Game/Content/3D_Assets/DimensionX/Materials/Textures/T_STARTREE_BaseColor.uasset" 2760
"C:/Users/hanna/Documents/SCHOOL_FILES/Spring 2025/Bachelor/Unreal_Engine_Backups/May 08/Witch_Game/Content/3D_Assets/DimensionX/Materials/Textures/T_STARTREE_BaseColor.uexp" 2761
"C:/Users/hanna/Documents/SCHOOL_FILES/Spring 2025/Bachelor/Unreal_Engine_Backups/May 08/Witch_Game/Content/3D_Assets/DimensionX/Materials/M_STARTREE.uasset" 2762
"C:/Users/hanna/Documents/SCHOOL_FILES/Spring 2025/Bachelor/Unreal_Engine_Backups/May 08/Witch_Game/Content/3D_Assets/DimensionX/Materials/M_STARTREE.uexp" 2763
"C:/Users/hanna/Documents/SCHOOL_FILES/Spring 2025/Bachelor/Unreal_Engine_Backups/May 08/Witch_Game/Content/3D_Assets/DimensionX/SM_STARTREE.ubulk" 2764
"C:/Users/hanna/Documents/SCHOOL_FILES/Spring 2025/Bachelor/Unreal_Engine_Backups/May 08/Witch_Game/Content/3D_Assets/DimensionX/SM_STARTREE.uasset" 2765
"C:/Users/hanna/Documents/SCHOOL_FILES/Spring 2025/Bachelor/Unreal_Engine_Backups/May 08/Witch_Game/Content/3D_Assets/DimensionX/SM_STARTREE.uexp" 2766
"../../../Engine/Plugins/Experimental/Water/Content/Materials/WaterSurface/LODs/Water_Material_River_LOD.uasset" 2767
"../../../Engine/Plugins/Experimental/Water/Content/Materials/WaterSurface/LODs/Water_Material_River_LOD.uexp" 2768
"../../../Engine/Plugins/Experimental/Water/Content/Curves/FloatCurve.uasset" 2769
"../../../Engine/Plugins/Experimental/Water/Content/Curves/FloatCurve.uexp" 2770
"C:/Users/hanna/Documents/SCHOOL_FILES/Spring 2025/Bachelor/Unreal_Engine_Backups/May 08/Witch_Game/Content/3D_Assets/DimensionX/Materials/Textures/SM_STARTREE_LP_M_STARTREEV4_BaseColor.ubulk" 2771
"C:/Users/hanna/Documents/SCHOOL_FILES/Spring 2025/Bachelor/Unreal_Engine_Backups/May 08/Witch_Game/Content/3D_Assets/DimensionX/Materials/Textures/SM_STARTREE_LP_M_STARTREEV4_BaseColor.uasset" 2772
"C:/Users/hanna/Documents/SCHOOL_FILES/Spring 2025/Bachelor/Unreal_Engine_Backups/May 08/Witch_Game/Content/3D_Assets/DimensionX/Materials/Textures/SM_STARTREE_LP_M_STARTREEV4_BaseColor.uexp" 2773
"C:/Users/hanna/Documents/SCHOOL_FILES/Spring 2025/Bachelor/Unreal_Engine_Backups/May 08/Witch_Game/Content/3D_Assets/DimensionX/Materials/M_STARTREE_v4.uasset" 2774
"C:/Users/hanna/Documents/SCHOOL_FILES/Spring 2025/Bachelor/Unreal_Engine_Backups/May 08/Witch_Game/Content/3D_Assets/DimensionX/Materials/M_STARTREE_v4.uexp" 2775
"C:/Users/hanna/Documents/SCHOOL_FILES/Spring 2025/Bachelor/Unreal_Engine_Backups/May 08/Witch_Game/Content/3D_Assets/DimensionX/SM_STARTREE_V4.ubulk" 2776
"C:/Users/hanna/Documents/SCHOOL_FILES/Spring 2025/Bachelor/Unreal_Engine_Backups/May 08/Witch_Game/Content/3D_Assets/DimensionX/SM_STARTREE_V4.uasset" 2777
"C:/Users/hanna/Documents/SCHOOL_FILES/Spring 2025/Bachelor/Unreal_Engine_Backups/May 08/Witch_Game/Content/3D_Assets/DimensionX/SM_STARTREE_V4.uexp" 2778
"C:/Users/hanna/Documents/SCHOOL_FILES/Spring 2025/Bachelor/Unreal_Engine_Backups/May 08/Witch_Game/Content/3D_Assets/DimensionX/Materials/Textures/T_GRASS_BaseColor.ubulk" 2779
"C:/Users/hanna/Documents/SCHOOL_FILES/Spring 2025/Bachelor/Unreal_Engine_Backups/May 08/Witch_Game/Content/3D_Assets/DimensionX/Materials/Textures/T_GRASS_BaseColor.uasset" 2780
"C:/Users/hanna/Documents/SCHOOL_FILES/Spring 2025/Bachelor/Unreal_Engine_Backups/May 08/Witch_Game/Content/3D_Assets/DimensionX/Materials/Textures/T_GRASS_BaseColor.uexp" 2781
"C:/Users/hanna/Documents/SCHOOL_FILES/Spring 2025/Bachelor/Unreal_Engine_Backups/May 08/Witch_Game/Content/3D_Assets/DimensionX/Materials/M_GRASS.uasset" 2782
"C:/Users/hanna/Documents/SCHOOL_FILES/Spring 2025/Bachelor/Unreal_Engine_Backups/May 08/Witch_Game/Content/3D_Assets/DimensionX/Materials/M_GRASS.uexp" 2783
"C:/Users/hanna/Documents/SCHOOL_FILES/Spring 2025/Bachelor/Unreal_Engine_Backups/May 08/Witch_Game/Content/3D_Assets/DimensionX/SM_GRASS.ubulk" 2784
"C:/Users/hanna/Documents/SCHOOL_FILES/Spring 2025/Bachelor/Unreal_Engine_Backups/May 08/Witch_Game/Content/3D_Assets/DimensionX/SM_GRASS.uasset" 2785
"C:/Users/hanna/Documents/SCHOOL_FILES/Spring 2025/Bachelor/Unreal_Engine_Backups/May 08/Witch_Game/Content/3D_Assets/DimensionX/SM_GRASS.uexp" 2786
"C:/Users/hanna/Documents/SCHOOL_FILES/Spring 2025/Bachelor/Unreal_Engine_Backups/May 08/Witch_Game/Content/3D_Assets/DimensionX/Materials/Textures/T_FRUITTREE_V2_Emissive.ubulk" 2787
"C:/Users/hanna/Documents/SCHOOL_FILES/Spring 2025/Bachelor/Unreal_Engine_Backups/May 08/Witch_Game/Content/3D_Assets/DimensionX/Materials/Textures/T_FRUITTREE_V2_Emissive.uasset" 2788
"C:/Users/hanna/Documents/SCHOOL_FILES/Spring 2025/Bachelor/Unreal_Engine_Backups/May 08/Witch_Game/Content/3D_Assets/DimensionX/Materials/Textures/T_FRUITTREE_V2_Emissive.uexp" 2789
"C:/Users/hanna/Documents/SCHOOL_FILES/Spring 2025/Bachelor/Unreal_Engine_Backups/May 08/Witch_Game/Content/3D_Assets/DimensionX/Materials/Textures/T_FRUITTREE_V2_BaseColor.ubulk" 2790
"C:/Users/hanna/Documents/SCHOOL_FILES/Spring 2025/Bachelor/Unreal_Engine_Backups/May 08/Witch_Game/Content/3D_Assets/DimensionX/Materials/Textures/T_FRUITTREE_V2_BaseColor.uasset" 2791
"C:/Users/hanna/Documents/SCHOOL_FILES/Spring 2025/Bachelor/Unreal_Engine_Backups/May 08/Witch_Game/Content/3D_Assets/DimensionX/Materials/Textures/T_FRUITTREE_V2_BaseColor.uexp" 2792
"C:/Users/hanna/Documents/SCHOOL_FILES/Spring 2025/Bachelor/Unreal_Engine_Backups/May 08/Witch_Game/Content/3D_Assets/DimensionX/Materials/M_FRUITTREE_V2.uasset" 2793
"C:/Users/hanna/Documents/SCHOOL_FILES/Spring 2025/Bachelor/Unreal_Engine_Backups/May 08/Witch_Game/Content/3D_Assets/DimensionX/Materials/M_FRUITTREE_V2.uexp" 2794
"C:/Users/hanna/Documents/SCHOOL_FILES/Spring 2025/Bachelor/Unreal_Engine_Backups/May 08/Witch_Game/Content/3D_Assets/DimensionX/SM_FRUITTREE_V2.ubulk" 2795
"C:/Users/hanna/Documents/SCHOOL_FILES/Spring 2025/Bachelor/Unreal_Engine_Backups/May 08/Witch_Game/Content/3D_Assets/DimensionX/SM_FRUITTREE_V2.uasset" 2796
"C:/Users/hanna/Documents/SCHOOL_FILES/Spring 2025/Bachelor/Unreal_Engine_Backups/May 08/Witch_Game/Content/3D_Assets/DimensionX/SM_FRUITTREE_V2.uexp" 2797
"../../../Engine/Plugins/Experimental/Water/Content/Meshes/RiverMesh.ubulk" 2798
"../../../Engine/Plugins/Experimental/Water/Content/Meshes/RiverMesh.uasset" 2799
"../../../Engine/Plugins/Experimental/Water/Content/Meshes/RiverMesh.uexp" 2800
"../../../Engine/Content/Functions/Engine_MaterialFunctions02/ExampleContent/DebugNumberStrip.uasset" 2801
"../../../Engine/Content/Functions/Engine_MaterialFunctions02/ExampleContent/DebugNumberStrip.uexp" 2802
"../../../Engine/Content/Functions/Engine_MaterialFunctions01/Texturing/TextureCropping.uasset" 2803
"../../../Engine/Content/Functions/Engine_MaterialFunctions01/Texturing/TextureCropping.uexp" 2804
"../../../Engine/Content/Functions/Engine_MaterialFunctions02/ExampleContent/Textures/DebugNumberPeriod.uasset" 2805
"../../../Engine/Content/Functions/Engine_MaterialFunctions02/ExampleContent/Textures/DebugNumberPeriod.uexp" 2806
"../../../Engine/Content/Functions/Engine_MaterialFunctions02/Utility/DebugScalarValues.uasset" 2807
"../../../Engine/Content/Functions/Engine_MaterialFunctions02/Utility/DebugScalarValues.uexp" 2808
"../../../Engine/Content/Functions/Engine_MaterialFunctions01/Volumetrics/SchlickPhase.uasset" 2809
"../../../Engine/Content/Functions/Engine_MaterialFunctions01/Volumetrics/SchlickPhase.uexp" 2810
"../../../Engine/Plugins/Experimental/Water/Content/Materials/PostProcessing/M_UnderWater_PostProcess_Volume.uasset" 2811
"../../../Engine/Plugins/Experimental/Water/Content/Materials/PostProcessing/M_UnderWater_PostProcess_Volume.uexp" 2812
"C:/Users/hanna/Documents/SCHOOL_FILES/Spring 2025/Bachelor/Unreal_Engine_Backups/May 08/Witch_Game/Content/3D_Assets/DimensionX/Materials/Textures/SM_DEADTREE_LOW_deadtree_BaseColor.ubulk" 2813
"C:/Users/hanna/Documents/SCHOOL_FILES/Spring 2025/Bachelor/Unreal_Engine_Backups/May 08/Witch_Game/Content/3D_Assets/DimensionX/Materials/Textures/SM_DEADTREE_LOW_deadtree_BaseColor.uasset" 2814
"C:/Users/hanna/Documents/SCHOOL_FILES/Spring 2025/Bachelor/Unreal_Engine_Backups/May 08/Witch_Game/Content/3D_Assets/DimensionX/Materials/Textures/SM_DEADTREE_LOW_deadtree_BaseColor.uexp" 2815
"C:/Users/hanna/Documents/SCHOOL_FILES/Spring 2025/Bachelor/Unreal_Engine_Backups/May 08/Witch_Game/Content/3D_Assets/DimensionX/Materials/M_DEADTREE.uasset" 2816
"C:/Users/hanna/Documents/SCHOOL_FILES/Spring 2025/Bachelor/Unreal_Engine_Backups/May 08/Witch_Game/Content/3D_Assets/DimensionX/Materials/M_DEADTREE.uexp" 2817
"C:/Users/hanna/Documents/SCHOOL_FILES/Spring 2025/Bachelor/Unreal_Engine_Backups/May 08/Witch_Game/Content/3D_Assets/DimensionX/SM_DEADTREE.ubulk" 2818
"C:/Users/hanna/Documents/SCHOOL_FILES/Spring 2025/Bachelor/Unreal_Engine_Backups/May 08/Witch_Game/Content/3D_Assets/DimensionX/SM_DEADTREE.uasset" 2819
"C:/Users/hanna/Documents/SCHOOL_FILES/Spring 2025/Bachelor/Unreal_Engine_Backups/May 08/Witch_Game/Content/3D_Assets/DimensionX/SM_DEADTREE.uexp" 2820
"C:/Users/hanna/Documents/SCHOOL_FILES/Spring 2025/Bachelor/Unreal_Engine_Backups/May 08/Witch_Game/Content/3D_Assets/DimensionX/Materials/Textures/T_FRUITTREE_Emissive.ubulk" 2821
"C:/Users/hanna/Documents/SCHOOL_FILES/Spring 2025/Bachelor/Unreal_Engine_Backups/May 08/Witch_Game/Content/3D_Assets/DimensionX/Materials/Textures/T_FRUITTREE_Emissive.uasset" 2822
"C:/Users/hanna/Documents/SCHOOL_FILES/Spring 2025/Bachelor/Unreal_Engine_Backups/May 08/Witch_Game/Content/3D_Assets/DimensionX/Materials/Textures/T_FRUITTREE_Emissive.uexp" 2823
"C:/Users/hanna/Documents/SCHOOL_FILES/Spring 2025/Bachelor/Unreal_Engine_Backups/May 08/Witch_Game/Content/3D_Assets/DimensionX/Materials/Textures/T_FRUITTREE_BaseColor.ubulk" 2824
"C:/Users/hanna/Documents/SCHOOL_FILES/Spring 2025/Bachelor/Unreal_Engine_Backups/May 08/Witch_Game/Content/3D_Assets/DimensionX/Materials/Textures/T_FRUITTREE_BaseColor.uasset" 2825
"C:/Users/hanna/Documents/SCHOOL_FILES/Spring 2025/Bachelor/Unreal_Engine_Backups/May 08/Witch_Game/Content/3D_Assets/DimensionX/Materials/Textures/T_FRUITTREE_BaseColor.uexp" 2826
"C:/Users/hanna/Documents/SCHOOL_FILES/Spring 2025/Bachelor/Unreal_Engine_Backups/May 08/Witch_Game/Content/3D_Assets/DimensionX/Materials/M_FRUITTREE.uasset" 2827
"C:/Users/hanna/Documents/SCHOOL_FILES/Spring 2025/Bachelor/Unreal_Engine_Backups/May 08/Witch_Game/Content/3D_Assets/DimensionX/Materials/M_FRUITTREE.uexp" 2828
"C:/Users/hanna/Documents/SCHOOL_FILES/Spring 2025/Bachelor/Unreal_Engine_Backups/May 08/Witch_Game/Content/3D_Assets/DimensionX/SM_FRUITTREE.ubulk" 2829
"C:/Users/hanna/Documents/SCHOOL_FILES/Spring 2025/Bachelor/Unreal_Engine_Backups/May 08/Witch_Game/Content/3D_Assets/DimensionX/SM_FRUITTREE.uasset" 2830
"C:/Users/hanna/Documents/SCHOOL_FILES/Spring 2025/Bachelor/Unreal_Engine_Backups/May 08/Witch_Game/Content/3D_Assets/DimensionX/SM_FRUITTREE.uexp" 2831
"C:/Users/hanna/Documents/SCHOOL_FILES/Spring 2025/Bachelor/Unreal_Engine_Backups/May 08/Witch_Game/Content/3D_Assets/DimensionX/Materials/Textures/T_STARTREE_V2_BaseColor.ubulk" 2832
"C:/Users/hanna/Documents/SCHOOL_FILES/Spring 2025/Bachelor/Unreal_Engine_Backups/May 08/Witch_Game/Content/3D_Assets/DimensionX/Materials/Textures/T_STARTREE_V2_BaseColor.uasset" 2833
"C:/Users/hanna/Documents/SCHOOL_FILES/Spring 2025/Bachelor/Unreal_Engine_Backups/May 08/Witch_Game/Content/3D_Assets/DimensionX/Materials/Textures/T_STARTREE_V2_BaseColor.uexp" 2834
"C:/Users/hanna/Documents/SCHOOL_FILES/Spring 2025/Bachelor/Unreal_Engine_Backups/May 08/Witch_Game/Content/3D_Assets/DimensionX/Materials/M_STARTREE_V3.uasset" 2835
"C:/Users/hanna/Documents/SCHOOL_FILES/Spring 2025/Bachelor/Unreal_Engine_Backups/May 08/Witch_Game/Content/3D_Assets/DimensionX/Materials/M_STARTREE_V3.uexp" 2836
"C:/Users/hanna/Documents/SCHOOL_FILES/Spring 2025/Bachelor/Unreal_Engine_Backups/May 08/Witch_Game/Content/3D_Assets/DimensionX/SM_STARTREE_V3.ubulk" 2837
"C:/Users/hanna/Documents/SCHOOL_FILES/Spring 2025/Bachelor/Unreal_Engine_Backups/May 08/Witch_Game/Content/3D_Assets/DimensionX/SM_STARTREE_V3.uasset" 2838
"C:/Users/hanna/Documents/SCHOOL_FILES/Spring 2025/Bachelor/Unreal_Engine_Backups/May 08/Witch_Game/Content/3D_Assets/DimensionX/SM_STARTREE_V3.uexp" 2839
"C:/Users/hanna/Documents/SCHOOL_FILES/Spring 2025/Bachelor/Unreal_Engine_Backups/May 08/Witch_Game/Content/2D_Assets/TX_Arrows_White.uasset" 2840
"C:/Users/hanna/Documents/SCHOOL_FILES/Spring 2025/Bachelor/Unreal_Engine_Backups/May 08/Witch_Game/Content/2D_Assets/TX_Arrows_White.uexp" 2841
"C:/Users/hanna/Documents/SCHOOL_FILES/Spring 2025/Bachelor/Unreal_Engine_Backups/May 08/Witch_Game/Content/2D_Assets/TX_Backround.uasset" 2842
"C:/Users/hanna/Documents/SCHOOL_FILES/Spring 2025/Bachelor/Unreal_Engine_Backups/May 08/Witch_Game/Content/2D_Assets/TX_Backround.uexp" 2843
"C:/Users/hanna/Documents/SCHOOL_FILES/Spring 2025/Bachelor/Unreal_Engine_Backups/May 08/Witch_Game/Content/2D_Assets/Trails_Trials_Logo_Inverse.uasset" 2844
"C:/Users/hanna/Documents/SCHOOL_FILES/Spring 2025/Bachelor/Unreal_Engine_Backups/May 08/Witch_Game/Content/2D_Assets/Trails_Trials_Logo_Inverse.uexp" 2845
"C:/Users/hanna/Documents/SCHOOL_FILES/Spring 2025/Bachelor/Unreal_Engine_Backups/May 08/Witch_Game/Content/Widgets/WBP_EndGame.uasset" 2846
"C:/Users/hanna/Documents/SCHOOL_FILES/Spring 2025/Bachelor/Unreal_Engine_Backups/May 08/Witch_Game/Content/Widgets/WBP_EndGame.uexp" 2847
"C:/Users/hanna/Documents/SCHOOL_FILES/Spring 2025/Bachelor/Unreal_Engine_Backups/May 08/Witch_Game/Content/3D_Assets/DimensionX/Materials/Textures/T_Portal_BaseColor.ubulk" 2848
"C:/Users/hanna/Documents/SCHOOL_FILES/Spring 2025/Bachelor/Unreal_Engine_Backups/May 08/Witch_Game/Content/3D_Assets/DimensionX/Materials/Textures/T_Portal_BaseColor.uasset" 2849
"C:/Users/hanna/Documents/SCHOOL_FILES/Spring 2025/Bachelor/Unreal_Engine_Backups/May 08/Witch_Game/Content/3D_Assets/DimensionX/Materials/Textures/T_Portal_BaseColor.uexp" 2850
"C:/Users/hanna/Documents/SCHOOL_FILES/Spring 2025/Bachelor/Unreal_Engine_Backups/May 08/Witch_Game/Content/3D_Assets/DimensionX/Materials/M_PORTAL.uasset" 2851
"C:/Users/hanna/Documents/SCHOOL_FILES/Spring 2025/Bachelor/Unreal_Engine_Backups/May 08/Witch_Game/Content/3D_Assets/DimensionX/Materials/M_PORTAL.uexp" 2852
"C:/Users/hanna/Documents/SCHOOL_FILES/Spring 2025/Bachelor/Unreal_Engine_Backups/May 08/Witch_Game/Content/3D_Assets/DimensionX/SM_PORTAL_LP.ubulk" 2853
"C:/Users/hanna/Documents/SCHOOL_FILES/Spring 2025/Bachelor/Unreal_Engine_Backups/May 08/Witch_Game/Content/3D_Assets/DimensionX/SM_PORTAL_LP.uasset" 2854
"C:/Users/hanna/Documents/SCHOOL_FILES/Spring 2025/Bachelor/Unreal_Engine_Backups/May 08/Witch_Game/Content/3D_Assets/DimensionX/SM_PORTAL_LP.uexp" 2855
"../../../Engine/Content/EngineDebugMaterials/BlackUnlitMaterial.uasset" 2856
"../../../Engine/Content/EngineDebugMaterials/BlackUnlitMaterial.uexp" 2857
"C:/Users/hanna/Documents/SCHOOL_FILES/Spring 2025/Bachelor/Unreal_Engine_Backups/May 08/Witch_Game/Content/Interactable_Objects/BP_Interact_Gate.uasset" 2858
"C:/Users/hanna/Documents/SCHOOL_FILES/Spring 2025/Bachelor/Unreal_Engine_Backups/May 08/Witch_Game/Content/Interactable_Objects/BP_Interact_Gate.uexp" 2859
"C:/Users/hanna/Documents/SCHOOL_FILES/Spring 2025/Bachelor/Unreal_Engine_Backups/May 08/Witch_Game/Content/3D_Assets/DimensionX/Materials/Textures/SM_BRIBLOM_LOW_briblomv1_BaseColor.ubulk" 2860
"C:/Users/hanna/Documents/SCHOOL_FILES/Spring 2025/Bachelor/Unreal_Engine_Backups/May 08/Witch_Game/Content/3D_Assets/DimensionX/Materials/Textures/SM_BRIBLOM_LOW_briblomv1_BaseColor.uasset" 2861
"C:/Users/hanna/Documents/SCHOOL_FILES/Spring 2025/Bachelor/Unreal_Engine_Backups/May 08/Witch_Game/Content/3D_Assets/DimensionX/Materials/Textures/SM_BRIBLOM_LOW_briblomv1_BaseColor.uexp" 2862
"C:/Users/hanna/Documents/SCHOOL_FILES/Spring 2025/Bachelor/Unreal_Engine_Backups/May 08/Witch_Game/Content/3D_Assets/DimensionX/Materials/M_BRIBLOM_V1.uasset" 2863
"C:/Users/hanna/Documents/SCHOOL_FILES/Spring 2025/Bachelor/Unreal_Engine_Backups/May 08/Witch_Game/Content/3D_Assets/DimensionX/Materials/M_BRIBLOM_V1.uexp" 2864
"C:/Users/hanna/Documents/SCHOOL_FILES/Spring 2025/Bachelor/Unreal_Engine_Backups/May 08/Witch_Game/Content/3D_Assets/DimensionX/SM_BRIBLOM_V1.ubulk" 2865
"C:/Users/hanna/Documents/SCHOOL_FILES/Spring 2025/Bachelor/Unreal_Engine_Backups/May 08/Witch_Game/Content/3D_Assets/DimensionX/SM_BRIBLOM_V1.uasset" 2866
"C:/Users/hanna/Documents/SCHOOL_FILES/Spring 2025/Bachelor/Unreal_Engine_Backups/May 08/Witch_Game/Content/3D_Assets/DimensionX/SM_BRIBLOM_V1.uexp" 2867
"C:/Users/hanna/Documents/SCHOOL_FILES/Spring 2025/Bachelor/Unreal_Engine_Backups/May 08/Witch_Game/Content/3D_Assets/DimensionX/Materials/Textures/SM_BRIBLOM_LOW_briblomv2_BaseColor.ubulk" 2868
"C:/Users/hanna/Documents/SCHOOL_FILES/Spring 2025/Bachelor/Unreal_Engine_Backups/May 08/Witch_Game/Content/3D_Assets/DimensionX/Materials/Textures/SM_BRIBLOM_LOW_briblomv2_BaseColor.uasset" 2869
"C:/Users/hanna/Documents/SCHOOL_FILES/Spring 2025/Bachelor/Unreal_Engine_Backups/May 08/Witch_Game/Content/3D_Assets/DimensionX/Materials/Textures/SM_BRIBLOM_LOW_briblomv2_BaseColor.uexp" 2870
"C:/Users/hanna/Documents/SCHOOL_FILES/Spring 2025/Bachelor/Unreal_Engine_Backups/May 08/Witch_Game/Content/3D_Assets/DimensionX/Materials/M_BRIBLOM_V2.uasset" 2871
"C:/Users/hanna/Documents/SCHOOL_FILES/Spring 2025/Bachelor/Unreal_Engine_Backups/May 08/Witch_Game/Content/3D_Assets/DimensionX/Materials/M_BRIBLOM_V2.uexp" 2872
"C:/Users/hanna/Documents/SCHOOL_FILES/Spring 2025/Bachelor/Unreal_Engine_Backups/May 08/Witch_Game/Content/3D_Assets/DimensionX/SM_BRIBLOM_V2.ubulk" 2873
"C:/Users/hanna/Documents/SCHOOL_FILES/Spring 2025/Bachelor/Unreal_Engine_Backups/May 08/Witch_Game/Content/3D_Assets/DimensionX/SM_BRIBLOM_V2.uasset" 2874
"C:/Users/hanna/Documents/SCHOOL_FILES/Spring 2025/Bachelor/Unreal_Engine_Backups/May 08/Witch_Game/Content/3D_Assets/DimensionX/SM_BRIBLOM_V2.uexp" 2875
"C:/Users/hanna/Documents/SCHOOL_FILES/Spring 2025/Bachelor/Unreal_Engine_Backups/May 08/Witch_Game/Content/3D_Assets/DimensionX/Materials/DimensionX_Materials/Grass_V2_LayerInfo.uasset" 2876
"C:/Users/hanna/Documents/SCHOOL_FILES/Spring 2025/Bachelor/Unreal_Engine_Backups/May 08/Witch_Game/Content/3D_Assets/DimensionX/Materials/DimensionX_Materials/Grass_V2_LayerInfo.uexp" 2877
"C:/Users/hanna/Documents/SCHOOL_FILES/Spring 2025/Bachelor/Unreal_Engine_Backups/May 08/Witch_Game/Content/Audio/SE_Digging.ubulk" 2878
"C:/Users/hanna/Documents/SCHOOL_FILES/Spring 2025/Bachelor/Unreal_Engine_Backups/May 08/Witch_Game/Content/Audio/SE_Digging.uasset" 2879
"C:/Users/hanna/Documents/SCHOOL_FILES/Spring 2025/Bachelor/Unreal_Engine_Backups/May 08/Witch_Game/Content/Audio/SE_Digging.uexp" 2880
"C:/Users/hanna/Documents/SCHOOL_FILES/Spring 2025/Bachelor/Unreal_Engine_Backups/May 08/Witch_Game/Content/3D_Assets/DimensionX/Materials/Textures/dirt_pile_low_dirtpile_BaseColor.ubulk" 2881
"C:/Users/hanna/Documents/SCHOOL_FILES/Spring 2025/Bachelor/Unreal_Engine_Backups/May 08/Witch_Game/Content/3D_Assets/DimensionX/Materials/Textures/dirt_pile_low_dirtpile_BaseColor.uasset" 2882
"C:/Users/hanna/Documents/SCHOOL_FILES/Spring 2025/Bachelor/Unreal_Engine_Backups/May 08/Witch_Game/Content/3D_Assets/DimensionX/Materials/Textures/dirt_pile_low_dirtpile_BaseColor.uexp" 2883
"C:/Users/hanna/Documents/SCHOOL_FILES/Spring 2025/Bachelor/Unreal_Engine_Backups/May 08/Witch_Game/Content/3D_Assets/DimensionX/Materials/M_DIRTPILE.uasset" 2884
"C:/Users/hanna/Documents/SCHOOL_FILES/Spring 2025/Bachelor/Unreal_Engine_Backups/May 08/Witch_Game/Content/3D_Assets/DimensionX/Materials/M_DIRTPILE.uexp" 2885
"C:/Users/hanna/Documents/SCHOOL_FILES/Spring 2025/Bachelor/Unreal_Engine_Backups/May 08/Witch_Game/Content/3D_Assets/DimensionX/SM_DIRTPILE.ubulk" 2886
"C:/Users/hanna/Documents/SCHOOL_FILES/Spring 2025/Bachelor/Unreal_Engine_Backups/May 08/Witch_Game/Content/3D_Assets/DimensionX/SM_DIRTPILE.uasset" 2887
"C:/Users/hanna/Documents/SCHOOL_FILES/Spring 2025/Bachelor/Unreal_Engine_Backups/May 08/Witch_Game/Content/3D_Assets/DimensionX/SM_DIRTPILE.uexp" 2888
"C:/Users/hanna/Documents/SCHOOL_FILES/Spring 2025/Bachelor/Unreal_Engine_Backups/May 08/Witch_Game/Content/3D_Assets/DimensionX/SM_MIDSTONE_MOSS_V1.ubulk" 2889
"C:/Users/hanna/Documents/SCHOOL_FILES/Spring 2025/Bachelor/Unreal_Engine_Backups/May 08/Witch_Game/Content/3D_Assets/DimensionX/SM_MIDSTONE_MOSS_V1.uasset" 2890
"C:/Users/hanna/Documents/SCHOOL_FILES/Spring 2025/Bachelor/Unreal_Engine_Backups/May 08/Witch_Game/Content/3D_Assets/DimensionX/SM_MIDSTONE_MOSS_V1.uexp" 2891
"C:/Users/hanna/Documents/SCHOOL_FILES/Spring 2025/Bachelor/Unreal_Engine_Backups/May 08/Witch_Game/Content/3D_Assets/DimensionX/SM_SMALLSTONE_V2.ubulk" 2892
"C:/Users/hanna/Documents/SCHOOL_FILES/Spring 2025/Bachelor/Unreal_Engine_Backups/May 08/Witch_Game/Content/3D_Assets/DimensionX/SM_SMALLSTONE_V2.uasset" 2893
"C:/Users/hanna/Documents/SCHOOL_FILES/Spring 2025/Bachelor/Unreal_Engine_Backups/May 08/Witch_Game/Content/3D_Assets/DimensionX/SM_SMALLSTONE_V2.uexp" 2894
"C:/Users/hanna/Documents/SCHOOL_FILES/Spring 2025/Bachelor/Unreal_Engine_Backups/May 08/Witch_Game/Content/3D_Assets/DimensionX/SM_TALLSTONE_MOSS_V3.ubulk" 2895
"C:/Users/hanna/Documents/SCHOOL_FILES/Spring 2025/Bachelor/Unreal_Engine_Backups/May 08/Witch_Game/Content/3D_Assets/DimensionX/SM_TALLSTONE_MOSS_V3.uasset" 2896
"C:/Users/hanna/Documents/SCHOOL_FILES/Spring 2025/Bachelor/Unreal_Engine_Backups/May 08/Witch_Game/Content/3D_Assets/DimensionX/SM_TALLSTONE_MOSS_V3.uexp" 2897
"C:/Users/hanna/Documents/SCHOOL_FILES/Spring 2025/Bachelor/Unreal_Engine_Backups/May 08/Witch_Game/Content/3D_Assets/DimensionX/SM_SMALLSTONE_MOSS_V2.ubulk" 2898
"C:/Users/hanna/Documents/SCHOOL_FILES/Spring 2025/Bachelor/Unreal_Engine_Backups/May 08/Witch_Game/Content/3D_Assets/DimensionX/SM_SMALLSTONE_MOSS_V2.uasset" 2899
"C:/Users/hanna/Documents/SCHOOL_FILES/Spring 2025/Bachelor/Unreal_Engine_Backups/May 08/Witch_Game/Content/3D_Assets/DimensionX/SM_SMALLSTONE_MOSS_V2.uexp" 2900
"C:/Users/hanna/Documents/SCHOOL_FILES/Spring 2025/Bachelor/Unreal_Engine_Backups/May 08/Witch_Game/Content/3D_Assets/DimensionX/Materials/Textures/Skeleton_LowPoly_POSED_M_Skeleton_BaseColor.ubulk" 2901
"C:/Users/hanna/Documents/SCHOOL_FILES/Spring 2025/Bachelor/Unreal_Engine_Backups/May 08/Witch_Game/Content/3D_Assets/DimensionX/Materials/Textures/Skeleton_LowPoly_POSED_M_Skeleton_BaseColor.uasset" 2902
"C:/Users/hanna/Documents/SCHOOL_FILES/Spring 2025/Bachelor/Unreal_Engine_Backups/May 08/Witch_Game/Content/3D_Assets/DimensionX/Materials/Textures/Skeleton_LowPoly_POSED_M_Skeleton_BaseColor.uexp" 2903
"C:/Users/hanna/Documents/SCHOOL_FILES/Spring 2025/Bachelor/Unreal_Engine_Backups/May 08/Witch_Game/Content/3D_Assets/DimensionX/Materials/M_Skeleton.uasset" 2904
"C:/Users/hanna/Documents/SCHOOL_FILES/Spring 2025/Bachelor/Unreal_Engine_Backups/May 08/Witch_Game/Content/3D_Assets/DimensionX/Materials/M_Skeleton.uexp" 2905
"C:/Users/hanna/Documents/SCHOOL_FILES/Spring 2025/Bachelor/Unreal_Engine_Backups/May 08/Witch_Game/Content/3D_Assets/DimensionX/Skeleton_LowPoly_POSED.ubulk" 2906
"C:/Users/hanna/Documents/SCHOOL_FILES/Spring 2025/Bachelor/Unreal_Engine_Backups/May 08/Witch_Game/Content/3D_Assets/DimensionX/Skeleton_LowPoly_POSED.uasset" 2907
"C:/Users/hanna/Documents/SCHOOL_FILES/Spring 2025/Bachelor/Unreal_Engine_Backups/May 08/Witch_Game/Content/3D_Assets/DimensionX/Skeleton_LowPoly_POSED.uexp" 2908
"C:/Users/hanna/Documents/SCHOOL_FILES/Spring 2025/Bachelor/Unreal_Engine_Backups/May 08/Witch_Game/Content/3D_Assets/DimensionX/SM_TALLSTONE_MOSS_V2.ubulk" 2909
"C:/Users/hanna/Documents/SCHOOL_FILES/Spring 2025/Bachelor/Unreal_Engine_Backups/May 08/Witch_Game/Content/3D_Assets/DimensionX/SM_TALLSTONE_MOSS_V2.uasset" 2910
"C:/Users/hanna/Documents/SCHOOL_FILES/Spring 2025/Bachelor/Unreal_Engine_Backups/May 08/Witch_Game/Content/3D_Assets/DimensionX/SM_TALLSTONE_MOSS_V2.uexp" 2911
"C:/Users/hanna/Documents/SCHOOL_FILES/Spring 2025/Bachelor/Unreal_Engine_Backups/May 08/Witch_Game/Content/3D_Assets/DimensionX/SM_TALLSTONE_V3.ubulk" 2912
"C:/Users/hanna/Documents/SCHOOL_FILES/Spring 2025/Bachelor/Unreal_Engine_Backups/May 08/Witch_Game/Content/3D_Assets/DimensionX/SM_TALLSTONE_V3.uasset" 2913
"C:/Users/hanna/Documents/SCHOOL_FILES/Spring 2025/Bachelor/Unreal_Engine_Backups/May 08/Witch_Game/Content/3D_Assets/DimensionX/SM_TALLSTONE_V3.uexp" 2914
"C:/Users/hanna/Documents/SCHOOL_FILES/Spring 2025/Bachelor/Unreal_Engine_Backups/May 08/Witch_Game/Content/Interactable_Objects/BP_Interact_Grave.uasset" 2915
"C:/Users/hanna/Documents/SCHOOL_FILES/Spring 2025/Bachelor/Unreal_Engine_Backups/May 08/Witch_Game/Content/Interactable_Objects/BP_Interact_Grave.uexp" 2916
"C:/Users/hanna/Documents/SCHOOL_FILES/Spring 2025/Bachelor/Unreal_Engine_Backups/May 08/Witch_Game/Content/Levels/Level_DimensionX.uexp" 2917
"C:/Users/hanna/Documents/SCHOOL_FILES/Spring 2025/Bachelor/Unreal_Engine_Backups/May 08/Witch_Game/Content/Levels/Level_DimensionX.ubulk" 2918
"C:/Users/hanna/Documents/SCHOOL_FILES/Spring 2025/Bachelor/Unreal_Engine_Backups/May 08/Witch_Game/Content/Levels/Level_DimensionX.umap" 2919
"../../../Engine/Content/Maps/Entry_BuiltData.uasset" 2920
"../../../Engine/Content/Maps/Entry_BuiltData.uexp" 2921
"../../../Engine/Content/Maps/Entry.uexp" 2922
"../../../Engine/Content/Maps/Entry.umap" 2923
"C:/Users/hanna/Documents/SCHOOL_FILES/Spring 2025/Bachelor/Unreal_Engine_Backups/May 08/Witch_Game/Content/ThirdPerson/Blueprints/BP_ThirdPersonGameMode.uasset" 2924
"C:/Users/hanna/Documents/SCHOOL_FILES/Spring 2025/Bachelor/Unreal_Engine_Backups/May 08/Witch_Game/Content/ThirdPerson/Blueprints/BP_ThirdPersonGameMode.uexp" 2925
"C:/Users/hanna/Documents/SCHOOL_FILES/Spring 2025/Bachelor/Unreal_Engine_Backups/May 08/Witch_Game/Content/ThirdPerson/Maps/ThirdPersonMap.uexp" 2926
"C:/Users/hanna/Documents/SCHOOL_FILES/Spring 2025/Bachelor/Unreal_Engine_Backups/May 08/Witch_Game/Content/ThirdPerson/Maps/ThirdPersonMap.umap" 2927
